mole_ratio_0,mole_ratio_1,mole_ratio_2,mole_ratio_3,mole_ratio_4,mole_ratio_5,mole_ratio_6
0.188727508,0.811272492,0.0,0.0,0.0,0.0,0.0
0.204527321,0.795472679,0.0,0.0,0.0,0.0,0.0
0.2490111905,0.7509888095,0.0,0.0,0.0,0.0,0.0
0.1763355078,0.8236644922,0.0,0.0,0.0,0.0,0.0
0.1729963919,0.8270036081,0.0,0.0,0.0,0.0,0.0
0.2269479888,0.7730520112,0.0,0.0,0.0,0.0,0.0
0.2192282288,0.7807717712,0.0,0.0,0.0,0.0,0.0
0.1950542109,0.8049457891,0.0,0.0,0.0,0.0,0.0
0.1994046965,0.8005953035,0.0,0.0,0.0,0.0,0.0
0.2140433969,0.7859566031,0.0,0.0,0.0,0.0,0.0
0.2327887896,0.7672112104,0.0,0.0,0.0,0.0,0.0
0.1697169604,0.8302830396,0.0,0.0,0.0,0.0,0.0
0.180742205,0.819257795,0.0,0.0,0.0,0.0,0.0
0.2406907697,0.7593092303,0.0,0.0,0.0,0.0,0.0
0.2105016718,0.7894983282,0.0,0.0,0.0,0.0,0.0
0.1839439431,0.8160560569,0.0,0.0,0.0,0.0,0.0
0.1820268065,0.8179731935,0.0,0.0,0.0,0.0,0.0
0.2075341105,0.7924658895,0.0,0.0,0.0,0.0,0.0
0.2374227477,0.7625772523,0.0,0.0,0.0,0.0,0.0
0.1785288842,0.8214711158,0.0,0.0,0.0,0.0,0.0
0.1677613484,0.8322386516,0.0,0.0,0.0,0.0,0.0
0.2297791314,0.7702208686,0.0,0.0,0.0,0.0,0.0
0.2109369421,0.7890630579,0.0,0.0,0.0,0.0,0.0
0.1971898145,0.8028101855,0.0,0.0,0.0,0.0,0.0
0.1924838055,0.8075161945,0.0,0.0,0.0,0.0,0.0
0.2165565283,0.7834434717,0.0,0.0,0.0,0.0,0.0
0.2234639211,0.7765360789,0.0,0.0,0.0,0.0,0.0
0.1713171142,0.8286828858,0.0,0.0,0.0,0.0,0.0
0.1745769859,0.8254230141,0.0,0.0,0.0,0.0,0.0
0.2448506535,0.7551493465,0.0,0.0,0.0,0.0,0.0
0.2021735596,0.7978264404,0.0,0.0,0.0,0.0,0.0
0.1863356175,0.8136643825,0.0,0.0,0.0,0.0,0.0
0.1877390973,0.8122609027,0.0,0.0,0.0,0.0,0.0
0.2005913166,0.7994086834,0.0,0.0,0.0,0.0,0.0
0.2433450963,0.7566549037,0.0,0.0,0.0,0.0,0.0
0.1753278012,0.8246721988,0.0,0.0,0.0,0.0,0.0
0.1710998037,0.8289001963,0.0,0.0,0.0,0.0,0.0
0.2238004303,0.7761995697,0.0,0.0,0.0,0.0,0.0
0.2191094808,0.7808905192,0.0,0.0,0.0,0.0,0.0
0.1905462802,0.8094537198,0.0,0.0,0.0,0.0,0.0
0.1956869644,0.8043130356,0.0,0.0,0.0,0.0,0.0
0.2126385219,0.7873614781,0.0,0.0,0.0,0.0,0.0
0.2309671135,0.7690328865,0.0,0.0,0.0,0.0,0.0
0.1671490148,0.8328509852,0.0,0.0,0.0,0.0,0.0
0.1788253003,0.8211746997,0.0,0.0,0.0,0.0,0.0
0.2369672373,0.7630327627,0.0,0.0,0.0,0.0,0.0
0.2051207392,0.7948792608,0.0,0.0,0.0,0.0,0.0
0.1838846481,0.8161153519,0.0,0.0,0.0,0.0,0.0
0.1858216858,0.8141783142,0.0,0.0,0.0,0.0,0.0
0.208068247,0.791931753,0.0,0.0,0.0,0.0,0.0
0.2401757819,0.7598242181,0.0,0.0,0.0,0.0,0.0
0.181038646,0.818961354,0.0,0.0,0.0,0.0,0.0
0.1690848276,0.8309151724,0.0,0.0,0.0,0.0,0.0
0.2340561164,0.7659438836,0.0,0.0,0.0,0.0,0.0
0.2157649651,0.7842350349,0.0,0.0,0.0,0.0,0.0
0.1978819452,0.8021180548,0.0,0.0,0.0,0.0,0.0
0.193057182,0.806942818,0.0,0.0,0.0,0.0,0.0
0.2218804054,0.7781195946,0.0,0.0,0.0,0.0,0.0
0.2272449476,0.7727550524,0.0,0.0,0.0,0.0,0.0
0.2502792936,0.7497207064,0.0,0.0,0.0,0.0,0.0
0.1727790676,0.8272209324,0.0,0.0,0.0,0.0,0.0
0.1770863729,0.8229136271,0.0,0.0,0.0,0.0,0.0
0.2474855844,0.7525144156,0.0,0.0,0.0,0.0,0.0
0.2028855998,0.7971144002,0.0,0.0,0.0,0.0,0.0
0.1901904237,0.8098095763,0.0,0.0,0.0,0.0,0.0
0.1893601103,0.8106398897,0.0,0.0,0.0,0.0,0.0
0.2037954568,0.7962045432,0.0,0.0,0.0,0.0,0.0
0.2462572381,0.7537427619,0.0,0.0,0.0,0.0,0.0
0.1777384573,0.8222615427,0.0,0.0,0.0,0.0,0.0
0.1724827191,0.8275172809,0.0,0.0,0.0,0.0,0.0
0.2511709649,0.7488290351,0.0,0.0,0.0,0.0,0.0
0.2278388752,0.7721611248,0.0,0.0,0.0,0.0,0.0
0.2214251622,0.7785748378,0.0,0.0,0.0,0.0,0.0
0.1933537609,0.8066462391,0.0,0.0,0.0,0.0,0.0
0.1987125259,0.8012874741,0.0,0.0,0.0,0.0,0.0
0.2148349086,0.7851650914,0.0,0.0,0.0,0.0,0.0
0.2352640937,0.7647359063,0.0,0.0,0.0,0.0,0.0
0.168413203,0.831586797,0.0,0.0,0.0,0.0,0.0
0.1813153272,0.8186846728,0.0,0.0,0.0,0.0,0.0
0.2396608041,0.7603391959,0.0,0.0,0.0,0.0,0.0
0.208543044,0.791456956,0.0,0.0,0.0,0.0,0.0
0.1854658927,0.8145341073,0.0,0.0,0.0,0.0,0.0
0.1831533545,0.8168466455,0.0,0.0,0.0,0.0,0.0
0.2061097992,0.7938902008,0.0,0.0,0.0,0.0,0.0
0.2357987898,0.7642012102,0.0,0.0,0.0,0.0,0.0
0.1794576659,0.8205423341,0.0,0.0,0.0,0.0,0.0
0.1668329772,0.8331670228,0.0,0.0,0.0,0.0,0.0
0.2315215234,0.7684784766,0.0,0.0,0.0,0.0,0.0
0.2122625821,0.7877374179,0.0,0.0,0.0,0.0,0.0
0.1960428948,0.8039571052,0.0,0.0,0.0,0.0,0.0
0.1912777782,0.8087222218,0.0,0.0,0.0,0.0,0.0
0.2181199351,0.7818800649,0.0,0.0,0.0,0.0,0.0
0.224948553,0.775051447,0.0,0.0,0.0,0.0,0.0
0.1704478828,0.8295521172,0.0,0.0,0.0,0.0,0.0
0.1756044227,0.8243955773,0.0,0.0,0.0,0.0,0.0
0.242869675,0.757130325,0.0,0.0,0.0,0.0,0.0
0.2009868685,0.7990131315,0.0,0.0,0.0,0.0,0.0
0.1873437433,0.8126562567,0.0,0.0,0.0,0.0,0.0
0.1871263012,0.8128736988,0.0,0.0,0.0,0.0,0.0
0.2012835363,0.7987164637,0.0,0.0,0.0,0.0,0.0
0.2460591231,0.7539408769,0.0,0.0,0.0,0.0,0.0
0.173944737,0.826055263,0.0,0.0,0.0,0.0,0.0
0.1716134495,0.8283865505,0.0,0.0,0.0,0.0,0.0
0.2229096798,0.7770903202,0.0,0.0,0.0,0.0,0.0
0.2169918982,0.7830081018,0.0,0.0,0.0,0.0,0.0
0.1921674651,0.8078325349,0.0,0.0,0.0,0.0,0.0
0.1963790558,0.8036209442,0.0,0.0,0.0,0.0,0.0
0.2118470758,0.7881529242,0.0,0.0,0.0,0.0,0.0
0.228611001,0.771388999,0.0,0.0,0.0,0.0,0.0
0.1782719929,0.8217280071,0.0,0.0,0.0,0.0,0.0
0.2379574874,0.7620425126,0.0,0.0,0.0,0.0,0.0
0.2070593316,0.7929406684,0.0,0.0,0.0,0.0,0.0
0.1823627895,0.8176372105,0.0,0.0,0.0,0.0,0.0
0.1846950242,0.8153049758,0.0,0.0,0.0,0.0,0.0
0.2094926636,0.7905073364,0.0,0.0,0.0,0.0,0.0
0.2418990496,0.7581009504,0.0,0.0,0.0,0.0,0.0
0.1800702845,0.8199297155,0.0,0.0,0.0,0.0,0.0
0.1700527871,0.8299472129,0.0,0.0,0.0,0.0,0.0
0.2322343532,0.7677656468,0.0,0.0,0.0,0.0,0.0
0.214419362,0.785580638,0.0,0.0,0.0,0.0,0.0
0.1990289445,0.8009710555,0.0,0.0,0.0,0.0,0.0
0.1943028358,0.8056971642,0.0,0.0,0.0,0.0,0.0
0.2202574001,0.7797425999,0.0,0.0,0.0,0.0,0.0
0.225760187,0.774239813,0.0,0.0,0.0,0.0,0.0
0.1736483755,0.8263516245,0.0,0.0,0.0,0.0,0.0
0.1760391195,0.8239608805,0.0,0.0,0.0,0.0,0.0
0.24952635,0.75047365,0.0,0.0,0.0,0.0,0.0
0.2040921561,0.7959078439,0.0,0.0,0.0,0.0,0.0
0.1891228827,0.8108771173,0.0,0.0,0.0,0.0,0.0
0.1890240384,0.8109759616,0.0,0.0,0.0,0.0,0.0
0.2041910566,0.7958089434,0.0,0.0,0.0,0.0,0.0
0.249506536,0.750493464,0.0,0.0,0.0,0.0,0.0
0.1760786377,0.8239213623,0.0,0.0,0.0,0.0,0.0
0.1737076475,0.8262923525,0.0,0.0,0.0,0.0,0.0
0.2257403907,0.7742596093,0.0,0.0,0.0,0.0,0.0
0.2203761532,0.7796238468,0.0,0.0,0.0,0.0,0.0
0.1941644269,0.8058355731,0.0,0.0,0.0,0.0,0.0
0.1991080497,0.8008919503,0.0,0.0,0.0,0.0,0.0
0.2143797865,0.7856202135,0.0,0.0,0.0,0.0,0.0
0.2323729612,0.7676270388,0.0,0.0,0.0,0.0,0.0
0.1699342596,0.8300657404,0.0,0.0,0.0,0.0,0.0
0.1799714741,0.8200285259,0.0,0.0,0.0,0.0,0.0
0.2420377082,0.7579622918,0.0,0.0,0.0,0.0,0.0
0.1847345553,0.8152654447,0.0,0.0,0.0,0.0,0.0
0.1828173615,0.8171826385,0.0,0.0,0.0,0.0,0.0
0.2065252154,0.7934747846,0.0,0.0,0.0,0.0,0.0
0.2387695201,0.7612304799,0.0,0.0,0.0,0.0,0.0
0.1777779781,0.8222220219,0.0,0.0,0.0,0.0,0.0
0.1679983846,0.8320016154,0.0,0.0,0.0,0.0,0.0
0.2293435513,0.7706564487,0.0,0.0,0.0,0.0,0.0
0.2112930776,0.7887069224,0.0,0.0,0.0,0.0,0.0
0.1968734179,0.8031265821,0.0,0.0,0.0,0.0,0.0
0.1916336494,0.8083663506,0.0,0.0,0.0,0.0,0.0
0.2176449663,0.7823550337,0.0,0.0,0.0,0.0,0.0
0.2223158628,0.7776841372,0.0,0.0,0.0,0.0,0.0
0.1720085685,0.8279914315,0.0,0.0,0.0,0.0,0.0
0.1743596487,0.8256403513,0.0,0.0,0.0,0.0,0.0
0.2453062995,0.7546937005,0.0,0.0,0.0,0.0,0.0
0.2018571035,0.7981428965,0.0,0.0,0.0,0.0,0.0
0.1865925871,0.8134074129,0.0,0.0,0.0,0.0,0.0
0.1874821166,0.8125178834,0.0,0.0,0.0,0.0,0.0
0.20088798,0.79911202,0.0,0.0,0.0,0.0,0.0
0.2429092931,0.7570907069,0.0,0.0,0.0,0.0,0.0
0.1755451464,0.8244548536,0.0,0.0,0.0,0.0,0.0
0.1704281279,0.8295718721,0.0,0.0,0.0,0.0,0.0
0.2249683487,0.7750316513,0.0,0.0,0.0,0.0,0.0
0.2180011921,0.7819988079,0.0,0.0,0.0,0.0,0.0
0.1913964014,0.8086035986,0.0,0.0,0.0,0.0,0.0
0.1960033468,0.8039966532,0.0,0.0,0.0,0.0,0.0
0.2122823682,0.7877176318,0.0,0.0,0.0,0.0,0.0
0.2314027203,0.7685972797,0.0,0.0,0.0,0.0,0.0
0.1669317385,0.8330682615,0.0,0.0,0.0,0.0,0.0
0.1795762361,0.8204237639,0.0,0.0,0.0,0.0,0.0
0.2356601639,0.7643398361,0.0,0.0,0.0,0.0,0.0
0.2061295808,0.7938704192,0.0,0.0,0.0,0.0,0.0
0.1830940613,0.8169059387,0.0,0.0,0.0,0.0,0.0
0.1850112752,0.8149887248,0.0,0.0,0.0,0.0,0.0
0.2090772009,0.7909227991,0.0,0.0,0.0,0.0,0.0
0.2388487441,0.7611512559,0.0,0.0,0.0,0.0,0.0
0.181809408,0.818190592,0.0,0.0,0.0,0.0,0.0
0.1688675354,0.8311324646,0.0,0.0,0.0,0.0,0.0
0.2344719713,0.7655280287,0.0,0.0,0.0,0.0,0.0
0.2154087694,0.7845912306,0.0,0.0,0.0,0.0,0.0
0.1981785782,0.8018214218,0.0,0.0,0.0,0.0,0.0
0.1939271562,0.8060728438,0.0,0.0,0.0,0.0,0.0
0.2207126233,0.7792873767,0.0,0.0,0.0,0.0,0.0
0.2284922109,0.7715077891,0.0,0.0,0.0,0.0,0.0
0.2517654291,0.7482345709,0.0,0.0,0.0,0.0,0.0
0.1720678369,0.8279321631,0.0,0.0,0.0,0.0,0.0
0.1773234927,0.8226765073,0.0,0.0,0.0,0.0,0.0
0.2469902766,0.7530097234,0.0,0.0,0.0,0.0,0.0
0.2032020683,0.7967979317,0.0,0.0,0.0,0.0,0.0
0.1898938802,0.8101061198,0.0,0.0,0.0,0.0,0.0
0.2028262624,0.7971737376,0.0,0.0,0.0,0.0,0.0
0.2476638974,0.7523361026,0.0,0.0,0.0,0.0,0.0
0.1770073335,0.8229926665,0.0,0.0,0.0,0.0,0.0
0.172700041,0.827299959,0.0,0.0,0.0,0.0,0.0
0.2506954031,0.7493045969,0.0,0.0,0.0,0.0,0.0
0.227442922,0.772557078,0.0,0.0,0.0,0.0,0.0
0.2218012321,0.7781987679,0.0,0.0,0.0,0.0,0.0
0.1930769538,0.8069230462,0.0,0.0,0.0,0.0,0.0
0.1977830683,0.8022169317,0.0,0.0,0.0,0.0,0.0
0.2159430648,0.7840569352,0.0,0.0,0.0,0.0,0.0
0.2339571043,0.7660428957,0.0,0.0,0.0,0.0,0.0
0.1691045815,0.8308954185,0.0,0.0,0.0,0.0,0.0
0.1810584088,0.8189415912,0.0,0.0,0.0,0.0,0.0
0.2401163609,0.7598836391,0.0,0.0,0.0,0.0,0.0
0.2081869455,0.7918130545,0.0,0.0,0.0,0.0,0.0
0.1857426202,0.8142573798,0.0,0.0,0.0,0.0,0.0
0.1834102932,0.8165897068,0.0,0.0,0.0,0.0,0.0
0.205793296,0.794206704,0.0,0.0,0.0,0.0,0.0
0.236214672,0.763785328,0.0,0.0,0.0,0.0,0.0
0.1792205271,0.8207794729,0.0,0.0,0.0,0.0,0.0
0.1674848089,0.8325151911,0.0,0.0,0.0,0.0,0.0
0.2302939171,0.7697060829,0.0,0.0,0.0,0.0,0.0
0.2133112696,0.7866887304,0.0,0.0,0.0,0.0,0.0
0.1951530776,0.8048469224,0.0,0.0,0.0,0.0,0.0
0.1909812225,0.8090187775,0.0,0.0,0.0,0.0,0.0
0.2184959581,0.7815040419,0.0,0.0,0.0,0.0,0.0
0.2245328477,0.7754671523,0.0,0.0,0.0,0.0,0.0
0.1706849431,0.8293150569,0.0,0.0,0.0,0.0,0.0
0.1748931161,0.8251068839,0.0,0.0,0.0,0.0,0.0
0.2442761544,0.7557238456,0.0,0.0,0.0,0.0,0.0
0.200037554,0.799962446,0.0,0.0,0.0,0.0,0.0
0.1881739935,0.8118260065,0.0,0.0,0.0,0.0,0.0
0.1863158507,0.8136841493,0.0,0.0,0.0,0.0,0.0
0.2022526742,0.7977473258,0.0,0.0,0.0,0.0,0.0
0.2446327386,0.7553672614,0.0,0.0,0.0,0.0,0.0
0.1746560181,0.8253439819,0.0,0.0,0.0,0.0,0.0
0.171376381,0.828623619,0.0,0.0,0.0,0.0,0.0
0.2233055652,0.7766944348,0.0,0.0,0.0,0.0,0.0
0.2166158965,0.7833841035,0.0,0.0,0.0,0.0,0.0
0.1924640341,0.8075359659,0.0,0.0,0.0,0.0,0.0
0.1972689142,0.8027310858,0.0,0.0,0.0,0.0,0.0
0.2107984462,0.7892015538,0.0,0.0,0.0,0.0,0.0
0.2298385293,0.7701614707,0.0,0.0,0.0,0.0,0.0
0.1785091232,0.8214908768,0.0,0.0,0.0,0.0,0.0
0.2375217728,0.7624782272,0.0,0.0,0.0,0.0,0.0
0.2073758499,0.7926241501,0.0,0.0,0.0,0.0,0.0
0.1821256246,0.8178743754,0.0,0.0,0.0,0.0,0.0
0.1844183076,0.8155816924,0.0,0.0,0.0,0.0,0.0
0.2098487798,0.7901512202,0.0,0.0,0.0,0.0,0.0
0.2414236542,0.7585763458,0.0,0.0,0.0,0.0,0.0
0.1803469556,0.8196530444,0.0,0.0,0.0,0.0,0.0
0.1693613839,0.8306386161,0.0,0.0,0.0,0.0,0.0
0.2335214555,0.7664785445,0.0,0.0,0.0,0.0,0.0
0.2133310566,0.7866689434,0.0,0.0,0.0,0.0,0.0
0.1999782229,0.8000217771,0.0,0.0,0.0,0.0,0.0
0.1945994287,0.8054005713,0.0,0.0,0.0,0.0,0.0
0.2198813521,0.7801186479,0.0,0.0,0.0,0.0,0.0
0.226156115,0.773843885,0.0,0.0,0.0,0.0,0.0
0.1734310458,0.8265689542,0.0,0.0,0.0,0.0,0.0
0.1767702166,0.8232297834,0.0,0.0,0.0,0.0,0.0
0.2480799659,0.7519200341,0.0,0.0,0.0,0.0,0.0
0.2050613968,0.7949386032,0.0,0.0,0.0,0.0,0.0
0.1882926028,0.8117073972,0.0,0.0,0.0,0.0,0.0
0.1723499023,0.7544473584,0.0732027393,0.0,0.0,0.0,0.0
0.1666499513,0.5546842587,0.27866579,0.0,0.0,0.0,0.0
0.2045121743,0.5438419792,0.2516458465,0.0,0.0,0.0,0.0
0.2013582674,0.7418377089,0.05680402368,0.0,0.0,0.0,0.0
0.1471260283,0.6779104746,0.1749634972,0.0,0.0,0.0,0.0
0.2452218165,0.4832255823,0.2715526012,0.0,0.0,0.0,0.0
0.1636599484,0.8182885365,0.01805151503,0.0,0.0,0.0,0.0
0.1665246703,0.6318365744,0.2016387554,0.0,0.0,0.0,0.0
0.2418314116,0.677105984,0.0810626044,0.0,0.0,0.0,0.0
0.2116524918,0.6749368496,0.1134106585,0.0,0.0,0.0,0.0
0.1497502806,0.6018211063,0.2484286131,0.0,0.0,0.0,0.0
0.1872220874,0.7779840235,0.03479388907,0.0,0.0,0.0,0.0
0.2120498783,0.6519660256,0.1359840961,0.0,0.0,0.0,0.0
0.2024796591,0.5945132601,0.2030070808,0.0,0.0,0.0,0.0
0.1842141375,0.7197376832,0.09604817932,0.0,0.0,0.0,0.0
0.1522314112,0.7189446934,0.1288238954,0.0,0.0,0.0,0.0
0.1642065416,0.5826917623,0.2531016961,0.0,0.0,0.0,0.0
0.2106092867,0.5141522876,0.2752384257,0.0,0.0,0.0,0.0
0.2214147992,0.7676291261,0.01095607466,0.0,0.0,0.0,0.0
0.1524730507,0.6502724277,0.1972545215,0.0,0.0,0.0,0.0
0.186848685,0.8059060589,0.007245256058,0.0,0.0,0.0,0.0
0.1855565004,0.6297095159,0.1847339837,0.0,0.0,0.0,0.0
0.2332905717,0.6050931656,0.1616162627,0.0,0.0,0.0,0.0
0.1886871743,0.6836868969,0.1276259287,0.0,0.0,0.0,0.0
0.1287515648,0.6011327261,0.2701157092,0.0,0.0,0.0,0.0
0.1572561771,0.7564071904,0.08633663243,0.0,0.0,0.0,0.0
0.1400137843,0.5578363313,0.3021498844,0.0,0.0,0.0,0.0
0.2460192746,0.7346374666,0.01934325878,0.0,0.0,0.0,0.0
0.2601221448,0.527641482,0.2122363732,0.0,0.0,0.0,0.0
0.2385747877,0.7164993367,0.0449258756,0.0,0.0,0.0,0.0
0.1616378775,0.6796793232,0.1586827993,0.0,0.0,0.0,0.0
0.1760771032,0.720165946,0.1037569508,0.0,0.0,0.0,0.0
0.1879226278,0.5900065322,0.22207084,0.0,0.0,0.0,0.0
0.1809527384,0.5196000326,0.299447229,0.0,0.0,0.0,0.0
0.2005260944,0.7711764175,0.02829748813,0.0,0.0,0.0,0.0
0.1303294542,0.6415160803,0.2281544656,0.0,0.0,0.0,0.0
0.1708057538,0.774203353,0.05499089312,0.0,0.0,0.0,0.0
0.1765148288,0.6598097522,0.1636754189,0.0,0.0,0.0,0.0
0.238132368,0.6506465897,0.1112210424,0.0,0.0,0.0,0.0
0.2524904838,0.5684392473,0.1790702689,0.0,0.0,0.0,0.0
0.2163891708,0.7098517652,0.07375906398,0.0,0.0,0.0,0.0
0.1289656948,0.5739759631,0.2970583421,0.0,0.0,0.0,0.0
0.1698816899,0.7640690064,0.06604930374,0.0,0.0,0.0,0.0
0.192544866,0.6345739438,0.1728811903,0.0,0.0,0.0,0.0
0.2222883085,0.6038435533,0.1738681381,0.0,0.0,0.0,0.0
0.1994071714,0.7360173255,0.06457550314,0.0,0.0,0.0,0.0
0.1302856853,0.5884394572,0.2812748574,0.0,0.0,0.0,0.0
0.1507719114,0.7351052712,0.1141228175,0.0,0.0,0.0,0.0
0.1575488015,0.6034498759,0.2390013226,0.0,0.0,0.0,0.0
0.2503653109,0.7072294787,0.04240521047,0.0,0.0,0.0,0.0
0.2302731622,0.496733936,0.2729929018,0.0,0.0,0.0,0.0
0.2337701534,0.7448479061,0.02138194054,0.0,0.0,0.0,0.0
0.1540441806,0.6324896771,0.2134661422,0.0,0.0,0.0,0.0
0.1731833561,0.7309397362,0.09587690777,0.0,0.0,0.0,0.0
0.1713910762,0.5227931559,0.305815768,0.0,0.0,0.0,0.0
0.1988527352,0.5844959868,0.216651278,0.0,0.0,0.0,0.0
0.1937248286,0.7688705484,0.03740462297,0.0,0.0,0.0,0.0
0.1476939884,0.7033975599,0.1489084516,0.0,0.0,0.0,0.0
0.1745617048,0.8122990154,0.01313927978,0.0,0.0,0.0,0.0
0.1759862287,0.6294245995,0.1945891718,0.0,0.0,0.0,0.0
0.2469189754,0.6010134874,0.1520675372,0.0,0.0,0.0,0.0
0.1997662681,0.6810122298,0.1192215021,0.0,0.0,0.0,0.0
0.1383653189,0.6032180345,0.2584166466,0.0,0.0,0.0,0.0
0.1619717055,0.6983427935,0.139685501,0.0,0.0,0.0,0.0
0.1633671344,0.5688574117,0.267775454,0.0,0.0,0.0,0.0
0.2091678913,0.5292926179,0.2615394908,0.0,0.0,0.0,0.0
0.1426210057,0.6712523773,0.186126617,0.0,0.0,0.0,0.0
0.1647329365,0.7931234054,0.04214365808,0.0,0.0,0.0,0.0
0.1737538292,0.6761357454,0.1501104254,0.0,0.0,0.0,0.0
0.2291475644,0.6620299642,0.1088224715,0.0,0.0,0.0,0.0
0.2648703797,0.555120816,0.1800088043,0.0,0.0,0.0,0.0
0.2219742423,0.6928884267,0.08513733095,0.0,0.0,0.0,0.0
0.1324712849,0.5525181947,0.3150105204,0.0,0.0,0.0,0.0
0.1932143487,0.7795035599,0.02728209143,0.0,0.0,0.0,0.0
0.1865955494,0.6038535877,0.2095508628,0.0,0.0,0.0,0.0
0.2316502163,0.6378275571,0.1305222266,0.0,0.0,0.0,0.0
0.1871786598,0.707249626,0.1055717142,0.0,0.0,0.0,0.0
0.127559757,0.6317394099,0.2407008331,0.0,0.0,0.0,0.0
0.1644692313,0.7551667985,0.08036397014,0.0,0.0,0.0,0.0
0.1526201991,0.5551748496,0.2922049513,0.0,0.0,0.0,0.0
0.2261522017,0.5367441701,0.2371036282,0.0,0.0,0.0,0.0
0.2187576612,0.7315499823,0.04969235652,0.0,0.0,0.0,0.0
0.1537445995,0.6802489088,0.1660064917,0.0,0.0,0.0,0.0
0.1809097948,0.7985817494,0.02050845577,0.0,0.0,0.0,0.0
0.1823526535,0.6135473235,0.204100023,0.0,0.0,0.0,0.0
0.2348283919,0.6181854278,0.1469861803,0.0,0.0,0.0,0.0
0.1907201137,0.696194926,0.1130849603,0.0,0.0,0.0,0.0
0.1353700612,0.619100966,0.2455289728,0.0,0.0,0.0,0.0
0.1557393635,0.7730705529,0.07119008365,0.0,0.0,0.0,0.0
0.1521787159,0.5718896875,0.2759315966,0.0,0.0,0.0,0.0
0.2356216959,0.5289494911,0.235428813,0.0,0.0,0.0,0.0
0.2229326516,0.7186118806,0.05845546779,0.0,0.0,0.0,0.0
0.1625972806,0.6590302905,0.1783724289,0.0,0.0,0.0,0.0
0.1692359994,0.7079839665,0.1227800341,0.0,0.0,0.0,0.0
0.1852590669,0.574769544,0.2399713891,0.0,0.0,0.0,0.0
0.1853930271,0.5380283499,0.276578623,0.0,0.0,0.0,0.0
0.2020385096,0.7839957009,0.01396578954,0.0,0.0,0.0,0.0
0.1357848754,0.6564961456,0.207718979,0.0,0.0,0.0,0.0
0.1688064713,0.7923341112,0.03885941745,0.0,0.0,0.0,0.0
0.1889279354,0.6649582464,0.1461138181,0.0,0.0,0.0,0.0
0.2577187817,0.6469256577,0.09535556063,0.0,0.0,0.0,0.0
0.2295624832,0.5682312232,0.2022062936,0.0,0.0,0.0,0.0
0.2024399263,0.7070599306,0.09050014316,0.0,0.0,0.0,0.0
0.1289066584,0.5531023266,0.3179910151,0.0,0.0,0.0,0.0
0.1700427441,0.7394988296,0.09045842635,0.0,0.0,0.0,0.0
0.158007241,0.5418773197,0.3001154392,0.0,0.0,0.0,0.0
0.2161307712,0.5549591116,0.2289101172,0.0,0.0,0.0,0.0
0.2088100953,0.7494746096,0.04171529508,0.0,0.0,0.0,0.0
0.1495709457,0.6931733226,0.1572557318,0.0,0.0,0.0,0.0
0.1646318425,0.6499283433,0.1854398142,0.0,0.0,0.0,0.0
0.2352889629,0.6959877828,0.06872325429,0.0,0.0,0.0,0.0
0.215696685,0.6550957795,0.1292075356,0.0,0.0,0.0,0.0
0.1390450955,0.5894082896,0.271546615,0.0,0.0,0.0,0.0
0.1858231005,0.7653336135,0.04884328598,0.0,0.0,0.0,0.0
0.2027567993,0.6422972879,0.1549459128,0.0,0.0,0.0,0.0
0.2124882562,0.6028059858,0.1847057579,0.0,0.0,0.0,0.0
0.1905876524,0.7279687954,0.08144355214,0.0,0.0,0.0,0.0
0.1613987268,0.726981107,0.1116201663,0.0,0.0,0.0,0.0
0.1627867541,0.6039486947,0.2332645512,0.0,0.0,0.0,0.0
0.215877194,0.4933239833,0.2907988227,0.0,0.0,0.0,0.0
0.2269629893,0.7505652722,0.02247173849,0.0,0.0,0.0,0.0
0.1422834794,0.6370144361,0.2207020845,0.0,0.0,0.0,0.0
0.1614051515,0.7201238741,0.1184709745,0.0,0.0,0.0,0.0
0.1791298845,0.5840417553,0.2368283602,0.0,0.0,0.0,0.0
0.1891097143,0.5187248009,0.2921654847,0.0,0.0,0.0,0.0
0.2079412025,0.7746664709,0.01739232659,0.0,0.0,0.0,0.0
0.141836885,0.6455343027,0.2126288123,0.0,0.0,0.0,0.0
0.2606209182,0.5038229873,0.2355560945,0.0,0.0,0.0,0.0
0.158786529,0.779961641,0.06125182992,0.0,0.0,0.0,0.0
0.1697975985,0.6564914937,0.1737109078,0.0,0.0,0.0,0.0
0.2259263944,0.6444829839,0.1295906217,0.0,0.0,0.0,0.0
0.2245283436,0.7077335852,0.06773807116,0.0,0.0,0.0,0.0
0.141515332,0.5762484829,0.2822361851,0.0,0.0,0.0,0.0
0.1910288688,0.8008379497,0.008133181461,0.0,0.0,0.0,0.0
0.20273099,0.6125820098,0.1846870002,0.0,0.0,0.0,0.0
0.2125855308,0.6321150217,0.1552994476,0.0,0.0,0.0,0.0
0.1744404963,0.6967816449,0.1287778587,0.0,0.0,0.0,0.0
0.1267648174,0.6070505504,0.2661846321,0.0,0.0,0.0,0.0
0.1577940282,0.7386513683,0.1035546035,0.0,0.0,0.0,0.0
0.1478237761,0.5328853291,0.3192908948,0.0,0.0,0.0,0.0
0.2319612738,0.556781803,0.2112569232,0.0,0.0,0.0,0.0
0.2210789377,0.7478355569,0.03108550543,0.0,0.0,0.0,0.0
0.1607545433,0.6965158064,0.1427296503,0.0,0.0,0.0,0.0
0.1811515134,0.7745264571,0.04432202954,0.0,0.0,0.0,0.0
0.1905154986,0.6565196477,0.1529648538,0.0,0.0,0.0,0.0
0.259760949,0.6389831731,0.1012558779,0.0,0.0,0.0,0.0
0.2260597515,0.5780688365,0.195871412,0.0,0.0,0.0,0.0
0.2019175269,0.7138458496,0.08423662352,0.0,0.0,0.0,0.0
0.1198708358,0.5682380283,0.3118911359,0.0,0.0,0.0,0.0
0.1473006616,0.7144994888,0.1381998496,0.0,0.0,0.0,0.0
0.1492133445,0.5860600048,0.2647266507,0.0,0.0,0.0,0.0
0.2401837801,0.7008287414,0.05898747845,0.0,0.0,0.0,0.0
0.2466906487,0.5106313238,0.2426780276,0.0,0.0,0.0,0.0
0.2436429422,0.7521803704,0.004176687418,0.0,0.0,0.0,0.0
0.1578154193,0.6527262595,0.1894583212,0.0,0.0,0.0,0.0
0.1847119752,0.7399786658,0.07530935904,0.0,0.0,0.0,0.0
0.1714417909,0.5499350218,0.2786231873,0.0,0.0,0.0,0.0
0.2012570193,0.5609239496,0.237819031,0.0,0.0,0.0,0.0
0.196863146,0.7490602934,0.05407656051,0.0,0.0,0.0,0.0
0.1378852091,0.6866083021,0.1755064888,0.0,0.0,0.0,0.0
0.172381223,0.7964603174,0.03115845966,0.0,0.0,0.0,0.0
0.1668560092,0.6116392196,0.2215047712,0.0,0.0,0.0,0.0
0.2480326881,0.664488369,0.08747894297,0.0,0.0,0.0,0.0
0.2602968361,0.6088088896,0.1308942743,0.0,0.0,0.0,0.0
0.2086154363,0.6920934059,0.0992911578,0.0,0.0,0.0,0.0
0.1427864356,0.6279946643,0.2292189001,0.0,0.0,0.0,0.0
0.1782781651,0.78506983,0.03665200485,0.0,0.0,0.0,0.0
0.1984000134,0.6602658666,0.14133412,0.0,0.0,0.0,0.0
0.2145203758,0.575928228,0.2095513962,0.0,0.0,0.0,0.0
0.1943797852,0.7112714464,0.09434876837,0.0,0.0,0.0,0.0
0.1205686099,0.5559571836,0.3234742066,0.0,0.0,0.0,0.0
0.1460890527,0.7259308075,0.1279801398,0.0,0.0,0.0,0.0
0.1558684173,0.5921736937,0.251957889,0.0,0.0,0.0,0.0
0.2501667761,0.6989266849,0.05090653897,0.0,0.0,0.0,0.0
0.2330225172,0.5098240869,0.2571533959,0.0,0.0,0.0,0.0
0.2344834552,0.7543595667,0.01115697802,0.0,0.0,0.0,0.0
0.1595566887,0.6401373973,0.200305914,0.0,0.0,0.0,0.0
0.1819364213,0.7506722102,0.06739136846,0.0,0.0,0.0,0.0
0.1804525702,0.5561502488,0.263397181,0.0,0.0,0.0,0.0
0.1913218758,0.5562712163,0.2524069079,0.0,0.0,0.0,0.0
0.1896863762,0.7468082132,0.06350541057,0.0,0.0,0.0,0.0
0.1391351295,0.6757892578,0.1850756127,0.0,0.0,0.0,0.0
0.2730558714,0.4699115851,0.2570325435,0.0,0.0,0.0,0.0
0.1700989201,0.8073655872,0.02253549272,0.0,0.0,0.0,0.0
0.1738747376,0.6164676874,0.209657575,0.0,0.0,0.0,0.0
0.2477643789,0.6107261126,0.1415095085,0.0,0.0,0.0,0.0
0.2007491922,0.6905565255,0.1086942823,0.0,0.0,0.0,0.0
0.1441529221,0.6149893977,0.2408576802,0.0,0.0,0.0,0.0
0.1667551558,0.7243410891,0.1089037551,0.0,0.0,0.0,0.0
0.1763901817,0.5976439129,0.2259659055,0.0,0.0,0.0,0.0
0.1921409175,0.5043315005,0.303527582,0.0,0.0,0.0,0.0
0.212052356,0.7624486984,0.02549894565,0.0,0.0,0.0,0.0
0.1366798535,0.6390414383,0.2242787082,0.0,0.0,0.0,0.0
0.1639481561,0.784330126,0.05172171788,0.0,0.0,0.0,0.0
0.1675585146,0.6677203539,0.1647211315,0.0,0.0,0.0,0.0
0.2204366254,0.6574743144,0.1220890602,0.0,0.0,0.0,0.0
0.2296243833,0.6953646931,0.07501092358,0.0,0.0,0.0,0.0
0.1350922431,0.5675728406,0.2973349163,0.0,0.0,0.0,0.0
0.1992305643,0.6259054478,0.1748639879,0.0,0.0,0.0,0.0
0.2171621071,0.6183654047,0.1644724882,0.0,0.0,0.0,0.0
0.1768048387,0.6847012202,0.1384939411,0.0,0.0,0.0,0.0
0.1217720223,0.5992900646,0.2789379131,0.0,0.0,0.0,0.0
0.1630617319,0.7437559242,0.09318234381,0.0,0.0,0.0,0.0
0.1462216126,0.5454857696,0.3082926178,0.0,0.0,0.0,0.0
0.2380526217,0.5428343499,0.2191130284,0.0,0.0,0.0,0.0
0.2262685188,0.7355479779,0.03818350323,0.0,0.0,0.0,0.0
0.1550194836,0.6906607001,0.1543198163,0.0,0.0,0.0,0.0
0.1645661065,0.7357697174,0.09966417604,0.0,0.0,0.0,0.0
0.1600017149,0.5276242054,0.3123740797,0.0,0.0,0.0,0.0
0.2116230212,0.5692779426,0.2190990362,0.0,0.0,0.0,0.0
0.2049975979,0.7615608274,0.03344157478,0.0,0.0,0.0,0.0
0.1546967963,0.6983348443,0.1469683594,0.0,0.0,0.0,0.0
0.2581613779,0.4843807343,0.2574578878,0.0,0.0,0.0,0.0
0.1675144194,0.8217138201,0.01077176048,0.0,0.0,0.0,0.0
0.1668838081,0.6384524063,0.1946637855,0.0,0.0,0.0,0.0
0.2411918333,0.6830424366,0.0757657301,0.0,0.0,0.0,0.0
0.2113413131,0.6673001599,0.121358527,0.0,0.0,0.0,0.0
0.14527912,0.5975795203,0.2571413597,0.0,0.0,0.0,0.0
0.1796404869,0.7631854695,0.05717404364,0.0,0.0,0.0,0.0
0.2066198384,0.6289254903,0.1644546712,0.0,0.0,0.0,0.0
0.2079043038,0.6167951589,0.1753005373,0.0,0.0,0.0,0.0
0.1878297723,0.7396414327,0.07252879502,0.0,0.0,0.0,0.0
0.1227353322,0.5852591949,0.2920054729,0.0,0.0,0.0,0.0
0.1559309305,0.7216463567,0.1224227127,0.0,0.0,0.0,0.0
0.1652917448,0.5917510413,0.2429572139,0.0,0.0,0.0,0.0
0.2106155222,0.5074098555,0.2819746223,0.0,0.0,0.0,0.0
0.221992175,0.7625561279,0.01545169705,0.0,0.0,0.0,0.0
0.1478514394,0.6445388608,0.2076096998,0.0,0.0,0.0,0.0
0.1840081526,0.7879687822,0.02802306517,0.0,0.0,0.0,0.0
0.1744181005,0.6081435911,0.2174383083,0.0,0.0,0.0,0.0
0.2470700986,0.6177797503,0.1351501511,0.0,0.0,0.0,0.0
0.1981060834,0.6993704044,0.1025235122,0.0,0.0,0.0,0.0
0.1341821107,0.6306298234,0.2351880659,0.0,0.0,0.0,0.0
0.1574055779,0.762052323,0.08054209909,0.0,0.0,0.0,0.0
0.1453151491,0.565354685,0.289330166,0.0,0.0,0.0,0.0
0.2492298157,0.5290959298,0.2216742545,0.0,0.0,0.0,0.0
0.2317711634,0.7179518587,0.05027697798,0.0,0.0,0.0,0.0
0.1608631058,0.6712985468,0.1678383474,0.0,0.0,0.0,0.0
0.1716889071,0.6969473108,0.1313637822,0.0,0.0,0.0,0.0
0.1761264131,0.5693118951,0.2545616918,0.0,0.0,0.0,0.0
0.1955325468,0.5432616534,0.2612057998,0.0,0.0,0.0,0.0
0.2091982998,0.7850428775,0.005758822757,0.0,0.0,0.0,0.0
0.134752813,0.667439377,0.1978078101,0.0,0.0,0.0,0.0
0.1711459859,0.7811913175,0.04766269662,0.0,0.0,0.0,0.0
0.1816472607,0.6618444587,0.1565082806,0.0,0.0,0.0,0.0
0.2460823979,0.6491611721,0.10475643,0.0,0.0,0.0,0.0
0.2422018559,0.5680990984,0.1896990457,0.0,0.0,0.0,0.0
0.2099533216,0.708492214,0.08155446435,0.0,0.0,0.0,0.0
0.1282609174,0.5668703749,0.3048687077,0.0,0.0,0.0,0.0
0.1602984046,0.7101141007,0.1295874947,0.0,0.0,0.0,0.0
0.1711867837,0.574242251,0.2545709653,0.0,0.0,0.0,0.0
0.1985493667,0.52586916,0.2755814733,0.0,0.0,0.0,0.0
0.2140999605,0.777417809,0.008482230526,0.0,0.0,0.0,0.0
0.1438134214,0.6590572323,0.1971293463,0.0,0.0,0.0,0.0
0.269177219,0.5286680604,0.2021547206,0.0,0.0,0.0,0.0
0.1624959262,0.8031342804,0.03436979334,0.0,0.0,0.0,0.0
0.1804402704,0.6808681493,0.1386915803,0.0,0.0,0.0,0.0
0.2398745385,0.6618669354,0.09825852607,0.0,0.0,0.0,0.0
0.2500655862,0.5560465304,0.1938878833,0.0,0.0,0.0,0.0
0.2131088734,0.6915745768,0.09531654974,0.0,0.0,0.0,0.0
0.1336181026,0.539923285,0.3264586124,0.0,0.0,0.0,0.0
0.1901238046,0.791003505,0.01887269044,0.0,0.0,0.0,0.0
0.1949376159,0.6073705329,0.1976918512,0.0,0.0,0.0,0.0
0.221478161,0.6377215661,0.140800273,0.0,0.0,0.0,0.0
0.1805852014,0.7043978632,0.1150169355,0.0,0.0,0.0,0.0
0.1283694136,0.6189145128,0.2527160736,0.0,0.0,0.0,0.0
0.1624296396,0.7653435282,0.07222683215,0.0,0.0,0.0,0.0
0.160227158,0.5626826642,0.2770901779,0.0,0.0,0.0,0.0
0.214011007,0.5336552668,0.2523337262,0.0,0.0,0.0,0.0
0.2102508707,0.7307818248,0.05896730445,0.0,0.0,0.0,0.0
0.1555425649,0.6691641695,0.1752932656,0.0,0.0,0.0,0.0
0.175708797,0.7678553949,0.05643580809,0.0,0.0,0.0,0.0
0.1893490844,0.6464288715,0.164222044,0.0,0.0,0.0,0.0
0.2593921087,0.6298189783,0.110788913,0.0,0.0,0.0,0.0
0.22803749,0.5903447463,0.1816177637,0.0,0.0,0.0,0.0
0.2031734049,0.7247045179,0.07212207715,0.0,0.0,0.0,0.0
0.1246719703,0.5792616018,0.296066428,0.0,0.0,0.0,0.0
0.1555015444,0.739796071,0.1047023845,0.0,0.0,0.0,0.0
0.1557623694,0.6165345561,0.2277030745,0.0,0.0,0.0,0.0
0.2444855139,0.7208872193,0.03462726681,0.0,0.0,0.0,0.0
0.2360163367,0.4812431575,0.2827405058,0.0,0.0,0.0,0.0
0.2393188834,0.7314253011,0.02925581555,0.0,0.0,0.0,0.0
0.1481217857,0.6265446158,0.2253335985,0.0,0.0,0.0,0.0
0.1792765247,0.7350845872,0.08563888808,0.0,0.0,0.0,0.0
0.168698736,0.535817708,0.295483556,0.0,0.0,0.0,0.0
0.2028250303,0.5717683061,0.2254066635,0.0,0.0,0.0,0.0
0.1974778942,0.75769567,0.04482643582,0.0,0.0,0.0,0.0
0.142633635,0.6967987006,0.1605676644,0.0,0.0,0.0,0.0
0.1798969818,0.8144211265,0.005681891699,0.0,0.0,0.0,0.0
0.1737196597,0.6421218696,0.1841584707,0.0,0.0,0.0,0.0
0.253424649,0.6867962836,0.05977906746,0.0,0.0,0.0,0.0
0.2537872114,0.5857982737,0.1604145149,0.0,0.0,0.0,0.0
0.2033099309,0.668242553,0.1284475161,0.0,0.0,0.0,0.0
0.1327000629,0.5960381594,0.2712617778,0.0,0.0,0.0,0.0
0.1807612846,0.8034878743,0.01575084104,0.0,0.0,0.0,0.0
0.188794742,0.6175878268,0.1936174312,0.0,0.0,0.0,0.0
0.2270311677,0.6188224913,0.154146341,0.0,0.0,0.0,0.0
0.1856348269,0.6949633232,0.1194018499,0.0,0.0,0.0,0.0
0.1342269904,0.6098104316,0.255962578,0.0,0.0,0.0,0.0
0.1524921653,0.7520943621,0.09541347258,0.0,0.0,0.0,0.0
0.141186946,0.5439621833,0.3148508707,0.0,0.0,0.0,0.0
0.2516948992,0.7212964006,0.02700870014,0.0,0.0,0.0,0.0
0.2527192606,0.5434719599,0.2038087795,0.0,0.0,0.0,0.0
0.2332243247,0.7298424691,0.03693320615,0.0,0.0,0.0,0.0
0.1675067198,0.6842463923,0.1482468879,0.0,0.0,0.0,0.0
0.1698547045,0.7157142285,0.114431067,0.0,0.0,0.0,0.0
0.1917832727,0.5771290811,0.2310876463,0.0,0.0,0.0,0.0
0.177803803,0.5326711419,0.2895250551,0.0,0.0,0.0,0.0
0.1968172269,0.7821543125,0.02102846061,0.0,0.0,0.0,0.0
0.1352293912,0.6497075682,0.2150630406,0.0,0.0,0.0,0.0
0.1653932857,0.7711700869,0.06343662734,0.0,0.0,0.0,0.0
0.1790679349,0.6471756467,0.1737564185,0.0,0.0,0.0,0.0
0.2442850332,0.6362232971,0.1194916697,0.0,0.0,0.0,0.0
0.2452663222,0.5840597319,0.1706739459,0.0,0.0,0.0,0.0
0.2125112693,0.7222613649,0.06522736581,0.0,0.0,0.0,0.0
0.1345618085,0.5817403754,0.2836978161,0.0,0.0,0.0,0.0
0.1745953961,0.7429988447,0.0824057592,0.0,0.0,0.0,0.0
0.1586259594,0.5488433123,0.2925307283,0.0,0.0,0.0,0.0
0.2153879014,0.5464212811,0.2381908176,0.0,0.0,0.0,0.0
0.2087002382,0.7426431115,0.04865665034,0.0,0.0,0.0,0.0
0.1459111834,0.6897928821,0.1642959345,0.0,0.0,0.0,0.0
0.2529778076,0.4681395259,0.2788826665,0.0,0.0,0.0,0.0
0.1660389086,0.8083078749,0.02565321645,0.0,0.0,0.0,0.0
0.1597621504,0.6255963996,0.21464145,0.0,0.0,0.0,0.0
0.2315152523,0.6774151314,0.09106961628,0.0,0.0,0.0,0.0
0.2205070838,0.6767179245,0.1027749917,0.0,0.0,0.0,0.0
0.1480607956,0.6136945204,0.2382446841,0.0,0.0,0.0,0.0
0.1903702343,0.7662417721,0.04338799363,0.0,0.0,0.0,0.0
0.2033332227,0.650337909,0.1463288683,0.0,0.0,0.0,0.0
0.2125345546,0.5963965695,0.191068876,0.0,0.0,0.0,0.0
0.1906539882,0.7223292336,0.08701677821,0.0,0.0,0.0,0.0
0.1540212811,0.7083105598,0.1376681592,0.0,0.0,0.0,0.0
0.1565534889,0.5758060685,0.2676404425,0.0,0.0,0.0,0.0
0.2233498544,0.5175524657,0.2590976799,0.0,0.0,0.0,0.0
0.2297976491,0.7672658466,0.002936504317,0.0,0.0,0.0,0.0
0.1509059655,0.6614387405,0.187655294,0.0,0.0,0.0,0.0
0.1224883199,0.5472266897,0.0,0.3302849904,0.0,0.0,0.0
0.2268045601,0.5597156854,0.0,0.2134797545,0.0,0.0,0.0
0.2016483821,0.6431915851,0.0,0.1551600328,0.0,0.0,0.0
0.2030154162,0.7541196022,0.0,0.04286498159,0.0,0.0,0.0
0.1820398994,0.5360129347,0.0,0.281947166,0.0,0.0,0.0
0.1338050415,0.6615331917,0.0,0.2046617669,0.0,0.0,0.0
0.1552212882,0.735646844,0.0,0.1091318678,0.0,0.0,0.0
0.137483995,0.5468135532,0.0,0.3157024518,0.0,0.0,0.0
0.1676451818,0.5843707925,0.0,0.2479840257,0.0,0.0,0.0
0.1808299714,0.7650900311,0.0,0.05407999741,0.0,0.0,0.0
0.1561294729,0.6288567515,0.0,0.2150137756,0.0,0.0,0.0
0.1771389762,0.6684888744,0.0,0.1543721494,0.0,0.0,0.0
0.2136776269,0.5353943577,0.0,0.2509280155,0.0,0.0,0.0
0.1164807181,0.5248509354,0.0,0.3586683465,0.0,0.0,0.0
0.1577621391,0.7577102226,0.0,0.08452763827,0.0,0.0,0.0
0.2183311001,0.6119622137,0.0,0.1697066861,0.0,0.0,0.0
0.1667497703,0.5906159359,0.0,0.2426342938,0.0,0.0,0.0
0.181633386,0.553899438,0.0,0.264467176,0.0,0.0,0.0
0.1652721375,0.7101967011,0.0,0.1245311614,0.0,0.0,0.0
0.182996371,0.8005698967,0.0,0.01643373224,0.0,0.0,0.0
0.1907736187,0.5907475133,0.0,0.218478868,0.0,0.0,0.0
0.142636364,0.5163668863,0.0,0.3409967498,0.0,0.0,0.0
0.144856178,0.7025448846,0.0,0.1525989374,0.0,0.0,0.0
0.1356030384,0.621575574,0.0,0.2428213876,0.0,0.0,0.0
0.195779942,0.505794409,0.0,0.298425649,0.0,0.0,0.0
0.1925268029,0.7356537745,0.0,0.0718194226,0.0,0.0,0.0
0.2001370429,0.6663638684,0.0,0.1334990887,0.0,0.0,0.0
0.1395151225,0.5684734819,0.0,0.2920113955,0.0,0.0,0.0
0.1585280308,0.663353933,0.0,0.1781180362,0.0,0.0,0.0
0.1513798236,0.5158840166,0.0,0.3327361598,0.0,0.0,0.0
0.1646163409,0.646907665,0.0,0.1884759941,0.0,0.0,0.0
0.1704553682,0.7945606887,0.0,0.03498394313,0.0,0.0,0.0
0.1159579294,0.567856436,0.0,0.3161856346,0.0,0.0,0.0
0.2060125573,0.5968856275,0.0,0.1971018152,0.0,0.0,0.0
0.1949058584,0.7087914604,0.0,0.09630268117,0.0,0.0,0.0
0.2259284755,0.7100078541,0.0,0.06406367043,0.0,0.0,0.0
0.1972693095,0.4714607325,0.0,0.3312699579,0.0,0.0,0.0
0.1353485846,0.5941818482,0.0,0.2704695672,0.0,0.0,0.0
0.1582582475,0.6991618647,0.0,0.1425798879,0.0,0.0,0.0
0.1584401025,0.503595757,0.0,0.3379641405,0.0,0.0,0.0
0.1678312835,0.6161984026,0.0,0.2159703139,0.0,0.0,0.0
0.2291671932,0.6701180348,0.0,0.1007147719,0.0,0.0,0.0
0.1656178471,0.8154931523,0.0,0.01888900063,0.0,0.0,0.0
0.1248346469,0.5776430008,0.0,0.2975223524,0.0,0.0,0.0
0.2250120275,0.5911114678,0.0,0.1838765047,0.0,0.0,0.0
0.1781169508,0.6951662133,0.0,0.1267168359,0.0,0.0,0.0
0.2111573382,0.7137274212,0.0,0.07511524054,0.0,0.0,0.0
0.223760787,0.480729707,0.0,0.295509506,0.0,0.0,0.0
0.1489503688,0.6179263071,0.0,0.2331233241,0.0,0.0,0.0
0.1911441372,0.7841196076,0.0,0.02473625516,0.0,0.0,0.0
0.1865731838,0.6278356257,0.0,0.1855911905,0.0,0.0,0.0
0.1377683526,0.531221586,0.0,0.3310100613,0.0,0.0,0.0
0.1453838945,0.6702868531,0.0,0.1843292524,0.0,0.0,0.0
0.1240514463,0.5972666544,0.0,0.2786818993,0.0,0.0,0.0
0.173143383,0.4874093671,0.0,0.3394472499,0.0,0.0,0.0
0.204738685,0.7357300529,0.0,0.05953126215,0.0,0.0,0.0
0.2227480723,0.6835229488,0.0,0.09372897887,0.0,0.0,0.0
0.1309257063,0.5680878357,0.0,0.3009864579,0.0,0.0,0.0
0.15079628,0.6425774157,0.0,0.2066263043,0.0,0.0,0.0
0.2272567059,0.513891905,0.0,0.2588513891,0.0,0.0,0.0
0.2396726316,0.7242472173,0.0,0.03608015103,0.0,0.0,0.0
0.1840955315,0.6471654016,0.0,0.1687390668,0.0,0.0,0.0
0.2064227378,0.5714280099,0.0,0.2221492523,0.0,0.0,0.0
0.1157630172,0.5519718656,0.0,0.3322651172,0.0,0.0,0.0
0.1712417423,0.7761177259,0.0,0.05264053177,0.0,0.0,0.0
0.153717154,0.5854543896,0.0,0.2608284564,0.0,0.0,0.0
0.1625237327,0.5341853382,0.0,0.3032909291,0.0,0.0,0.0
0.1752378825,0.7106920772,0.0,0.1140700404,0.0,0.0,0.0
0.1220215224,0.5119589055,0.0,0.3660195721,0.0,0.0,0.0
0.1903932582,0.6583851537,0.0,0.1512215881,0.0,0.0,0.0
0.2002308006,0.7909477856,0.0,0.008821413737,0.0,0.0,0.0
0.1930391341,0.5221610595,0.0,0.2847998064,0.0,0.0,0.0
0.1376111508,0.6474503408,0.0,0.2149385084,0.0,0.0,0.0
0.1467390545,0.7295254154,0.0,0.1237355301,0.0,0.0,0.0
0.2449421512,0.7277631337,0.0,0.02729471509,0.0,0.0,0.0
0.1512942914,0.5672225254,0.0,0.2814831832,0.0,0.0,0.0
0.1806687588,0.5826812693,0.0,0.2366499719,0.0,0.0,0.0
0.1650213363,0.7418867422,0.0,0.09309192158,0.0,0.0,0.0
0.1359148201,0.6093295093,0.0,0.2547556705,0.0,0.0,0.0
0.1991502985,0.494540614,0.0,0.3063090874,0.0,0.0,0.0
0.2166595426,0.7016148399,0.0,0.08172561754,0.0,0.0,0.0
0.1851299788,0.6902921215,0.0,0.1245778997,0.0,0.0,0.0
0.2047895138,0.6125970825,0.0,0.1826134036,0.0,0.0,0.0
0.1188804319,0.5934036407,0.0,0.2877159274,0.0,0.0,0.0
0.1746337644,0.8193951306,0.0,0.00597110504,0.0,0.0,0.0
0.1575987692,0.6244891717,0.0,0.217912059,0.0,0.0,0.0
0.1466922282,0.5043399029,0.0,0.3489678689,0.0,0.0,0.0
0.1609682955,0.6787166302,0.0,0.1603150743,0.0,0.0,0.0
0.1349993707,0.5460065489,0.0,0.3189940804,0.0,0.0,0.0
0.2083244787,0.6869913834,0.0,0.1046841378,0.0,0.0,0.0
0.1971892911,0.7474405301,0.0,0.05537017882,0.0,0.0,0.0
0.1904058768,0.4857411966,0.0,0.3238529266,0.0,0.0,0.0
0.1332145264,0.6062448456,0.0,0.260540628,0.0,0.0,0.0
0.1443174843,0.6866538247,0.0,0.1690286911,0.0,0.0,0.0
0.1496737566,0.5278291722,0.0,0.3224970712,0.0,0.0,0.0
0.2022214986,0.6073002372,0.0,0.1904782642,0.0,0.0,0.0
0.180633809,0.7729940892,0.0,0.04637210179,0.0,0.0,0.0
0.1696438676,0.7339213568,0.0,0.0964347756,0.0,0.0,0.0
0.1731928679,0.5336910677,0.0,0.2931160644,0.0,0.0,0.0
0.1620372421,0.5790092329,0.0,0.258953525,0.0,0.0,0.0
0.2231917936,0.6329346069,0.0,0.1438735995,0.0,0.0,0.0
0.1600597241,0.7739926466,0.0,0.06594762934,0.0,0.0,0.0
0.1173132754,0.5394407037,0.0,0.3432460209,0.0,0.0,0.0
0.2152675359,0.5592561341,0.0,0.22547633,0.0,0.0,0.0
0.1699246647,0.6573413736,0.0,0.1727339617,0.0,0.0,0.0
0.223397479,0.7470794332,0.0,0.02952308782,0.0,0.0,0.0
0.1587591085,0.6545572376,0.0,0.1866836539,0.0,0.0,0.0
0.1808709307,0.7484591706,0.0,0.07066989876,0.0,0.0,0.0
0.1754513783,0.5949860163,0.0,0.2295626054,0.0,0.0,0.0
0.145925118,0.5667871707,0.0,0.2872877113,0.0,0.0,0.0
0.1525621138,0.7087264499,0.0,0.1387114364,0.0,0.0,0.0
0.1297766218,0.6375872068,0.0,0.2326361714,0.0,0.0,0.0
0.1792561759,0.5222052196,0.0,0.2985386044,0.0,0.0,0.0
0.2107255492,0.775828557,0.0,0.01344589373,0.0,0.0,0.0
0.206956029,0.6539657314,0.0,0.1390782396,0.0,0.0,0.0
0.2215650054,0.5398268757,0.0,0.2386081189,0.0,0.0,0.0
0.1199834526,0.5323381403,0.0,0.3476784072,0.0,0.0,0.0
0.1732469807,0.762442811,0.0,0.06431020832,0.0,0.0,0.0
0.1782010642,0.5581885218,0.0,0.2636104139,0.0,0.0,0.0
0.1511706423,0.5525101094,0.0,0.2963192484,0.0,0.0,0.0
0.1522763669,0.7428971072,0.0,0.1048265259,0.0,0.0,0.0
0.1413935562,0.6605867415,0.0,0.1980197024,0.0,0.0,0.0
0.202459764,0.5409406393,0.0,0.2565995966,0.0,0.0,0.0
0.1978419639,0.7753619146,0.0,0.02679612154,0.0,0.0,0.0
0.1856466803,0.6361439785,0.0,0.1782093411,0.0,0.0,0.0
0.1283170751,0.5345384028,0.0,0.3371445222,0.0,0.0,0.0
0.1708525479,0.6982697861,0.0,0.130877666,0.0,0.0,0.0
0.1652911172,0.5481451846,0.0,0.2865636982,0.0,0.0,0.0
0.1582671221,0.6080472651,0.0,0.2336856128,0.0,0.0,0.0
0.1648512691,0.7522991401,0.0,0.0828495908,0.0,0.0,0.0
0.1090804747,0.5304651712,0.0,0.360454354,0.0,0.0,0.0
0.1965595977,0.5627232942,0.0,0.2407171081,0.0,0.0,0.0
0.186504841,0.6728530395,0.0,0.1406421195,0.0,0.0,0.0
0.2379037185,0.7415140077,0.0,0.02058227374,0.0,0.0,0.0
0.2125946962,0.5004470567,0.0,0.2869582471,0.0,0.0,0.0
0.1446911496,0.6300140618,0.0,0.2252947886,0.0,0.0,0.0
0.134848472,0.5808030794,0.0,0.2843484486,0.0,0.0,0.0
0.2202369171,0.6692327642,0.0,0.1105303187,0.0,0.0,0.0
0.2001636677,0.7127846084,0.0,0.08705172394,0.0,0.0,0.0
0.1788558829,0.4980170958,0.0,0.3231270213,0.0,0.0,0.0
0.1298034074,0.6210274657,0.0,0.2491691269,0.0,0.0,0.0
0.153075961,0.6913142175,0.0,0.1556098215,0.0,0.0,0.0
0.1346771632,0.506863229,0.0,0.3584596079,0.0,0.0,0.0
0.1872637251,0.6123486599,0.0,0.200387615,0.0,0.0,0.0
0.1983782647,0.7952485516,0.0,0.006373183641,0.0,0.0,0.0
0.1408197657,0.5976451733,0.0,0.261535061,0.0,0.0,0.0
0.2111461588,0.4738469666,0.0,0.3150068746,0.0,0.0,0.0
0.2131304856,0.7402601035,0.0,0.04660941085,0.0,0.0,0.0
0.1779180725,0.7112105804,0.0,0.1108713471,0.0,0.0,0.0
0.2120490496,0.5765211151,0.0,0.2114298353,0.0,0.0,0.0
0.1195964825,0.5643320424,0.0,0.3160714751,0.0,0.0,0.0
0.1617867199,0.8019240266,0.0,0.03628925356,0.0,0.0,0.0
0.2201869682,0.651015983,0.0,0.1287970488,0.0,0.0,0.0
0.1704094922,0.6307863675,0.0,0.1988041403,0.0,0.0,0.0
0.163491333,0.5248968284,0.0,0.3116118387,0.0,0.0,0.0
0.1519222625,0.6757204372,0.0,0.1723573003,0.0,0.0,0.0
0.177695277,0.7889171089,0.0,0.03338761416,0.0,0.0,0.0
0.1942353505,0.6250876934,0.0,0.1806769561,0.0,0.0,0.0
0.1411903635,0.5215830278,0.0,0.3372266087,0.0,0.0,0.0
0.2311271831,0.6851247784,0.0,0.08374803844,0.0,0.0,0.0
0.1369483674,0.6798454558,0.0,0.1832061768,0.0,0.0,0.0
0.1266459481,0.5986386132,0.0,0.2747154387,0.0,0.0,0.0
0.177078931,0.4828662819,0.0,0.3400547871,0.0,0.0,0.0
0.1866252173,0.7444765628,0.0,0.06889821987,0.0,0.0,0.0
0.2023435745,0.7044478517,0.0,0.09320857382,0.0,0.0,0.0
0.1321086865,0.559601981,0.0,0.3082893325,0.0,0.0,0.0
0.1701747217,0.6808887395,0.0,0.1489365388,0.0,0.0,0.0
0.1550305844,0.5081253183,0.0,0.3368440973,0.0,0.0,0.0
0.1627700303,0.6113585457,0.0,0.225871424,0.0,0.0,0.0
0.1780596961,0.8055875495,0.0,0.01635275434,0.0,0.0,0.0
0.1214956874,0.5822368101,0.0,0.2962675024,0.0,0.0,0.0
0.2137435261,0.5968286465,0.0,0.1894278274,0.0,0.0,0.0
0.1903571881,0.6763681468,0.0,0.1332746651,0.0,0.0,0.0
0.2295778222,0.699403493,0.0,0.07101868484,0.0,0.0,0.0
0.2145175263,0.4932638696,0.0,0.2922186041,0.0,0.0,0.0
0.1427797322,0.6138710823,0.0,0.2433491855,0.0,0.0,0.0
0.1198160497,0.5207625422,0.0,0.3594214081,0.0,0.0,0.0
0.224573699,0.5269400716,0.0,0.2484862294,0.0,0.0,0.0
0.2057996014,0.6430585533,0.0,0.1511418452,0.0,0.0,0.0
0.1846051018,0.5299023567,0.0,0.2854925415,0.0,0.0,0.0
0.1329732139,0.6476649705,0.0,0.2193618156,0.0,0.0,0.0
0.1570130527,0.7177484143,0.0,0.125238533,0.0,0.0,0.0
0.1501553376,0.5757024533,0.0,0.274142209,0.0,0.0,0.0
0.1754705974,0.5833179948,0.0,0.2412114078,0.0,0.0,0.0
0.1804396805,0.7360716532,0.0,0.08348866629,0.0,0.0,0.0
0.1556864483,0.6473749212,0.0,0.1969386305,0.0,0.0,0.0
0.2165863396,0.7438881683,0.0,0.03952549211,0.0,0.0,0.0
0.1704063773,0.6664948061,0.0,0.1630988166,0.0,0.0,0.0
0.2126443406,0.5697907899,0.0,0.2175648694,0.0,0.0,0.0
0.1172437868,0.5486861299,0.0,0.3340700834,0.0,0.0,0.0
0.1604392939,0.7839693523,0.0,0.05559135379,0.0,0.0,0.0
0.2225754532,0.6424702532,0.0,0.1349542936,0.0,0.0,0.0
0.1613836654,0.588593633,0.0,0.2500227016,0.0,0.0,0.0
0.1681896166,0.5281444859,0.0,0.3036658975,0.0,0.0,0.0
0.1656160044,0.7275061682,0.0,0.1068778274,0.0,0.0,0.0
0.1444545518,0.6397422639,0.0,0.2158031843,0.0,0.0,0.0
0.2101443211,0.5103495653,0.0,0.2795061137,0.0,0.0,0.0
0.2372871715,0.7517042978,0.0,0.01100853068,0.0,0.0,0.0
0.181651327,0.6673747209,0.0,0.1509739521,0.0,0.0,0.0
0.1909705571,0.5578331772,0.0,0.2511962657,0.0,0.0,0.0
0.1062672841,0.5229567239,0.0,0.3707759921,0.0,0.0,0.0
0.1603772778,0.746207851,0.0,0.09341487117,0.0,0.0,0.0
0.2299939434,0.610147341,0.0,0.1598587156,0.0,0.0,0.0
0.155039961,0.6010831725,0.0,0.2438768665,0.0,0.0,0.0
0.164142136,0.5578438691,0.0,0.2780139949,0.0,0.0,0.0
0.1713226792,0.7076454103,0.0,0.1210319105,0.0,0.0,0.0
0.1321677348,0.5438391467,0.0,0.3239931186,0.0,0.0,0.0
0.1918602781,0.6431558251,0.0,0.1649838968,0.0,0.0,0.0
0.1975564354,0.7627489664,0.0,0.03969459825,0.0,0.0,0.0
0.2031745388,0.5294533175,0.0,0.2673721436,0.0,0.0,0.0
0.1408160424,0.6485657471,0.0,0.2106182105,0.0,0.0,0.0
0.1509409378,0.7310640475,0.0,0.1179950147,0.0,0.0,0.0
0.1516388861,0.5406409683,0.0,0.3077201457,0.0,0.0,0.0
0.183266154,0.5661143566,0.0,0.2506194894,0.0,0.0,0.0
0.1784572515,0.7706382587,0.0,0.05090448982,0.0,0.0,0.0
0.1553028101,0.6633739482,0.0,0.1813232417,0.0,0.0,0.0
0.1700804221,0.5120955408,0.0,0.3178240372,0.0,0.0,0.0
0.1798748141,0.6328570468,0.0,0.1872681391,0.0,0.0,0.0
0.2343816432,0.6481677755,0.0,0.1174505813,0.0,0.0,0.0
0.1690110717,0.8053930747,0.0,0.02559585354,0.0,0.0,0.0
0.1250640514,0.5701037475,0.0,0.304832201,0.0,0.0,0.0
0.2249720167,0.5756806929,0.0,0.1993472904,0.0,0.0,0.0
0.1882144316,0.7119866901,0.0,0.09979887831,0.0,0.0,0.0
0.2192902271,0.724848685,0.0,0.05586108798,0.0,0.0,0.0
0.1450341323,0.5854457348,0.0,0.2695201329,0.0,0.0,0.0
0.1882189643,0.7921169506,0.0,0.01966408509,0.0,0.0,0.0
0.1765986574,0.6085436864,0.0,0.2148576562,0.0,0.0,0.0
0.1315348391,0.5201762262,0.0,0.3482889347,0.0,0.0,0.0
0.1502834525,0.7063140111,0.0,0.1434025364,0.0,0.0,0.0
0.1271015686,0.6353300086,0.0,0.2375684228,0.0,0.0,0.0
0.1712839958,0.5136966041,0.0,0.3150194001,0.0,0.0,0.0
0.1959433216,0.7290659156,0.0,0.07499076275,0.0,0.0,0.0
0.2061748328,0.6692479168,0.0,0.1245772504,0.0,0.0,0.0
0.2352065304,0.5822457357,0.0,0.1825477339,0.0,0.0,0.0
0.1281058394,0.5733238449,0.0,0.2985703156,0.0,0.0,0.0
0.1575116229,0.7068771478,0.0,0.1356112293,0.0,0.0,0.0
0.1708358372,0.552295811,0.0,0.2768683518,0.0,0.0,0.0
0.1613372492,0.6036610605,0.0,0.2350016904,0.0,0.0,0.0
0.2105214207,0.6271173312,0.0,0.1623612481,0.0,0.0,0.0
0.1547882492,0.7706391877,0.0,0.07457256315,0.0,0.0,0.0
0.1136555072,0.5356593862,0.0,0.3506851065,0.0,0.0,0.0
0.2031788831,0.551190114,0.0,0.2456310029,0.0,0.0,0.0
0.1728733996,0.68152836,0.0,0.1455982404,0.0,0.0,0.0
0.2212154203,0.7667166915,0.0,0.01206788826,0.0,0.0,0.0
0.225984619,0.4943793503,0.0,0.2796360308,0.0,0.0,0.0
0.14914418,0.624566979,0.0,0.226288841,0.0,0.0,0.0
0.1849037178,0.7484460487,0.0,0.06665023356,0.0,0.0,0.0
0.1727673026,0.5692089489,0.0,0.2580237485,0.0,0.0,0.0
0.145567286,0.5532943597,0.0,0.3011383543,0.0,0.0,0.0
0.1633127699,0.7414850748,0.0,0.09520215538,0.0,0.0,0.0
0.140124114,0.6692334812,0.0,0.1906424049,0.0,0.0,0.0
0.1941946828,0.5391074504,0.0,0.2666978668,0.0,0.0,0.0
0.2152761963,0.7550736069,0.0,0.02965019681,0.0,0.0,0.0
0.2070124699,0.6271701384,0.0,0.1658173917,0.0,0.0,0.0
0.1254597804,0.5336542178,0.0,0.3408860018,0.0,0.0,0.0
0.1387895228,0.6011794033,0.0,0.2600310739,0.0,0.0,0.0
0.2040306236,0.4756754779,0.0,0.3202938985,0.0,0.0,0.0
0.2320426655,0.7138250073,0.0,0.05413232723,0.0,0.0,0.0
0.1949679001,0.6991077161,0.0,0.1059243837,0.0,0.0,0.0
0.2078330806,0.586665035,0.0,0.2055018844,0.0,0.0,0.0
0.1158280584,0.5586104238,0.0,0.3255615178,0.0,0.0,0.0
0.1699152419,0.7847396053,0.0,0.04534515272,0.0,0.0,0.0
0.1654972209,0.6367790653,0.0,0.1977237138,0.0,0.0,0.0
0.154921476,0.5225042702,0.0,0.3225742537,0.0,0.0,0.0
0.1634144774,0.6690891224,0.0,0.1674964002,0.0,0.0,0.0
0.1400568642,0.5799749243,0.0,0.2799682114,0.0,0.0,0.0
0.2002410425,0.6783593354,0.0,0.1213996221,0.0,0.0,0.0
0.1869105326,0.7280801662,0.0,0.08500930124,0.0,0.0,0.0
0.189369081,0.4989121539,0.0,0.3117187652,0.0,0.0,0.0
0.1320236927,0.6119052403,0.0,0.2560710671,0.0,0.0,0.0
0.1405646867,0.6932863035,0.0,0.1661490098,0.0,0.0,0.0
0.2401304006,0.7040905171,0.0,0.05577908236,0.0,0.0,0.0
0.1385118534,0.5074379858,0.0,0.3540501609,0.0,0.0,0.0
0.1893648181,0.603353428,0.0,0.2072817539,0.0,0.0,0.0
0.1274456052,0.558476338,0.0,0.3140780568,0.0,0.0,0.0
0.2152315177,0.6780943142,0.0,0.1066741681,0.0,0.0,0.0
0.2059203603,0.7472155958,0.0,0.04686404397,0.0,0.0,0.0
0.1718168331,0.4991434503,0.0,0.3290397166,0.0,0.0,0.0
0.1242363956,0.6093483774,0.0,0.2664152269,0.0,0.0,0.0
0.146111071,0.6822842853,0.0,0.1716046437,0.0,0.0,0.0
0.1382988388,0.5424835336,0.0,0.3192176277,0.0,0.0,0.0
0.1814851084,0.6198863789,0.0,0.1986285127,0.0,0.0,0.0
0.1858518639,0.7761909347,0.0,0.03795720145,0.0,0.0,0.0
0.1495347933,0.6081220343,0.0,0.2423431725,0.0,0.0,0.0
0.2110331554,0.7042772673,0.0,0.08468957729,0.0,0.0,0.0
0.1836253414,0.7001445016,0.0,0.1162301569,0.0,0.0,0.0
0.2299876928,0.5960296004,0.0,0.1739827068,0.0,0.0,0.0
0.1274677429,0.585252756,0.0,0.287279501,0.0,0.0,0.0
0.1693075098,0.822381257,0.0,0.008311233292,0.0,0.0,0.0
0.2357135831,0.6735716026,0.0,0.09071481438,0.0,0.0,0.0
0.1722258787,0.6221699406,0.0,0.2056041806,0.0,0.0,0.0
0.1592744553,0.4944387877,0.0,0.346286757,0.0,0.0,0.0
0.1579125311,0.6896238287,0.0,0.1524636402,0.0,0.0,0.0
0.174085328,0.7466652108,0.0,0.07924946124,0.0,0.0,0.0
0.1917375978,0.5862701631,0.0,0.2219922391,0.0,0.0,0.0
0.156279695,0.5523054482,0.0,0.2914148568,0.0,0.0,0.0
0.1486294303,0.7150097055,0.0,0.1363608642,0.0,0.0,0.0
0.140281895,0.6331106248,0.0,0.2266074802,0.0,0.0,0.0
0.2013078234,0.5059488651,0.0,0.2927433115,0.0,0.0,0.0
0.2052572058,0.7730894358,0.0,0.02165335843,0.0,0.0,0.0
0.2026121486,0.6603642163,0.0,0.1370236351,0.0,0.0,0.0
0.1291858086,0.5192923215,0.0,0.3515218699,0.0,0.0,0.0
0.1714023455,0.7238598636,0.0,0.1047377909,0.0,0.0,0.0
0.1565413395,0.5469260216,0.0,0.2965326389,0.0,0.0,0.0
0.1464358281,0.5812503114,0.0,0.2723138605,0.0,0.0,0.0
0.2279991568,0.6264247575,0.0,0.1455760857,0.0,0.0,0.0
0.1629395982,0.7735900047,0.0,0.06347039707,0.0,0.0,0.0
0.1102845792,0.5460909921,0.0,0.3436244287,0.0,0.0,0.0
0.1936740353,0.5717492468,0.0,0.2345767179,0.0,0.0,0.0
0.1741619092,0.6455951138,0.0,0.180242977,0.0,0.0,0.0
0.2318453456,0.7412885796,0.0,0.02686607487,0.0,0.0,0.0
0.2154862955,0.5301487417,0.0,0.2543649628,0.0,0.0,0.0
0.1468951668,0.6551369198,0.0,0.1979679134,0.0,0.0,0.0
0.1903717378,0.3549166001,0.1863437146,0.2683679474,0.0,0.0,0.0
0.2027186899,0.6592846825,0.1198630539,0.01813357377,0.0,0.0,0.0
0.2327742115,0.6407081827,0.02323637213,0.1032812337,0.0,0.0,0.0
0.1987832404,0.4737207941,0.2583932575,0.06910270794,0.0,0.0,0.0
0.125936747,0.6296477281,0.03741999975,0.2069955251,0.0,0.0,0.0
0.1390081725,0.539838282,0.1489781332,0.1721754122,0.0,0.0,0.0
0.1443449352,0.5386682982,0.004287175743,0.3126995908,0.0,0.0,0.0
0.1229748042,0.5718945005,0.1954374058,0.1096932895,0.0,0.0,0.0
0.2080435185,0.4642763076,0.100209231,0.227470943,0.0,0.0,0.0
0.1284114946,0.3340309801,0.1542052558,0.3833522695,0.0,0.0,0.0
0.1561546949,0.6271884463,0.0882875802,0.1283692787,0.0,0.0,0.0
0.1279018163,0.223770204,0.2818617052,0.3664662745,0.0,0.0,0.0
0.1892452602,0.5929511588,0.05280155299,0.165002028,0.0,0.0,0.0
0.110163846,0.4680763897,0.173417838,0.2483419262,0.0,0.0,0.0
0.231750316,0.6102006038,0.08669916925,0.071349911,0.0,0.0,0.0
0.2299437876,0.4605257915,0.1679055298,0.1416248911,0.0,0.0,0.0
0.1585754348,0.5553792516,0.2357915867,0.05025372681,0.0,0.0,0.0
0.1382512664,0.5323357263,0.0721567381,0.2572562692,0.0,0.0,0.0
0.1923128542,0.4521633508,0.03772380109,0.317799994,0.0,0.0,0.0
0.1270738973,0.3789110622,0.2482196363,0.2457954042,0.0,0.0,0.0
0.1691084353,0.7442324139,0.02242385726,0.06423529358,0.0,0.0,0.0
0.2231648451,0.4427531654,0.2377132767,0.09636871285,0.0,0.0,0.0
0.1700271309,0.5779142109,0.02749769344,0.2245609647,0.0,0.0,0.0
0.1403416942,0.4067903497,0.1137993627,0.3390685934,0.0,0.0,0.0
0.1760380493,0.399325474,0.1424611913,0.2821752855,0.0,0.0,0.0
0.1508357839,0.7314024709,0.08053856232,0.03722318289,0.0,0.0,0.0
0.1653333112,0.5979041178,0.1142565294,0.1225060416,0.0,0.0,0.0
0.1379408205,0.3789606284,0.3055104266,0.1775881246,0.0,0.0,0.0
0.1253082186,0.5181886276,0.06051613591,0.2959870179,0.0,0.0,0.0
0.1865724648,0.6059747988,0.1545767989,0.05287593743,0.0,0.0,0.0
0.140826021,0.4249500427,0.09359455459,0.3406293817,0.0,0.0,0.0
0.2072671684,0.5219334781,0.04711671797,0.2236826355,0.0,0.0,0.0
0.1362204264,0.2927262431,0.2267637648,0.3442895657,0.0,0.0,0.0
0.1431269953,0.6775514203,0.01505152463,0.1642700598,0.0,0.0,0.0
0.1248399202,0.4555876736,0.1808593888,0.2387130175,0.0,0.0,0.0
0.2106697336,0.2918401761,0.2532415797,0.2442485107,0.0,0.0,0.0
0.1740603642,0.6958546447,0.04641164053,0.0836733506,0.0,0.0,0.0
0.2198938642,0.5491234437,0.06197645323,0.1690062389,0.0,0.0,0.0
0.1920636519,0.5506671052,0.2104590392,0.04681020364,0.0,0.0,0.0
0.1057542529,0.4495652028,0.1378397433,0.306840801,0.0,0.0,0.0
0.134599504,0.4531715881,0.2477253339,0.164503574,0.0,0.0,0.0
0.2225796097,0.399086925,0.2434288644,0.134904601,0.0,0.0,0.0
0.1420839365,0.4746335395,0.03228908531,0.3509934386,0.0,0.0,0.0
0.1529696777,0.6566778509,0.1592133949,0.03113907643,0.0,0.0,0.0
0.1713094773,0.4865108525,0.07668184936,0.2654978209,0.0,0.0,0.0
0.1272530477,0.312944703,0.1921492983,0.367652951,0.0,0.0,0.0
0.1122261555,0.5507866607,0.1255641216,0.2114230621,0.0,0.0,0.0
0.1836447139,0.6749412553,0.08442460411,0.05698942666,0.0,0.0,0.0
0.2181718146,0.5575777685,0.2107311834,0.01351923347,0.0,0.0,0.0
0.1481010589,0.6036735562,0.00358266488,0.24464272,0.0,0.0,0.0
0.1688821505,0.5161642955,0.1931240897,0.1218294643,0.0,0.0,0.0
0.224074688,0.3533028865,0.0993021061,0.3233203195,0.0,0.0,0.0
0.1645339576,0.528002767,0.09752740503,0.2099358703,0.0,0.0,0.0
0.1094829437,0.4552366809,0.2433925632,0.1918878122,0.0,0.0,0.0
0.1932466322,0.5236478067,0.01136928997,0.2717362711,0.0,0.0,0.0
0.1397982263,0.2921552201,0.2778693763,0.2901771773,0.0,0.0,0.0
0.1700081331,0.7722284749,0.04924383762,0.008519554417,0.0,0.0,0.0
0.1617464097,0.214650853,0.2172070595,0.4063956779,0.0,0.0,0.0
0.1757028643,0.6688157596,0.01679710888,0.1386842672,0.0,0.0,0.0
0.2520921944,0.5813343983,0.1202725464,0.04630086095,0.0,0.0,0.0
0.1744498468,0.510329376,0.1329728853,0.1822478919,0.0,0.0,0.0
0.1121266249,0.4980551784,0.06515089745,0.3246672993,0.0,0.0,0.0
0.1393461197,0.4772659579,0.2870791647,0.0963087577,0.0,0.0,0.0
0.1968799295,0.378611259,0.1347369679,0.2897718437,0.0,0.0,0.0
0.1741541948,0.5997608187,0.0748806104,0.1512043761,0.0,0.0,0.0
0.2318452019,0.6825930266,0.03580818732,0.04975358426,0.0,0.0,0.0
0.1863484597,0.4331741916,0.2443593959,0.1361179529,0.0,0.0,0.0
0.1064355927,0.5117406919,0.02568476936,0.3561389461,0.0,0.0,0.0
0.1579520963,0.6041557632,0.2102195017,0.02767263878,0.0,0.0,0.0
0.1480368701,0.5241847081,0.05839661345,0.2693818083,0.0,0.0,0.0
0.1215253784,0.5581146874,0.1716215623,0.148738372,0.0,0.0,0.0
0.1892706391,0.3861832818,0.07937044383,0.3451756353,0.0,0.0,0.0
0.1548847213,0.4120040305,0.1831074763,0.2500037719,0.0,0.0,0.0
0.1522222509,0.6404457004,0.1140889953,0.09324305347,0.0,0.0,0.0
0.1956400404,0.3048707706,0.2075231461,0.2919660428,0.0,0.0,0.0
0.2351022916,0.7229418127,0.007422201749,0.03453369391,0.0,0.0,0.0
0.215382061,0.5545122762,0.09872803359,0.1313776291,0.0,0.0,0.0
0.2404589182,0.5275624987,0.1520050764,0.07997350673,0.0,0.0,0.0
0.1173677308,0.548515288,0.09334905557,0.2407679256,0.0,0.0,0.0
0.1093116158,0.4274026437,0.1273446153,0.3359411253,0.0,0.0,0.0
0.2315920076,0.5581826822,0.01852871111,0.1916965991,0.0,0.0,0.0
0.160311157,0.6960127155,0.04157665512,0.1020994723,0.0,0.0,0.0
0.1388953491,0.457028334,0.1407050602,0.2633712567,0.0,0.0,0.0
0.1508756186,0.2747415729,0.2032110618,0.3711717467,0.0,0.0,0.0
0.2323751168,0.6533991284,0.1078626986,0.006363056184,0.0,0.0,0.0
0.2012378107,0.4884989668,0.1474992951,0.1627639275,0.0,0.0,0.0
0.1004438308,0.4962382924,0.08340164273,0.319916234,0.0,0.0,0.0
0.1223314847,0.4803511828,0.3186836007,0.07863373177,0.0,0.0,0.0
0.1371917397,0.5081091362,0.1190382273,0.2356608968,0.0,0.0,0.0
0.2170034246,0.4783027868,0.02429642389,0.2803973647,0.0,0.0,0.0
0.1119916644,0.2898033232,0.2597607781,0.3384442342,0.0,0.0,0.0
0.1828614766,0.7394781541,0.03237343843,0.04528693083,0.0,0.0,0.0
0.107456503,0.3319049437,0.1482527664,0.412385787,0.0,0.0,0.0
0.2012625401,0.6394676162,0.0642104577,0.09505938602,0.0,0.0,0.0
0.2112431351,0.5656511931,0.04392588683,0.179179785,0.0,0.0,0.0
0.2432503191,0.5015204078,0.2236258084,0.03160346469,0.0,0.0,0.0
0.128447227,0.5870841217,0.01847206403,0.2659965873,0.0,0.0,0.0
0.1391876401,0.4958390351,0.2190816372,0.1458916876,0.0,0.0,0.0
0.1246757537,0.4786210366,0.0493432579,0.3473599517,0.0,0.0,0.0
0.1380249686,0.6616756378,0.1838622102,0.01643718341,0.0,0.0,0.0
0.1990515624,0.4654373161,0.09031122323,0.2451998982,0.0,0.0,0.0
0.1270263809,0.3752654476,0.1746740122,0.3230341593,0.0,0.0,0.0
0.1347197615,0.5945654732,0.1056191761,0.1650955892,0.0,0.0,0.0
0.1173264665,0.4052240837,0.2415789294,0.2358705204,0.0,0.0,0.0
0.219758737,0.4297191515,0.1701199935,0.1804021179,0.0,0.0,0.0
0.1272165581,0.4339796573,0.1064067381,0.3323970464,0.0,0.0,0.0
0.1225661637,0.5461958223,0.2341595789,0.09707843509,0.0,0.0,0.0
0.2024674365,0.5896071726,0.004955247901,0.202970143,0.0,0.0,0.0
0.1369885436,0.6625144486,0.05901735085,0.1414796569,0.0,0.0,0.0
0.1103803831,0.4190530519,0.1629049481,0.3076616169,0.0,0.0,0.0
0.2136688777,0.5743719267,0.1385512219,0.07340797369,0.0,0.0,0.0
0.1356426475,0.5668978322,0.07510671663,0.2223528037,0.0,0.0,0.0
0.1251870136,0.399015638,0.2730134521,0.2027838963,0.0,0.0,0.0
0.1749996595,0.5331736497,0.04026362474,0.251563066,0.0,0.0,0.0
0.1417170943,0.5790645089,0.1476739285,0.1315444684,0.0,0.0,0.0
0.1661862075,0.4231311029,0.0665672776,0.344115412,0.0,0.0,0.0
0.1861281205,0.4023497278,0.1983138652,0.2132082865,0.0,0.0,0.0
0.1413464358,0.6650972237,0.1351310813,0.0584252592,0.0,0.0,0.0
0.2224752154,0.3179457546,0.1455005537,0.3140784763,0.0,0.0,0.0
0.1448935243,0.5705774434,0.09454478978,0.1899842425,0.0,0.0,0.0
0.1635548973,0.4616351657,0.2287264923,0.1460834448,0.0,0.0,0.0
0.1193811255,0.5144629314,0.01003766202,0.3561182811,0.0,0.0,0.0
0.18070378,0.6004145162,0.1838102494,0.03507145449,0.0,0.0,0.0
0.2326216214,0.4210649686,0.09387480222,0.2524386078,0.0,0.0,0.0
0.1436252743,0.4804046422,0.08705520782,0.2889148757,0.0,0.0,0.0
0.1506703459,0.4287264093,0.05558672149,0.3650165234,0.0,0.0,0.0
0.154172604,0.3823078931,0.2200124414,0.2435070615,0.0,0.0,0.0
0.1556282711,0.7630360637,0.005910833998,0.07542483125,0.0,0.0,0.0
0.1939959656,0.2412468197,0.2408456232,0.3239115915,0.0,0.0,0.0
0.1730264905,0.6296958995,0.03816955854,0.1591080514,0.0,0.0,0.0
0.1061417511,0.5034321757,0.1550728583,0.2353532148,0.0,0.0,0.0
0.1959380459,0.4908060034,0.196417589,0.1168383617,0.0,0.0,0.0
0.09801212441,0.4031840162,0.1254091678,0.3733946916,0.0,0.0,0.0
0.1831222195,0.5502151076,0.2537487039,0.01291396893,0.0,0.0,0.0
0.2324864363,0.3842920972,0.2205907979,0.1626306685,0.0,0.0,0.0
0.1653810339,0.5342312625,0.01881701295,0.2815706906,0.0,0.0,0.0
0.1389082925,0.576825365,0.2151951874,0.06907115505,0.0,0.0,0.0
0.179333193,0.489535385,0.1225759896,0.2085554324,0.0,0.0,0.0
0.165856306,0.3475714915,0.130587628,0.3559845745,0.0,0.0,0.0
0.1468166644,0.6639107983,0.07164617021,0.1176263671,0.0,0.0,0.0
0.1828195289,0.6863413407,0.1051121003,0.02572703011,0.0,0.0,0.0
0.1535067749,0.4435116239,0.2920125174,0.1109690838,0.0,0.0,0.0
0.128123274,0.5757284457,0.05424972919,0.241898551,0.0,0.0,0.0
0.1424500218,0.4828476117,0.1670832571,0.2076191094,0.0,0.0,0.0
0.203212024,0.4051837541,0.08078447008,0.3108197518,0.0,0.0,0.0
0.157490418,0.2972487379,0.2948403925,0.2504204516,0.0,0.0,0.0
0.1939449364,0.6779540676,0.06105400108,0.0670469949,0.0,0.0,0.0
0.1892973611,0.5669922233,0.0819526635,0.1617577521,0.0,0.0,0.0
0.106842096,0.508231826,0.1194300407,0.2654960373,0.0,0.0,0.0
0.1351028588,0.521559651,0.2279186372,0.1154188529,0.0,0.0,0.0
0.1194700105,0.4205271549,0.07811093949,0.3818918951,0.0,0.0,0.0
0.1190084574,0.5471211411,0.2827333602,0.05113704126,0.0,0.0,0.0
0.1514470083,0.6403143866,0.03095634888,0.1772822561,0.0,0.0,0.0
0.1307032131,0.4123882071,0.199079344,0.2578292357,0.0,0.0,0.0
0.1684540364,0.253706137,0.1925442668,0.3852955598,0.0,0.0,0.0
0.1778786394,0.5532462627,0.1296982663,0.1391768316,0.0,0.0,0.0
0.1576050225,0.3539166828,0.2721610401,0.2163172546,0.0,0.0,0.0
0.1106162007,0.5129455162,0.04406678687,0.3323714962,0.0,0.0,0.0
0.1612038221,0.6038673795,0.1377370308,0.09719176759,0.0,0.0,0.0
0.1630839481,0.6368081304,0.01326256758,0.186845354,0.0,0.0,0.0
0.1837149935,0.4417120666,0.09192996032,0.2826429796,0.0,0.0,0.0
0.147239626,0.4079024754,0.1661682083,0.2786896903,0.0,0.0,0.0
0.1644520837,0.7149949318,0.09844575342,0.02210723105,0.0,0.0,0.0
0.2324072856,0.4311055322,0.2620016811,0.07448550109,0.0,0.0,0.0
0.1744409888,0.5717618189,0.04736023214,0.2064369602,0.0,0.0,0.0
0.1184752306,0.5159498381,0.1775485124,0.1880264189,0.0,0.0,0.0
0.1594539375,0.4430351136,0.09015949069,0.3073514582,0.0,0.0,0.0
0.1693342188,0.4058654565,0.1677086389,0.2570916858,0.0,0.0,0.0
0.1682233545,0.6288840276,0.06494484292,0.137947775,0.0,0.0,0.0
0.1546367858,0.4049523675,0.2358344245,0.2045764222,0.0,0.0,0.0
0.1340455037,0.5381217549,0.01526471865,0.3125680227,0.0,0.0,0.0
0.1688336561,0.5265031427,0.2107853388,0.09387786243,0.0,0.0,0.0
0.2548881317,0.4385485722,0.1755766114,0.1309866846,0.0,0.0,0.0
0.119800603,0.3770579107,0.1172891959,0.3858522903,0.0,0.0,0.0
0.1306951869,0.5515701511,0.2738763311,0.04385833087,0.0,0.0,0.0
0.1974265124,0.5225958502,0.02790853968,0.2520690977,0.0,0.0,0.0
0.1216493089,0.2467093852,0.2550156742,0.3766256316,0.0,0.0,0.0
0.1383860814,0.6372945094,0.03572974305,0.1885896662,0.0,0.0,0.0
0.13047298,0.4602527025,0.1548452026,0.2544291149,0.0,0.0,0.0
0.2221580443,0.5262801452,0.1075799024,0.143981908,0.0,0.0,0.0
0.206576146,0.6171362407,0.1545190391,0.02176857426,0.0,0.0,0.0
0.1191732311,0.5218595609,0.08589954187,0.2730676661,0.0,0.0,0.0
0.1191819875,0.4157489368,0.3180829325,0.1469861433,0.0,0.0,0.0
0.2178224801,0.4094003369,0.05489666876,0.3178805142,0.0,0.0,0.0
0.1874610106,0.3723197283,0.152958054,0.2872612071,0.0,0.0,0.0
0.1973878833,0.6675288479,0.08942878863,0.04565448014,0.0,0.0,0.0
0.2100310548,0.6051570542,0.05004099699,0.134770894,0.0,0.0,0.0
0.2160223892,0.4887270948,0.2146394993,0.08061101673,0.0,0.0,0.0
0.1320266019,0.6430268928,0.009277459893,0.2156690455,0.0,0.0,0.0
0.1304275668,0.4906793566,0.1848863589,0.1940067176,0.0,0.0,0.0
0.1442893634,0.5198035947,0.03837995608,0.2975270859,0.0,0.0,0.0
0.1409923858,0.6387794879,0.1467551326,0.07347299368,0.0,0.0,0.0
0.1100587318,0.2995450782,0.203081167,0.387315023,0.0,0.0,0.0
0.1458633395,0.6046042785,0.1307273665,0.1188050155,0.0,0.0,0.0
0.1081679248,0.3485470774,0.2475818457,0.2957031521,0.0,0.0,0.0
0.1674426686,0.271370245,0.2336869863,0.3275001001,0.0,0.0,0.0
0.2070003428,0.623479085,0.02562333033,0.1438972419,0.0,0.0,0.0
0.1070876695,0.4413493942,0.2118413129,0.2397216234,0.0,0.0,0.0
0.2353721893,0.5913976709,0.1158240486,0.05740609121,0.0,0.0,0.0
0.2406690131,0.5128737335,0.1351848387,0.1112724147,0.0,0.0,0.0
0.09680257434,0.4583907064,0.07650458124,0.3683021381,0.0,0.0,0.0
0.1508750358,0.5478964901,0.2811174224,0.02011105167,0.0,0.0,0.0
0.1214397586,0.4823976511,0.1121394883,0.2840231021,0.0,0.0,0.0
0.1941582249,0.4799473188,0.005731413862,0.3201630425,0.0,0.0,0.0
0.1603625813,0.6863493425,0.05932688147,0.0939611947,0.0,0.0,0.0
0.1088166998,0.364777831,0.1616993313,0.3647061378,0.0,0.0,0.0
0.1809413435,0.3261266474,0.1666929165,0.3262390926,0.0,0.0,0.0
0.1646604443,0.5458514256,0.1057608993,0.1837272308,0.0,0.0,0.0
0.2406620114,0.6773744349,0.008915464965,0.07304808877,0.0,0.0,0.0
0.1595378959,0.3902928983,0.2898994078,0.160269798,0.0,0.0,0.0
0.0947169561,0.4675995089,0.05511353167,0.3825700033,0.0,0.0,0.0
0.1583665932,0.6248526247,0.1734205359,0.04336024627,0.0,0.0,0.0
0.158856016,0.5828736692,0.02220718482,0.23606313,0.0,0.0,0.0
0.1148351479,0.5412768569,0.222221569,0.1216664263,0.0,0.0,0.0
0.1707577148,0.3704869348,0.1198006549,0.3389546955,0.0,0.0,0.0
0.1814496676,0.4606067101,0.1371869283,0.220756694,0.0,0.0,0.0
0.1680101072,0.6852559871,0.07171931453,0.07501459112,0.0,0.0,0.0
0.1699582848,0.2866474635,0.2501075729,0.2932866788,0.0,0.0,0.0
0.2253322092,0.7200669956,0.03432694943,0.02027384576,0.0,0.0,0.0
0.2211153679,0.5961249549,0.06929082326,0.1134688539,0.0,0.0,0.0
0.2488836211,0.5138841248,0.1833520415,0.05388021265,0.0,0.0,0.0
0.1181323527,0.5377896152,0.1272085322,0.2168694999,0.0,0.0,0.0
0.1231288382,0.4389865381,0.2582246805,0.1796599431,0.0,0.0,0.0
0.1208864452,0.4580147723,0.08495150111,0.3361472814,0.0,0.0,0.0
0.2241011093,0.5128116749,0.05211228279,0.210974933,0.0,0.0,0.0
0.1593125538,0.7110821325,0.004897341223,0.1247079725,0.0,0.0,0.0
0.1145054679,0.3915648497,0.1866775891,0.3072520933,0.0,0.0,0.0
0.2302461836,0.4423259687,0.2171338883,0.1102939595,0.0,0.0,0.0
0.1481927329,0.5128866758,0.01379907473,0.3251215166,0.0,0.0,0.0
0.1482497276,0.6555300351,0.187773051,0.008447186296,0.0,0.0,0.0
0.1640048398,0.4856776728,0.09859704098,0.2517204464,0.0,0.0,0.0
0.1552978019,0.3619050482,0.1634351009,0.319362049,0.0,0.0,0.0
0.1257232665,0.6018335541,0.1022003711,0.1702428083,0.0,0.0,0.0
0.1721286774,0.6117444105,0.1340687051,0.08205820698,0.0,0.0,0.0
0.1804472003,0.4845757956,0.2794171078,0.05555989637,0.0,0.0,0.0
0.1277311636,0.5362727951,0.04684900522,0.2891470361,0.0,0.0,0.0
0.1698931173,0.5410819235,0.1375409695,0.1514839897,0.0,0.0,0.0
0.2238327069,0.3799996932,0.0577310742,0.3384365257,0.0,0.0,0.0
0.1684230526,0.5188217452,0.0758469135,0.2369082887,0.0,0.0,0.0
0.1854092639,0.4783753422,0.02913793422,0.3070774596,0.0,0.0,0.0
0.1386168385,0.3065957946,0.2485398404,0.3062475265,0.0,0.0,0.0
0.1659522672,0.7753141375,0.02864592209,0.03008767318,0.0,0.0,0.0
0.125123492,0.1811300802,0.2881842202,0.4055622075,0.0,0.0,0.0
0.1672660749,0.6581112316,0.06124745407,0.1133752395,0.0,0.0,0.0
0.1693452197,0.4748318552,0.1880542967,0.1677686283,0.0,0.0,0.0
0.106962206,0.4612746153,0.113996941,0.3177662377,0.0,0.0,0.0
0.1664611556,0.5500486536,0.2186859281,0.06480426265,0.0,0.0,0.0
0.1500955034,0.4927239528,0.06718533011,0.2899952137,0.0,0.0,0.0
0.1202072424,0.5210181401,0.2904159902,0.06835862733,0.0,0.0,0.0
0.2059213225,0.5729462958,0.03784615002,0.1832862317,0.0,0.0,0.0
0.1019831692,0.2465676997,0.2391067819,0.4123423492,0.0,0.0,0.0
0.1436836696,0.7134691749,0.02178803641,0.1210591191,0.0,0.0,0.0
0.2055474743,0.2427262752,0.2592270785,0.292499172,0.0,0.0,0.0
0.1948545113,0.721187548,0.05151749163,0.03244044899,0.0,0.0,0.0
0.2059409755,0.528588668,0.1724880968,0.09298225975,0.0,0.0,0.0
0.1287820673,0.5216217047,0.1058823839,0.2437138441,0.0,0.0,0.0
0.1374704724,0.4216355919,0.2291518467,0.2117420889,0.0,0.0,0.0
0.1764137565,0.5587366957,0.006989018082,0.2578605298,0.0,0.0,0.0
0.1243300112,0.5240898321,0.1965870834,0.1549930734,0.0,0.0,0.0
0.1406811267,0.3752640727,0.1052826226,0.378772178,0.0,0.0,0.0
0.2056782778,0.4180275741,0.1500230626,0.2262710855,0.0,0.0,0.0
0.1474262393,0.675891933,0.09145685473,0.085224973,0.0,0.0,0.0
0.2247883248,0.2923348333,0.1764010857,0.3064757562,0.0,0.0,0.0
0.1440375524,0.5497578304,0.1262379036,0.1799667135,0.0,0.0,0.0
0.1534926631,0.4531151263,0.2735243481,0.1198678625,0.0,0.0,0.0
0.1143200597,0.5065802863,0.03736222098,0.341737433,0.0,0.0,0.0
0.1023611557,0.1995051144,0.2707919997,0.4273417301,0.0,0.0,0.0
0.1881505632,0.6458778753,0.04413138021,0.1218401813,0.0,0.0,0.0
0.1029408615,0.4581000524,0.1408849193,0.2980741668,0.0,0.0,0.0
0.23179902,0.6799642955,0.06086888424,0.02736780021,0.0,0.0,0.0
0.1792543194,0.4119810019,0.2021682744,0.2065964043,0.0,0.0,0.0
0.1332050406,0.5060634027,0.2476298903,0.1131016664,0.0,0.0,0.0
0.1518534248,0.5440135512,0.09520547705,0.208927547,0.0,0.0,0.0
0.2247052945,0.467899544,0.04256474732,0.2648304142,0.0,0.0,0.0
0.1280466589,0.3479962953,0.2316360085,0.2923210373,0.0,0.0,0.0
0.1886985045,0.7860983515,0.01190064714,0.01330249682,0.0,0.0,0.0
0.1043474069,0.3356905469,0.1734829972,0.3864790489,0.0,0.0,0.0
0.2445041278,0.3835815941,0.1696437263,0.2022705519,0.0,0.0,0.0
0.203597697,0.620698178,0.1119222434,0.06378188156,0.0,0.0,0.0
0.2193035595,0.4788628421,0.2920177378,0.009815860614,0.0,0.0,0.0
0.1190528358,0.5595634079,0.06502572015,0.2563580361,0.0,0.0,0.0
0.1540375583,0.5672910446,0.1615557362,0.1171156609,0.0,0.0,0.0
0.1205019205,0.4780747065,0.02886465573,0.3725587173,0.0,0.0,0.0
0.123637229,0.607781636,0.2111469825,0.05743415244,0.0,0.0,0.0
0.1726526519,0.4259875469,0.1142459159,0.2871138852,0.0,0.0,0.0
0.1342087513,0.3801768769,0.1489079269,0.3367064448,0.0,0.0,0.0
0.1393450061,0.5969953595,0.08155893649,0.1821006979,0.0,0.0,0.0
0.1068800607,0.3561930421,0.2698541631,0.267072734,0.0,0.0,0.0
0.1902240197,0.3344705522,0.2238735754,0.2514318528,0.0,0.0,0.0
0.2054774873,0.6933498144,0.01745925755,0.08371344069,0.0,0.0,0.0
0.1747563937,0.5023996483,0.1303054122,0.1925385459,0.0,0.0,0.0
0.2399315548,0.5972422987,0.1292748698,0.03355127672,0.0,0.0,0.0
0.1093068122,0.5330833021,0.06926866684,0.2883412189,0.0,0.0,0.0
0.1139178918,0.4148471669,0.1000164322,0.3712185091,0.0,0.0,0.0
0.1266537038,0.5985080482,0.2521038987,0.02273434927,0.0,0.0,0.0
0.1568690268,0.6442883814,0.05100164074,0.1478409511,0.0,0.0,0.0
0.1531709427,0.4634535386,0.1708520548,0.2125234638,0.0,0.0,0.0
0.2030895031,0.3305902788,0.1377139201,0.328606298,0.0,0.0,0.0
0.1933789478,0.6265140163,0.08116963549,0.09893740045,0.0,0.0,0.0
0.1979757889,0.420633011,0.2038832016,0.1775079985,0.0,0.0,0.0
0.1570628196,0.5692131891,0.1947351789,0.07898881229,0.0,0.0,0.0
0.1563314574,0.5902433568,0.03198792433,0.2214372615,0.0,0.0,0.0
0.1087655051,0.5282530414,0.1580652704,0.2049161832,0.0,0.0,0.0
0.1909747854,0.4346940702,0.0708667205,0.3034644239,0.0,0.0,0.0
0.1266167465,0.3660110109,0.1943098441,0.3130623985,0.0,0.0,0.0
0.1519361538,0.6800205904,0.122275572,0.04576768384,0.0,0.0,0.0
0.1336196612,0.4642356777,0.1293532564,0.2727914047,0.0,0.0,0.0
0.1641298254,0.4880934292,0.02037201234,0.3274047331,0.0,0.0,0.0
0.146422195,0.3454222528,0.2709688321,0.2371867201,0.0,0.0,0.0
0.1550807085,0.7403700842,0.04349066725,0.06105854004,0.0,0.0,0.0
0.1087940412,0.4197789771,0.144511797,0.3269151848,0.0,0.0,0.0
0.2216263949,0.2487408165,0.198623202,0.3310095866,0.0,0.0,0.0
0.1798750575,0.6313870487,0.01034586044,0.1783920334,0.0,0.0,0.0
0.195057202,0.5120903314,0.1622288024,0.1306236643,0.0,0.0,0.0
0.1010297929,0.4285417505,0.09251086033,0.3779175963,0.0,0.0,0.0
0.1620073884,0.5064003972,0.2988227668,0.03276944758,0.0,0.0,0.0
0.2156058578,0.3285218111,0.269680826,0.1861915051,0.0,0.0,0.0
0.1556360197,0.4838396746,0.05420783707,0.3063164686,0.0,0.0,0.0
0.149709063,0.6025002907,0.1655442829,0.08224636337,0.0,0.0,0.0
0.1954683165,0.5100529981,0.08119576337,0.213282922,0.0,0.0,0.0
0.1292592149,0.2874389837,0.1764459124,0.4068558889,0.0,0.0,0.0
0.1299797514,0.6034924138,0.113854425,0.1526734097,0.0,0.0,0.0
0.1877322082,0.7276540561,0.07373430755,0.01087942814,0.0,0.0,0.0
0.1805297143,0.4983513299,0.2469811026,0.07413785316,0.0,0.0,0.0
0.1426439357,0.6236948751,0.02462494262,0.2090362466,0.0,0.0,0.0
0.1445896243,0.4713109916,0.2025682036,0.1815311806,0.0,0.0,0.0
0.2083180793,0.3899921907,0.1093184002,0.2923713298,0.0,0.0,0.0
0.1988411509,0.7906163215,0.0,0.0,0.01054252764,0.0,0.0
0.2458718391,0.7238048834,0.0,0.0,0.03032327748,0.0,0.0
0.1919765413,0.788945223,0.0,0.0,0.01907823564,0.0,0.0
0.2344418387,0.7572479795,0.0,0.0,0.008310181791,0.0,0.0
0.2321421067,0.7639193431,0.0,0.0,0.003938550222,0.0,0.0
0.1819117165,0.8048307046,0.0,0.0,0.01325757887,0.0,0.0
0.1748912968,0.8195806055,0.0,0.0,0.005528097702,0.0,0.0
0.2167380922,0.766474678,0.0,0.0,0.01678722981,0.0,0.0
0.2039976089,0.7588371894,0.0,0.0,0.03716520171,0.0,0.0
0.173404044,0.8012226855,0.0,0.0,0.02537327052,0.0,0.0
0.1801729145,0.7867586642,0.0,0.0,0.03306842134,0.0,0.0
0.2177400937,0.7578268557,0.0,0.0,0.02443305053,0.0,0.0
0.2402603294,0.7316541165,0.0,0.0,0.02808555419,0.0,0.0
0.1855254006,0.775071649,0.0,0.0,0.03940295041,0.0,0.0
0.1648904576,0.8130260657,0.0,0.0,0.02208347669,0.0,0.0
0.2026897182,0.7668922391,0.0,0.0,0.03041804267,0.0,0.0
0.1990270525,0.7611655257,0.0,0.0,0.03980742179,0.0,0.0
0.162929037,0.8081890766,0.0,0.0,0.02888188641,0.0,0.0
0.1857514622,0.7828057194,0.0,0.0,0.03144281841,0.0,0.0
0.2406023923,0.7370413897,0.0,0.0,0.02235621801,0.0,0.0
0.2223623922,0.7510802462,0.0,0.0,0.02655736151,0.0,0.0
0.1825400236,0.7802703066,0.0,0.0,0.03718966981,0.0,0.0
0.1765805948,0.7984448005,0.0,0.0,0.02497460478,0.0,0.0
0.2082590175,0.75790068,0.0,0.0,0.03384030247,0.0,0.0
0.2156653115,0.7707848964,0.0,0.0,0.01354979211,0.0,0.0
0.1744659296,0.8205369924,0.0,0.0,0.004997077962,0.0,0.0
0.1797401748,0.8026369398,0.0,0.0,0.01762288542,0.0,0.0
0.2301270936,0.7639303628,0.0,0.0,0.005942543687,0.0,0.0
0.2415750049,0.7561251769,0.0,0.0,0.002299818156,0.0,0.0
0.19660037,0.7922887357,0.0,0.0,0.01111089431,0.0,0.0
0.1719240973,0.8197348126,0.0,0.0,0.00834109012,0.0,0.0
0.2005891207,0.7791618405,0.0,0.0,0.02024903877,0.0,0.0
0.2019032666,0.7928109707,0.0,0.0,0.005285762672,0.0,0.0
0.1695916042,0.8133939717,0.0,0.0,0.01701442404,0.0,0.0
0.1977621326,0.7979336828,0.0,0.0,0.004304184602,0.0,0.0
0.2361460642,0.7509072935,0.0,0.0,0.01294664225,0.0,0.0
0.2244161247,0.7561312457,0.0,0.0,0.01945262952,0.0,0.0
0.1813472496,0.810717471,0.0,0.0,0.007935279389,0.0,0.0
0.1726790107,0.8170680735,0.0,0.0,0.0102529158,0.0,0.0
0.2092572064,0.7690024081,0.0,0.0,0.02174038547,0.0,0.0
0.1749622276,0.7942775082,0.0,0.0,0.0307602642,0.0,0.0
0.1838500863,0.7878149621,0.0,0.0,0.02833495164,0.0,0.0
0.216546303,0.7443039355,0.0,0.0,0.03914976148,0.0,0.0
0.2344603482,0.7321591926,0.0,0.0,0.03338045923,0.0,0.0
0.1867690026,0.7890926815,0.0,0.0,0.0241383159,0.0,0.0
0.1610984514,0.8021221516,0.0,0.0,0.03677939693,0.0,0.0
0.2004487631,0.7738048079,0.0,0.0,0.02574642896,0.0,0.0
0.203867854,0.7707843007,0.0,0.0,0.0253478453,0.0,0.0
0.1644060357,0.8021386327,0.0,0.0,0.03345533162,0.0,0.0
0.1896883932,0.7840904616,0.0,0.0,0.02622114519,0.0,0.0
0.2394940512,0.7229993018,0.0,0.0,0.03750664695,0.0,0.0
0.2175049059,0.7513119919,0.0,0.0,0.03118310218,0.0,0.0
0.183610575,0.7937361718,0.0,0.0,0.02265325319,0.0,0.0
0.1723675886,0.787490373,0.0,0.0,0.04014203836,0.0,0.0
0.2059667986,0.7654868767,0.0,0.0,0.02854632469,0.0,0.0
0.2191667701,0.7721994831,0.0,0.0,0.008633746763,0.0,0.0
0.1741020986,0.8059003497,0.0,0.0,0.01999755173,0.0,0.0
0.2314808436,0.7570352105,0.0,0.0,0.01148394599,0.0,0.0
0.2334604016,0.7492622673,0.0,0.0,0.01727733108,0.0,0.0
0.1957852301,0.7979086543,0.0,0.0,0.006306115529,0.0,0.0
0.2413994132,0.7231123252,0.0,0.0,0.03548826161,0.0,0.0
0.1696159267,0.8165626337,0.0,0.0,0.01382143955,0.0,0.0
0.2005221865,0.7947644451,0.0,0.0,0.004713368415,0.0,0.0
0.1962589941,0.7748010453,0.0,0.0,0.02893996054,0.0,0.0
0.1647231596,0.7955740311,0.0,0.0,0.03970280929,0.0,0.0
0.2482844601,0.7398216151,0.0,0.0,0.01189392488,0.0,0.0
0.1920170276,0.785566961,0.0,0.0,0.02241601145,0.0,0.0
0.2309569369,0.737613193,0.0,0.0,0.03142987009,0.0,0.0
0.2262371258,0.7363447145,0.0,0.0,0.03741815965,0.0,0.0
0.180121383,0.7935422825,0.0,0.0,0.02633633452,0.0,0.0
0.1711522137,0.7948329259,0.0,0.0,0.03401486037,0.0,0.0
0.2163316413,0.7588753013,0.0,0.0,0.02479305731,0.0,0.0
0.2116650483,0.783375246,0.0,0.0,0.00495970571,0.0,0.0
0.176641559,0.8097781327,0.0,0.0,0.01358030826,0.0,0.0
0.1862073201,0.807895889,0.0,0.0,0.005896790865,0.0,0.0
0.2213066924,0.7610162164,0.0,0.0,0.01767709116,0.0,0.0
0.2470692866,0.7420125301,0.0,0.0,0.0109181833,0.0,0.0
0.1937184791,0.8037788861,0.0,0.0,0.002502634854,0.0,0.0
0.1662381832,0.8137270124,0.0,0.0,0.02003480438,0.0,0.0
0.2080645745,0.7833849515,0.0,0.0,0.008550473993,0.0,0.0
0.1650063616,0.8241735701,0.0,0.0,0.01082006831,0.0,0.0
0.1892925192,0.8026895251,0.0,0.0,0.008017955664,0.0,0.0
0.2387569406,0.741865774,0.0,0.0,0.01937728538,0.0,0.0
0.2231761088,0.7636370765,0.0,0.0,0.01318681472,0.0,0.0
0.1878821612,0.8080598564,0.0,0.0,0.004057982316,0.0,0.0
0.1770085795,0.8063378925,0.0,0.0,0.01665352797,0.0,0.0
0.2134047566,0.7809405405,0.0,0.0,0.005654702887,0.0,0.0
0.2118042978,0.7625638257,0.0,0.0,0.02563187646,0.0,0.0
0.1675838667,0.7955531637,0.0,0.0,0.03686296955,0.0,0.0
0.1777769012,0.7975281664,0.0,0.0,0.02469493241,0.0,0.0
0.2221423746,0.7450013761,0.0,0.0,0.03285624935,0.0,0.0
0.2306413885,0.7298036615,0.0,0.0,0.03955494996,0.0,0.0
0.1924818148,0.7795777005,0.0,0.0,0.02794048474,0.0,0.0
0.1668157819,0.8026674048,0.0,0.0,0.03051681324,0.0,0.0
0.1991583979,0.778864321,0.0,0.0,0.02197728108,0.0,0.0
0.1971915009,0.7690943106,0.0,0.0,0.03371418859,0.0,0.0
0.1694931073,0.8054555923,0.0,0.0,0.02505130033,0.0,0.0
0.1919095898,0.7703408178,0.0,0.0,0.03774959243,0.0,0.0
0.2349302161,0.7390663778,0.0,0.0,0.02600340606,0.0,0.0
0.2254230317,0.7518255022,0.0,0.0,0.02275146615,0.0,0.0
0.1777955932,0.7911640107,0.0,0.0,0.03104039602,0.0,0.0
0.1707931931,0.8005598241,0.0,0.0,0.02864698272,0.0,0.0
0.2091557899,0.7507925529,0.0,0.0,0.04005165723,0.0,0.0
0.2105912273,0.7696792852,0.0,0.0,0.01972948741,0.0,0.0
0.1799972047,0.8110905178,0.0,0.0,0.008912277514,0.0,0.0
0.1880210402,0.8007886473,0.0,0.0,0.01119031251,0.0,0.0
0.227101192,0.7706406279,0.0,0.0,0.002258180176,0.0,0.0
0.2436412883,0.7501694658,0.0,0.0,0.006189245904,0.0,0.0
0.1890092291,0.7936068755,0.0,0.0,0.0173838954,0.0,0.0
0.1674466111,0.8279655583,0.0,0.0,0.004587830649,0.0,0.0
0.2037401652,0.782348465,0.0,0.0,0.01391136976,0.0,0.0
0.2048056316,0.7781686214,0.0,0.0,0.01702574701,0.0,0.0
0.1681517762,0.8265249929,0.0,0.0,0.005323230869,0.0,0.0
0.1912342298,0.7958706412,0.0,0.0,0.01289512896,0.0,0.0
0.2451758844,0.7504751382,0.0,0.0,0.004348977434,0.0,0.0
0.2206871069,0.7715755785,0.0,0.0,0.007737314538,0.0,0.0
0.1832120501,0.797149166,0.0,0.0,0.01963878391,0.0,0.0
0.2089621591,0.780574603,0.0,0.0,0.01046323798,0.0,0.0
0.2129291686,0.7562486835,0.0,0.0,0.0308221479,0.0,0.0
0.1725239316,0.8057909232,0.0,0.0,0.02168514529,0.0,0.0
0.1776651941,0.7831743413,0.0,0.0,0.03916046468,0.0,0.0
0.2256324102,0.7460501966,0.0,0.0,0.02831739319,0.0,0.0
0.2297914884,0.7458500859,0.0,0.0,0.02435842568,0.0,0.0
0.1897997769,0.7770066839,0.0,0.0,0.03319353917,0.0,0.0
0.1663395724,0.8077706466,0.0,0.0,0.02588978097,0.0,0.0
0.1929944453,0.7704017675,0.0,0.0,0.03660378716,0.0,0.0
0.1972346336,0.7876414106,0.0,0.0,0.01512395581,0.0,0.0
0.1704704608,0.8261682943,0.0,0.0,0.003361244873,0.0,0.0
0.2459102694,0.7282010574,0.0,0.0,0.0258886732,0.0,0.0
0.192629479,0.7913180261,0.0,0.0,0.01605249487,0.0,0.0
0.2340814058,0.7583832802,0.0,0.0,0.007535314008,0.0,0.0
0.182220121,0.8050896287,0.0,0.0,0.01269025027,0.0,0.0
0.1750041424,0.8150269889,0.0,0.0,0.009968868679,0.0,0.0
0.2152867392,0.7659893998,0.0,0.0,0.01872386103,0.0,0.0
0.2024016552,0.7587353267,0.0,0.0,0.0388630181,0.0,0.0
0.173274839,0.796881387,0.0,0.0,0.02984377406,0.0,0.0
0.1807452497,0.7869007747,0.0,0.0,0.03235397556,0.0,0.0
0.218123225,0.760494554,0.0,0.0,0.02138222104,0.0,0.0
0.2402909973,0.7321828676,0.0,0.0,0.02752613515,0.0,0.0
0.1864871758,0.7772300356,0.0,0.0,0.03628278859,0.0,0.0
0.1650384723,0.8109532885,0.0,0.0,0.02400823916,0.0,0.0
0.2006989634,0.764553345,0.0,0.0,0.03474769165,0.0,0.0
0.1996605104,0.7647603519,0.0,0.0,0.03557913771,0.0,0.0
0.1636236476,0.8094889325,0.0,0.0,0.02688741986,0.0,0.0
0.1859070563,0.779434227,0.0,0.0,0.03465871669,0.0,0.0
0.2387755595,0.7383467454,0.0,0.0,0.02287769507,0.0,0.0
0.22037046,0.7499983897,0.0,0.0,0.02963115029,0.0,0.0
0.1830188286,0.7791194077,0.0,0.0,0.03786176371,0.0,0.0
0.1777076655,0.8017303088,0.0,0.0,0.02056202569,0.0,0.0
0.2085932501,0.759393539,0.0,0.0,0.03201321088,0.0,0.0
0.2156348423,0.7728440306,0.0,0.0,0.01152112715,0.0,0.0
0.1804747339,0.8013779283,0.0,0.0,0.01814733782,0.0,0.0
0.2284365535,0.7623171977,0.0,0.0,0.009246248801,0.0,0.0
0.2401439371,0.7568592317,0.0,0.0,0.002996831272,0.0,0.0
0.1971288107,0.7886375972,0.0,0.0,0.01423359217,0.0,0.0
0.1724207475,0.8210719452,0.0,0.0,0.006507307304,0.0,0.0
0.2009312275,0.7832562834,0.0,0.0,0.01581248907,0.0,0.0
0.201436161,0.7889560784,0.0,0.0,0.009607760562,0.0,0.0
0.169177026,0.8117529552,0.0,0.0,0.01907001875,0.0,0.0
0.2372531936,0.7503274828,0.0,0.0,0.01241932356,0.0,0.0
0.2262486433,0.7574056647,0.0,0.0,0.01634569205,0.0,0.0
0.1805060215,0.8122516074,0.0,0.0,0.007242371128,0.0,0.0
0.1717109569,0.8135363328,0.0,0.0,0.01475271031,0.0,0.0
0.216459213,0.779808085,0.0,0.0,0.003732702005,0.0,0.0
0.2090986554,0.7671537939,0.0,0.0,0.02374755073,0.0,0.0
0.1737841072,0.7912481574,0.0,0.0,0.03496773542,0.0,0.0
0.1831981259,0.7889860268,0.0,0.0,0.0278158473,0.0,0.0
0.2186910283,0.7453209041,0.0,0.0,0.03598806762,0.0,0.0
0.236076283,0.7311780753,0.0,0.0,0.03274564173,0.0,0.0
0.1867353743,0.7922166031,0.0,0.0,0.02104802265,0.0,0.0
0.1605200444,0.8008843721,0.0,0.0,0.03859558352,0.0,0.0
0.1996031924,0.7702593215,0.0,0.0,0.0301374861,0.0,0.0
0.2060689937,0.7731165985,0.0,0.0,0.02081440777,0.0,0.0
0.1640891028,0.8042027292,0.0,0.0,0.03170816796,0.0,0.0
0.1886111418,0.7821341473,0.0,0.0,0.02925471092,0.0,0.0
0.23967708,0.7221043286,0.0,0.0,0.03821859133,0.0,0.0
0.2168973489,0.7487806337,0.0,0.0,0.03432201736,0.0,0.0
0.1831666124,0.7936186915,0.0,0.0,0.02321469612,0.0,0.0
0.1725997176,0.7915622552,0.0,0.0,0.03583802718,0.0,0.0
0.2074748245,0.7658553278,0.0,0.0,0.02666984769,0.0,0.0
0.2203897042,0.7727297094,0.0,0.0,0.006880586449,0.0,0.0
0.1741199079,0.8104393242,0.0,0.0,0.01544076791,0.0,0.0
0.1849722996,0.8123206618,0.0,0.0,0.002707038581,0.0,0.0
0.2313151421,0.7541585154,0.0,0.0,0.01452634245,0.0,0.0
0.234054602,0.7480622047,0.0,0.0,0.01788319331,0.0,0.0
0.1949109312,0.7955638536,0.0,0.0,0.009525215129,0.0,0.0
0.2416680174,0.7186503756,0.0,0.0,0.03968160701,0.0,0.0
0.169098623,0.8190252248,0.0,0.0,0.01187615213,0.0,0.0
0.1962428798,0.776573425,0.0,0.0,0.02718369519,0.0,0.0
0.1655496253,0.7991712773,0.0,0.0,0.03527909745,0.0,0.0
0.2472196861,0.7390196939,0.0,0.0,0.01376061991,0.0,0.0
0.1928245042,0.7840367916,0.0,0.0,0.02313870417,0.0,0.0
0.2292569831,0.7363336284,0.0,0.0,0.0344093885,0.0,0.0
0.224963574,0.7370260665,0.0,0.0,0.03801035951,0.0,0.0
0.1805277971,0.7899828667,0.0,0.0,0.02948933622,0.0,0.0
0.1716522366,0.7962376911,0.0,0.0,0.03211007233,0.0,0.0
0.2166216811,0.7629219019,0.0,0.0,0.02045641706,0.0,0.0
0.1773930199,0.8108101114,0.0,0.0,0.01179686872,0.0,0.0
0.1863875805,0.8046583654,0.0,0.0,0.008954054021,0.0,0.0
0.2196944253,0.761902763,0.0,0.0,0.01840281171,0.0,0.0
0.2447146239,0.7411605716,0.0,0.0,0.01412480443,0.0,0.0
0.194269512,0.8026133959,0.0,0.0,0.003117092013,0.0,0.0
0.1672587241,0.8170600504,0.0,0.0,0.01568122548,0.0,0.0
0.2083722977,0.7850343405,0.0,0.0,0.006593361794,0.0,0.0
0.2044760469,0.7922014958,0.0,0.0,0.003322457239,0.0,0.0
0.1648771705,0.8200081173,0.0,0.0,0.01511471223,0.0,0.0
0.1898954357,0.8026162975,0.0,0.0,0.007488266798,0.0,0.0
0.2392191236,0.74467381,0.0,0.0,0.01610706641,0.0,0.0
0.223235673,0.7642671245,0.0,0.0,0.01249720242,0.0,0.0
0.1772306792,0.80426037,0.0,0.0,0.01850895081,0.0,0.0
0.2112955301,0.7785254043,0.0,0.0,0.01017906557,0.0,0.0
0.2100689008,0.7600267242,0.0,0.0,0.02990437504,0.0,0.0
0.1679729191,0.7931893334,0.0,0.0,0.0388377475,0.0,0.0
0.1784510451,0.8001425733,0.0,0.0,0.02140638156,0.0,0.0
0.2217737844,0.7458869164,0.0,0.0,0.0323392992,0.0,0.0
0.2305996894,0.7328892952,0.0,0.0,0.03651101545,0.0,0.0
0.1928185563,0.7798796685,0.0,0.0,0.02730177523,0.0,0.0
0.166899561,0.7981768615,0.0,0.0,0.03492357747,0.0,0.0
0.1979133399,0.7782639396,0.0,0.0,0.02382272054,0.0,0.0
0.198305597,0.7699259646,0.0,0.0,0.03176843843,0.0,0.0
0.1694985,0.809741663,0.0,0.0,0.02075983709,0.0,0.0
0.1917264583,0.770050044,0.0,0.0,0.03822349773,0.0,0.0
0.2347117104,0.7360479955,0.0,0.0,0.02924029404,0.0,0.0
0.225988926,0.750576929,0.0,0.0,0.02343414504,0.0,0.0
0.1770240344,0.7888383743,0.0,0.0,0.03413759137,0.0,0.0
0.1702119414,0.8029372346,0.0,0.0,0.02685082407,0.0,0.0
0.2110916519,0.7532422986,0.0,0.0,0.03566604945,0.0,0.0
0.212886644,0.7717017273,0.0,0.0,0.01541162871,0.0,0.0
0.1796932232,0.8134314771,0.0,0.0,0.00687529965,0.0,0.0
0.186918655,0.7986076458,0.0,0.0,0.0144736992,0.0,0.0
0.227281226,0.7699685805,0.0,0.0,0.002750193475,0.0,0.0
0.2430121356,0.7476576125,0.0,0.0,0.009330251932,0.0,0.0
0.1885310436,0.7933994974,0.0,0.0,0.01806945899,0.0,0.0
0.2051700964,0.7827427159,0.0,0.0,0.01208718764,0.0,0.0
0.2046768869,0.7765223908,0.0,0.0,0.01880072228,0.0,0.0
0.1669918911,0.8231220375,0.0,0.0,0.009886071392,0.0,0.0
0.1906027459,0.7972728202,0.0,0.0,0.01212443393,0.0,0.0
0.2220533736,0.77078017,0.0,0.0,0.007166456459,0.0,0.0
0.183180294,0.8003661408,0.0,0.0,0.01645356516,0.0,0.0
0.1774697836,0.8189230018,0.0,0.0,0.003607214566,0.0,0.0
0.2081381509,0.777018037,0.0,0.0,0.01484381209,0.0,0.0
0.2123981857,0.7523311093,0.0,0.0,0.03527070503,0.0,0.0
0.1721517237,0.8043978612,0.0,0.0,0.02345041509,0.0,0.0
0.1773773698,0.7864252135,0.0,0.0,0.03619741667,0.0,0.0
0.2267362308,0.7457047158,0.0,0.0,0.02755905349,0.0,0.0
0.2316967139,0.7471166974,0.0,0.0,0.02118658873,0.0,0.0
0.1888087852,0.7785939469,0.0,0.0,0.03259726785,0.0,0.0
0.1654397165,0.8043228329,0.0,0.0,0.03023745055,0.0,0.0
0.1931525849,0.768346467,0.0,0.0,0.03850094807,0.0,0.0
0.1848489672,0.6132598266,0.191742825,0.0,0.01014838119,0.0,0.0
0.1495815641,0.7364738674,0.09470341668,0.0,0.01924115181,0.0,0.0
0.1993731661,0.5540988825,0.2113049804,0.0,0.03522297088,0.0,0.0
0.2028017157,0.7775349573,0.00699260035,0.0,0.01267072662,0.0,0.0
0.1638487883,0.575762388,0.2411123157,0.0,0.01927650809,0.0,0.0
0.1827268263,0.7756430601,0.03601502842,0.0,0.005615085232,0.0,0.0
0.256504924,0.5343623551,0.1828884393,0.0,0.02624428159,0.0,0.0
0.1439710592,0.6808544037,0.1600716677,0.0,0.01510286944,0.0,0.0
0.2159104402,0.6539108233,0.1247329961,0.0,0.005445740485,0.0,0.0
0.1674441572,0.5247293021,0.2643757425,0.0,0.04345079817,0.0,0.0
0.1682132268,0.7778924603,0.02790558952,0.0,0.02598872339,0.0,0.0
0.2340310576,0.632737421,0.1292321568,0.0,0.003999364615,0.0,0.0
0.1482465894,0.6090679454,0.2043522508,0.0,0.03833321445,0.0,0.0
0.1955931907,0.7137318253,0.06485897705,0.0,0.02581600698,0.0,0.0
0.163315436,0.6431478303,0.1608333733,0.0,0.03270336046,0.0,0.0
0.162069506,0.6975463487,0.100019903,0.0,0.04036424233,0.0,0.0
0.2042366013,0.4899731235,0.2922540168,0.0,0.01353625839,0.0,0.0
0.2337531194,0.6740031834,0.08400115872,0.0,0.008242538448,0.0,0.0
0.1266053314,0.6062899963,0.2424306426,0.0,0.02467402975,0.0,0.0
0.2034032732,0.7025121398,0.06062155197,0.0,0.0334630351,0.0,0.0
0.1681854587,0.5757759616,0.2119543583,0.0,0.04408422137,0.0,0.0
0.1573056047,0.7580261242,0.05388238866,0.0,0.03078588249,0.0,0.0
0.1478442291,0.6408764816,0.1755171767,0.0,0.03576211255,0.0,0.0
0.1765531388,0.6899588926,0.1114961567,0.0,0.02199181189,0.0,0.0
0.2625541923,0.4631387892,0.2639643893,0.0,0.0103426292,0.0,0.0
0.159914436,0.5986612724,0.2114735963,0.0,0.02995069531,0.0,0.0
0.1773992741,0.7121158144,0.07158806457,0.0,0.0388968469,0.0,0.0
0.2405131724,0.5189354399,0.2240718726,0.0,0.01647951518,0.0,0.0
0.2359601872,0.6308711788,0.1252475892,0.0,0.007921044758,0.0,0.0
0.1259501978,0.5705339855,0.2745352236,0.0,0.02898059307,0.0,0.0
0.2237801389,0.722399099,0.02037266791,0.0,0.03344809419,0.0,0.0
0.2075028462,0.6478007876,0.1381404023,0.0,0.006555963951,0.0,0.0
0.1525620636,0.7073652338,0.1210446017,0.0,0.01902810085,0.0,0.0
0.1976794195,0.5011611952,0.2611404281,0.0,0.04001895721,0.0,0.0
0.1414565238,0.5872445537,0.2666450199,0.0,0.004653902614,0.0,0.0
0.2045027992,0.7373415335,0.04467860391,0.0,0.01347706339,0.0,0.0
0.139622568,0.530686708,0.307298559,0.0,0.02239216498,0.0,0.0
0.179579099,0.7973583894,0.01288725685,0.0,0.01017525479,0.0,0.0
0.2487108934,0.5860753388,0.1414384011,0.0,0.02377536675,0.0,0.0
0.2336418828,0.6708234305,0.05407353082,0.0,0.04146115592,0.0,0.0
0.1328781356,0.6587246497,0.1953120996,0.0,0.01308511506,0.0,0.0
0.1621551195,0.5280050768,0.2933183492,0.0,0.01652145453,0.0,0.0
0.2106161054,0.5986950922,0.1606915015,0.0,0.02999730084,0.0,0.0
0.1437263467,0.6424526887,0.1948204695,0.0,0.01900049507,0.0,0.0
0.1878357079,0.7085835796,0.09800701504,0.0,0.005573697469,0.0,0.0
0.1641736801,0.6864655954,0.1359190277,0.0,0.01344169684,0.0,0.0
0.2390066619,0.4832761223,0.2321694764,0.0,0.0455477393,0.0,0.0
0.128049822,0.5974289624,0.2636323969,0.0,0.01088881873,0.0,0.0
0.2318867731,0.7170196463,0.03279342557,0.0,0.01830015505,0.0,0.0
0.1866284516,0.5970326731,0.1927295651,0.0,0.02360931031,0.0,0.0
0.1612200237,0.7350400405,0.06969985137,0.0,0.03404008442,0.0,0.0
0.2025525756,0.5354833793,0.2398031777,0.0,0.02216086745,0.0,0.0
0.1340110538,0.5417788898,0.2895430924,0.0,0.0346669641,0.0,0.0
0.198565815,0.7374852857,0.02498646207,0.0,0.03896243722,0.0,0.0
0.1491183268,0.5783183183,0.2340836255,0.0,0.03847972939,0.0,0.0
0.1711724592,0.7468773786,0.05591483205,0.0,0.0260353301,0.0,0.0
0.2379801427,0.5865734533,0.1682274527,0.0,0.007218951388,0.0,0.0
0.2461218655,0.7256673344,0.01290665704,0.0,0.01530414311,0.0,0.0
0.1364475947,0.6615272546,0.1615309464,0.0,0.0404942042,0.0,0.0
0.1980719815,0.6723284191,0.1019549736,0.0,0.02764462578,0.0,0.0
0.1806924134,0.6300209421,0.1624980515,0.0,0.026788593,0.0,0.0
0.1477079757,0.7023443617,0.1141752131,0.0,0.03577244956,0.0,0.0
0.1788504077,0.5216624321,0.2803567761,0.0,0.01913038407,0.0,0.0
0.1402790315,0.5991150606,0.2307962784,0.0,0.02980962944,0.0,0.0
0.1836893174,0.7295098564,0.04809431401,0.0,0.03870651213,0.0,0.0
0.1480065857,0.5450695352,0.2696362773,0.0,0.03728760186,0.0,0.0
0.1896231613,0.7728931713,0.01633544543,0.0,0.02114822194,0.0,0.0
0.1327142287,0.6092748739,0.2142980446,0.0,0.04371285281,0.0,0.0
0.2143125094,0.6785941419,0.07544511556,0.0,0.03164823315,0.0,0.0
0.1799439875,0.5509955128,0.255233606,0.0,0.01382689375,0.0,0.0
0.2163637883,0.5627769381,0.1884933615,0.0,0.03236591212,0.0,0.0
0.1606522439,0.6765826425,0.1420883674,0.0,0.02067674613,0.0,0.0
0.1900293016,0.6739252206,0.125358505,0.0,0.01068697282,0.0,0.0
0.1676015245,0.6480762967,0.1796604879,0.0,0.004661690974,0.0,0.0
0.1670831487,0.7310700531,0.0882690716,0.0,0.01357772663,0.0,0.0
0.228370606,0.5244630484,0.2059635093,0.0,0.04120283629,0.0,0.0
0.2312234978,0.6501726422,0.09413413804,0.0,0.02446972199,0.0,0.0
0.2235394483,0.7491360782,0.009779378797,0.0,0.01754509478,0.0,0.0
0.1655398083,0.5573668782,0.2424200525,0.0,0.03467326099,0.0,0.0
0.1579276937,0.7700688258,0.03228659822,0.0,0.0397168823,0.0,0.0
0.206190956,0.5765376945,0.2055195648,0.0,0.0117517847,0.0,0.0
0.152957563,0.6715455802,0.1530108349,0.0,0.02248602191,0.0,0.0
0.1716515962,0.6610010941,0.1326716625,0.0,0.03467564716,0.0,0.0
0.2512319369,0.4889325506,0.2370867002,0.0,0.02274881237,0.0,0.0
0.170333545,0.6066572051,0.1812754946,0.0,0.04173375539,0.0,0.0
0.1688713332,0.708449459,0.09461992355,0.0,0.02805928432,0.0,0.0
0.2576896034,0.5415232043,0.1976402222,0.0,0.003146970119,0.0,0.0
0.2435313647,0.63714101,0.1018644635,0.0,0.01746316184,0.0,0.0
0.1984466558,0.6314613958,0.150799308,0.0,0.01929264043,0.0,0.0
0.1588004374,0.7266205433,0.1084054953,0.0,0.006173524002,0.0,0.0
0.1839769128,0.5006586329,0.2878553659,0.0,0.02750908836,0.0,0.0
0.1453789903,0.5948229146,0.2443740767,0.0,0.01542401842,0.0,0.0
0.2009039941,0.7366466557,0.05828085846,0.0,0.004168491724,0.0,0.0
0.1395276354,0.5563207938,0.2922206788,0.0,0.01193089198,0.0,0.0
0.1819378016,0.7742511507,0.02500304319,0.0,0.01880800452,0.0,0.0
0.2455923918,0.593422932,0.1277864714,0.0,0.03319820475,0.0,0.0
0.2358505286,0.6916328701,0.04300161694,0.0,0.02951498433,0.0,0.0
0.2051348882,0.7120254819,0.07058631813,0.0,0.01225331176,0.0,0.0
0.1765796297,0.5965991715,0.2059990447,0.0,0.02082215418,0.0,0.0
0.1548700842,0.7532954565,0.08224128319,0.0,0.009593176083,0.0,0.0
0.1867233198,0.5535185803,0.2336106676,0.0,0.02614743234,0.0,0.0
0.2442764937,0.5981993772,0.1154512999,0.0,0.0420728292,0.0,0.0
0.1308725795,0.5690171952,0.2852975306,0.0,0.01481269469,0.0,0.0
0.162960917,0.6026985463,0.227770476,0.0,0.006570060707,0.0,0.0
0.184758199,0.7499469673,0.04800028168,0.0,0.01729455203,0.0,0.0
0.252276114,0.5409192908,0.1677943516,0.0,0.03901024355,0.0,0.0
0.1476552297,0.6708772562,0.1759986532,0.0,0.005468860848,0.0,0.0
0.2072981929,0.6663677177,0.1119426909,0.0,0.0143913985,0.0,0.0
0.1644206354,0.5058016126,0.299430456,0.0,0.03034729599,0.0,0.0
0.1681612065,0.7871073341,0.007685972783,0.0,0.03704548667,0.0,0.0
0.2372556496,0.5984559458,0.1482009013,0.0,0.01608750324,0.0,0.0
0.1532579712,0.6384011589,0.1804805187,0.0,0.02786035114,0.0,0.0
0.1915400847,0.688185051,0.08448353501,0.0,0.03579132929,0.0,0.0
0.1733492439,0.6512630779,0.1342662219,0.0,0.04112145633,0.0,0.0
0.1537962595,0.6899899909,0.1244666576,0.0,0.03174709198,0.0,0.0
0.2396068076,0.6773542159,0.06258941931,0.0,0.02044955716,0.0,0.0
0.1156970261,0.5749827108,0.2712271659,0.0,0.03809309715,0.0,0.0
0.2195363924,0.7182075304,0.04023829085,0.0,0.02201778638,0.0,0.0
0.1905737592,0.6291508852,0.1440525129,0.0,0.03622284268,0.0,0.0
0.1418172774,0.7007511407,0.131234926,0.0,0.02619665587,0.0,0.0
0.1885459392,0.5384710447,0.2642237038,0.0,0.008759312261,0.0,0.0
0.1303060956,0.5806329269,0.2455373583,0.0,0.04352361916,0.0,0.0
0.1956835277,0.7407928255,0.03664129938,0.0,0.02688234741,0.0,0.0
0.1482047398,0.5367471232,0.2905155812,0.0,0.02453255586,0.0,0.0
0.1874892136,0.775469301,0.005252134722,0.0,0.03178935069,0.0,0.0
0.1356052073,0.630781064,0.1995154372,0.0,0.03409829143,0.0,0.0
0.2122846206,0.6593860044,0.0874837208,0.0,0.04084565417,0.0,0.0
0.1676951261,0.7569551649,0.06278363765,0.0,0.01256607131,0.0,0.0
0.2171929796,0.5773145785,0.1614555705,0.0,0.04403687143,0.0,0.0
0.163147608,0.6575504918,0.1686153935,0.0,0.01068650663,0.0,0.0
0.1857852679,0.6926740591,0.1014358806,0.0,0.02010479241,0.0,0.0
0.1582689567,0.6210211837,0.2060696119,0.0,0.01464024769,0.0,0.0
0.1747395255,0.7547612794,0.06588686382,0.0,0.004612331303,0.0,0.0
0.2097067689,0.5196025896,0.2389583067,0.0,0.03173233482,0.0,0.0
0.2118880503,0.6343980732,0.1166951483,0.0,0.0370187281,0.0,0.0
0.1176850584,0.5689056919,0.2930154798,0.0,0.02039376995,0.0,0.0
0.2189827543,0.7461601551,0.02855727941,0.0,0.006299811135,0.0,0.0
0.1637080279,0.5628754712,0.2680863332,0.0,0.005330167733,0.0,0.0
0.1663979072,0.7994322488,0.02017006064,0.0,0.01399978336,0.0,0.0
0.2118561948,0.6141154428,0.1355581487,0.0,0.03847021374,0.0,0.0
0.1453292261,0.6231825145,0.2253495394,0.0,0.006138720074,0.0,0.0
0.183125023,0.7239727661,0.07489518171,0.0,0.01800702923,0.0,0.0
0.2598573086,0.4871765485,0.2131953672,0.0,0.03977077568,0.0,0.0
0.175621519,0.6380287369,0.1728820172,0.0,0.01346772695,0.0,0.0
0.2179377302,0.4803539179,0.2688809488,0.0,0.03282740315,0.0,0.0
0.2378284016,0.6391880265,0.08965634046,0.0,0.03332723139,0.0,0.0
0.1333585223,0.6146634239,0.231334206,0.0,0.02064384778,0.0,0.0
0.2259947272,0.7117877789,0.0523662375,0.0,0.009851256415,0.0,0.0
0.1973133143,0.5945041146,0.1718917077,0.0,0.03629086346,0.0,0.0
0.1554135708,0.73735374,0.08487974404,0.0,0.02235294518,0.0,0.0
0.2135142275,0.5516766482,0.2253002923,0.0,0.009508831919,0.0,0.0
0.1238952004,0.5239932921,0.3065965694,0.0,0.04551493809,0.0,0.0
0.2111501636,0.745171814,0.0142239777,0.0,0.02945404473,0.0,0.0
0.1489916348,0.5688742103,0.2527897221,0.0,0.02934443281,0.0,0.0
0.1698945281,0.7517016418,0.04371935787,0.0,0.03468447218,0.0,0.0
0.2450901351,0.5585254632,0.1786985118,0.0,0.01768588998,0.0,0.0
0.1394714824,0.68459575,0.1477720211,0.0,0.02816074657,0.0,0.0
0.1953285205,0.6510769504,0.1142181817,0.0,0.03937634746,0.0,0.0
0.1623213628,0.5423841328,0.2873451123,0.0,0.007949392133,0.0,0.0
0.1617713731,0.7953257301,0.02682958399,0.0,0.01607331282,0.0,0.0
0.2212834078,0.6097158623,0.1324878857,0.0,0.03651284419,0.0,0.0
0.1454484702,0.6446374298,0.2061553922,0.0,0.003758707821,0.0,0.0
0.1897412363,0.7258724316,0.06872351551,0.0,0.01566281665,0.0,0.0
0.2488457841,0.4904615894,0.2189465198,0.0,0.04174610666,0.0,0.0
0.1817125176,0.6398364114,0.1571838595,0.0,0.02126721143,0.0,0.0
0.1687348011,0.7123189321,0.1101893511,0.0,0.008756915639,0.0,0.0
0.2268880931,0.470946364,0.2772571086,0.0,0.02490843429,0.0,0.0
0.2468091756,0.6395635713,0.07355757344,0.0,0.04006967973,0.0,0.0
0.1288189023,0.6101785139,0.2483216297,0.0,0.01268095404,0.0,0.0
0.2354178568,0.7074719659,0.05472983457,0.0,0.00238034267,0.0,0.0
0.1873148429,0.5884437456,0.1802728914,0.0,0.04396852013,0.0,0.0
0.1555309861,0.7156620209,0.0991903261,0.0,0.02961666699,0.0,0.0
0.1296456788,0.533683752,0.2991229864,0.0,0.03754758282,0.0,0.0
0.1445659839,0.5725918974,0.2514787569,0.0,0.03136336179,0.0,0.0
0.1757943967,0.7552243197,0.03290863937,0.0,0.03607264426,0.0,0.0
0.2328269637,0.5531729615,0.198490199,0.0,0.01550987571,0.0,0.0
0.2508824078,0.7252262352,0.01845527261,0.0,0.005436084344,0.0,0.0
0.1415729466,0.6812609969,0.1507973559,0.0,0.02636870068,0.0,0.0
0.1880526299,0.6480826171,0.1261384754,0.0,0.03772627756,0.0,0.0
0.1873477497,0.6398679912,0.133223209,0.0,0.03956105012,0.0,0.0
0.1443102847,0.6987106212,0.1273816595,0.0,0.02959743463,0.0,0.0
0.1803402609,0.5385717472,0.2759260063,0.0,0.00516198557,0.0,0.0
0.1311746956,0.5675444784,0.2610750695,0.0,0.04020575647,0.0,0.0
0.1901988678,0.7478148911,0.03856320636,0.0,0.0234230348,0.0,0.0
0.1383249088,0.5146645497,0.31210832,0.0,0.03490222147,0.0,0.0
0.1890757815,0.7605072558,0.01031359826,0.0,0.04010336451,0.0,0.0
0.2546748103,0.6789271559,0.05634845837,0.0,0.0100495754,0.0,0.0
0.1440527953,0.6491190328,0.1822116595,0.0,0.02461651236,0.0,0.0
0.2091464854,0.6767130472,0.08215542096,0.0,0.03198504645,0.0,0.0
0.1868386649,0.5788496775,0.2246242116,0.0,0.009687445964,0.0,0.0
0.1642117687,0.7626510677,0.05238690607,0.0,0.02075025753,0.0,0.0
0.2206391477,0.5646561327,0.1794383756,0.0,0.03526634401,0.0,0.0
0.1895723492,0.685026638,0.1138711243,0.0,0.01152988844,0.0,0.0
0.2619327775,0.4490483336,0.2443774264,0.0,0.04464146253,0.0,0.0
0.1606316701,0.6093129764,0.211873356,0.0,0.01818199749,0.0,0.0
0.1665411324,0.7435047453,0.08220236913,0.0,0.007751753139,0.0,0.0
0.2224639427,0.5258833786,0.2240235276,0.0,0.02762915112,0.0,0.0
0.2190159991,0.623795955,0.1165914094,0.0,0.0405966365,0.0,0.0
0.1174328539,0.5812056478,0.2845000846,0.0,0.01686141371,0.0,0.0
0.2277125972,0.7535754577,0.01560302434,0.0,0.003108920817,0.0,0.0
0.1829125736,0.5998718912,0.2045555418,0.0,0.01265999342,0.0,0.0
0.1877179377,0.5292331388,0.2487946404,0.0,0.03425428315,0.0,0.0
0.1253695398,0.5633783285,0.2880945229,0.0,0.02315760879,0.0,0.0
0.2022735139,0.7614653406,0.02822032023,0.0,0.008040825291,0.0,0.0
0.1655697232,0.5935725736,0.2367025806,0.0,0.004155122638,0.0,0.0
0.1787609051,0.7432477376,0.06260102761,0.0,0.01539032975,0.0,0.0
0.1451151551,0.6781827175,0.168994301,0.0,0.007707826384,0.0,0.0
0.2185032631,0.6704524689,0.09448133013,0.0,0.0165629379,0.0,0.0
0.163208211,0.5233486295,0.2854104517,0.0,0.02803270784,0.0,0.0
0.1731288901,0.7852151998,0.006230469095,0.0,0.03542544103,0.0,0.0
0.226696306,0.5976122474,0.1572063241,0.0,0.01848512245,0.0,0.0
0.1540352184,0.6240213713,0.1920113821,0.0,0.02993202817,0.0,0.0
0.1864889674,0.6882722338,0.08750135118,0.0,0.03773744761,0.0,0.0
0.165875557,0.6472214192,0.1527355056,0.0,0.03416751819,0.0,0.0
0.1573257785,0.6853029509,0.132667519,0.0,0.02470375163,0.0,0.0
0.2119740804,0.517454936,0.2597854197,0.0,0.01078556391,0.0,0.0
0.2308662234,0.6825712725,0.07347391723,0.0,0.01308858688,0.0,0.0
0.1205880402,0.5874379649,0.2468266692,0.0,0.04514732576,0.0,0.0
0.2134168704,0.7227521395,0.03496601926,0.0,0.02886497086,0.0,0.0
0.1608504247,0.5596378062,0.2543794867,0.0,0.02513228234,0.0,0.0
0.1593708866,0.7615617433,0.04737952037,0.0,0.03168784967,0.0,0.0
0.2003894927,0.5860844496,0.1926719027,0.0,0.02085415504,0.0,0.0
0.1569068944,0.6689436174,0.1428792819,0.0,0.03127020621,0.0,0.0
0.1682387721,0.6720460177,0.1165275686,0.0,0.04318764158,0.0,0.0
0.2596459623,0.4760055839,0.2506799498,0.0,0.01366850397,0.0,0.0
0.167947629,0.6144427393,0.1795823051,0.0,0.03802732654,0.0,0.0
0.1753735323,0.7162150006,0.08390627008,0.0,0.02450519706,0.0,0.0
0.2383613346,0.5350182206,0.2198847109,0.0,0.006735733925,0.0,0.0
0.2385943911,0.6511324095,0.09618202033,0.0,0.01409117898,0.0,0.0
0.1169862097,0.5343116137,0.3055794501,0.0,0.04312272656,0.0,0.0
0.2301456989,0.7305745074,0.01127793277,0.0,0.02800186096,0.0,0.0
0.2020037156,0.6138798718,0.167986637,0.0,0.01612977555,0.0,0.0
0.1544649824,0.7265756849,0.1159202677,0.0,0.003039065014,0.0,0.0
0.1898086249,0.4980908803,0.2807715566,0.0,0.03132893812,0.0,0.0
0.1458723766,0.6108953881,0.2246460952,0.0,0.01858614014,0.0,0.0
0.2067620593,0.7348564074,0.05102447641,0.0,0.007357056857,0.0,0.0
0.1790348753,0.7874210865,0.02289164874,0.0,0.01065238939,0.0,0.0
0.2501351363,0.5764852742,0.131122576,0.0,0.04225701343,0.0,0.0
0.2505275144,0.6985310524,0.03015785187,0.0,0.02078358139,0.0,0.0
0.1297251097,0.633497964,0.2268534543,0.0,0.009923471977,0.0,0.0
0.2075615767,0.7005415515,0.07114075431,0.0,0.02075611744,0.0,0.0
0.1863189829,0.6258340895,0.1577377317,0.0,0.03010919587,0.0,0.0
0.1454669283,0.7126381548,0.1032747468,0.0,0.03862017015,0.0,0.0
0.1793018144,0.502785632,0.3026100612,0.0,0.0153024924,0.0,0.0
0.1372464741,0.6015632124,0.2346340023,0.0,0.02655631128,0.0,0.0
0.1857449368,0.7196833979,0.05872857458,0.0,0.03584309065,0.0,0.0
0.1497346832,0.5298013409,0.2737850907,0.0,0.04667888517,0.0,0.0
0.1806695593,0.7594444713,0.03050926514,0.0,0.02937670421,0.0,0.0
0.1331658296,0.6243242386,0.2078453536,0.0,0.03466457822,0.0,0.0
0.225776094,0.689571196,0.06166841652,0.0,0.02298429351,0.0,0.0
0.1771055104,0.5593399461,0.2401444058,0.0,0.02341013772,0.0,0.0
0.1704506807,0.7812220819,0.03960706451,0.0,0.008720172919,0.0,0.0
0.2074102138,0.5693854071,0.199719361,0.0,0.02348501808,0.0,0.0
0.1642320417,0.6681536855,0.1558888392,0.0,0.01172543366,0.0,0.0
0.1590217341,0.6328606216,0.1995358477,0.0,0.008581796637,0.0,0.0
0.1684140527,0.7206525856,0.09387720863,0.0,0.01705615305,0.0,0.0
0.2208812496,0.5354357633,0.205898895,0.0,0.03778409212,0.0,0.0
0.2215660861,0.6446005555,0.1059398404,0.0,0.02789351805,0.0,0.0
0.1195640296,0.5694550588,0.3073995748,0.0,0.003581336897,0.0,0.0
0.2185028192,0.7634872617,0.003937631308,0.0,0.01407228779,0.0,0.0
0.1535272833,0.5223250253,0.3053444921,0.0,0.0188031993,0.0,0.0
0.1671848274,0.8119337782,0.01435585393,0.0,0.006525540394,0.0,0.0
0.2088992467,0.6143128378,0.1493569535,0.0,0.02743096192,0.0,0.0
0.1481667227,0.6476222076,0.1871021957,0.0,0.01710887399,0.0,0.0
0.1870757997,0.7269438704,0.08235391812,0.0,0.003626411712,0.0,0.0
0.1795708745,0.6655320485,0.1460391507,0.0,0.008857926338,0.0,0.0
0.1703868886,0.6875716266,0.1214819904,0.0,0.02055949441,0.0,0.0
0.2248778534,0.4805066946,0.2566212509,0.0,0.03799420115,0.0,0.0
0.248162358,0.6579864637,0.06325010166,0.0,0.03060107663,0.0,0.0
0.1311772095,0.5970382689,0.2688525749,0.0,0.002931946706,0.0,0.0
0.2257149285,0.7203711723,0.04257649545,0.0,0.01133740375,0.0,0.0
0.1861272951,0.574126358,0.2078963319,0.0,0.03185001493,0.0,0.0
0.155917287,0.7261898522,0.07649256572,0.0,0.04140029512,0.0,0.0
0.2130454825,0.5356992957,0.2369989031,0.0,0.01425631874,0.0,0.0
0.1359425068,0.5673915628,0.2705189748,0.0,0.02614695566,0.0,0.0
0.2076106675,0.7409541156,0.0197812285,0.0,0.03165398838,0.0,0.0
0.1551553073,0.5864698058,0.2178466874,0.0,0.04052819957,0.0,0.0
0.1674788196,0.7499318703,0.05450978572,0.0,0.02807952434,0.0,0.0
0.2472631802,0.5733698484,0.1741676081,0.0,0.005199363364,0.0,0.0
0.1312056169,0.6551885948,0.1749114474,0.0,0.03869434097,0.0,0.0
0.2041136227,0.6662707697,0.1041533788,0.0,0.02546222879,0.0,0.0
0.1704307098,0.5613533421,0.2327653013,0.0,0.03545064686,0.0,0.0
0.1536955564,0.7630386269,0.06053615778,0.0,0.02272965892,0.0,0.0
0.2100302658,0.6014325886,0.1771998953,0.0,0.0113372504,0.0,0.0
0.1465735006,0.651975373,0.1574402106,0.0,0.0440109158,0.0,0.0
0.1802539822,0.6866020046,0.1026444934,0.0,0.03049951983,0.0,0.0
0.1687604769,0.6071452398,0.1978442144,0.0,0.02625006884,0.0,0.0
0.1739173556,0.7206813522,0.06957367862,0.0,0.0358276136,0.0,0.0
0.2456130464,0.505835123,0.2281381988,0.0,0.02041363176,0.0,0.0
0.2502763881,0.6365129235,0.1089951956,0.0,0.00421549288,0.0,0.0
0.120174039,0.5563034275,0.2908721184,0.0,0.03265041519,0.0,0.0
0.2289534752,0.7129768568,0.02153675708,0.0,0.03653291086,0.0,0.0
0.2015977036,0.6492276167,0.1463467098,0.0,0.002827969901,0.0,0.0
0.1531188515,0.6923389227,0.1388307159,0.0,0.01571150999,0.0,0.0
0.1922108833,0.5153816018,0.2491200734,0.0,0.04328744139,0.0,0.0
0.1472649643,0.5900211444,0.2543397636,0.0,0.008374127665,0.0,0.0
0.2009790204,0.7508404357,0.03134879104,0.0,0.01683175286,0.0,0.0
0.1383292101,0.5416812983,0.3076671718,0.0,0.01232231981,0.0,0.0
0.2317872017,0.5761726216,0.159154656,0.0,0.03288552075,0.0,0.0
0.231288739,0.6870321284,0.0486116662,0.0,0.03306746648,0.0,0.0
0.1343419708,0.6484192056,0.1948426096,0.0,0.02239621399,0.0,0.0
0.2021740624,0.6937078731,0.09465991524,0.0,0.009458149252,0.0,0.0
0.1831193621,0.6338595344,0.1806857808,0.0,0.002335322714,0.0,0.0
0.1543396206,0.7402483622,0.09329993079,0.0,0.01211208636,0.0,0.0
0.1901196506,0.5466463226,0.2198383277,0.0,0.04339569902,0.0,0.0
0.1256899056,0.5419581755,0.3230725131,0.0,0.0092794057,0.0,0.0
0.1963446028,0.7746953603,0.009360292115,0.0,0.01959974481,0.0,0.0
0.1549758211,0.5642680484,0.2633690203,0.0,0.01738711016,0.0,0.0
0.1869232715,0.7665815967,0.04257837744,0.0,0.003916754339,0.0,0.0
0.2466674171,0.5416683643,0.1830029338,0.0,0.02866128489,0.0,0.0
0.1499994433,0.6925367155,0.1407653881,0.0,0.01669845299,0.0,0.0
0.2117797858,0.661944998,0.1189142803,0.0,0.007360935864,0.0,0.0
0.1736045335,0.5243816365,0.2611313868,0.0,0.04088244316,0.0,0.0
0.1675572951,0.791045749,0.01756227942,0.0,0.02383467643,0.0,0.0
0.2378687158,0.6127933016,0.1432497265,0.0,0.006088256068,0.0,0.0
0.1434274792,0.607672237,0.2083283447,0.0,0.04057193909,0.0,0.0
0.1992241805,0.6984730809,0.07415737901,0.0,0.02814535952,0.0,0.0
0.1663121508,0.6389264386,0.1697776895,0.0,0.02498372111,0.0,0.0
0.156878282,0.6928572378,0.1169043428,0.0,0.03336013746,0.0,0.0
0.2177844253,0.4910946904,0.2697206872,0.0,0.02140019708,0.0,0.0
0.1237683267,0.6103278619,0.2333523111,0.0,0.03255150036,0.0,0.0
0.2113578962,0.7028225096,0.04541015057,0.0,0.04040944369,0.0,0.0
0.154097851,0.6791009352,0.0,0.1385299957,0.02827121807,0.0,0.0
0.141963276,0.5331864799,0.0,0.2879214524,0.03692879165,0.0,0.0
0.231835143,0.63981783,0.0,0.124172309,0.004174718002,0.0,0.0
0.1672927045,0.5544459334,0.0,0.2576985433,0.02056281879,0.0,0.0
0.1581853328,0.7871276641,0.0,0.02236798955,0.03231901356,0.0,0.0
0.1104768443,0.5138691107,0.0,0.3416232298,0.03403081516,0.0,0.0
0.2182656491,0.6679478496,0.0,0.08761098709,0.02617551419,0.0,0.0
0.2153325769,0.5631471781,0.0,0.2129560324,0.00856421258,0.0,0.0
0.1947801712,0.7049342615,0.0,0.06563821844,0.03464734885,0.0,0.0
0.1445193345,0.6092430832,0.0,0.2229207383,0.02331684403,0.0,0.0
0.1893134873,0.7596360157,0.0,0.04009155886,0.01095893819,0.0,0.0
0.1681176998,0.5432045198,0.0,0.271113438,0.0175643424,0.0,0.0
0.1472605884,0.6734004583,0.0,0.1716679753,0.007670977934,0.0,0.0
0.1369936877,0.6580120161,0.0,0.2024642208,0.002530075376,0.0,0.0
0.2060105211,0.6985294977,0.0,0.08222793549,0.01323204571,0.0,0.0
0.1720000902,0.5092855056,0.0,0.2899419336,0.0287724706,0.0,0.0
0.2182174624,0.5249564594,0.0,0.2300862083,0.02673986996,0.0,0.0
0.1759078095,0.6966934646,0.0,0.1218788996,0.005519826302,0.0,0.0
0.1224948345,0.5341666809,0.0,0.3282031957,0.01513528887,0.0,0.0
0.1419926708,0.6057385629,0.0,0.2400755105,0.01219325581,0.0,0.0
0.1958079342,0.7691522779,0.0,0.03166266065,0.003377127331,0.0,0.0
0.1892908581,0.4728981566,0.0,0.3182716407,0.01953934465,0.0,0.0
0.1932671871,0.5665351833,0.0,0.2039394566,0.03625817305,0.0,0.0
0.1814454904,0.6325805094,0.0,0.1709910808,0.01498291936,0.0,0.0
0.1200478126,0.580473081,0.0,0.2938294578,0.005649648571,0.0,0.0
0.1945950729,0.6107450741,0.0,0.184755225,0.009904628009,0.0,0.0
0.2261236815,0.6089155953,0.0,0.1331454572,0.03181526598,0.0,0.0
0.1417353938,0.524087015,0.0,0.3260283016,0.008149289585,0.0,0.0
0.1669417358,0.6854479916,0.0,0.1297774563,0.01783281632,0.0,0.0
0.1282689893,0.5367843483,0.0,0.3096225562,0.02532410626,0.0,0.0
0.1797103014,0.6338594365,0.0,0.1510899275,0.03534033463,0.0,0.0
0.199141421,0.5018489171,0.0,0.2968044828,0.002205179049,0.0,0.0
0.1241668707,0.5891825285,0.0,0.2544746822,0.03217591872,0.0,0.0
0.1440916571,0.7034466499,0.0,0.114512624,0.03794906898,0.0,0.0
0.1474147474,0.483679322,0.0,0.3416369837,0.02726894694,0.0,0.0
0.1576678582,0.6071516875,0.0,0.2046679917,0.0305124626,0.0,0.0
0.1707382513,0.7579093856,0.0,0.0488197991,0.022532564,0.0,0.0
0.12441438,0.556331436,0.0,0.2868015305,0.03245265348,0.0,0.0
0.1662017496,0.6343197969,0.0,0.1761720779,0.02330637553,0.0,0.0
0.1733204704,0.4894455008,0.0,0.3187776744,0.01845635429,0.0,0.0
0.2212339337,0.7197444719,0.0,0.02161026021,0.03741133419,0.0,0.0
0.1253750197,0.6157916446,0.0,0.233406296,0.02542703974,0.0,0.0
0.1473423774,0.6942922259,0.0,0.13754523,0.02082016664,0.0,0.0
0.1586607627,0.4957735714,0.0,0.3158643318,0.02970133411,0.0,0.0
0.1740374211,0.618668102,0.0,0.1790393598,0.02825511711,0.0,0.0
0.1730786141,0.7191788046,0.0,0.06827846932,0.03946411193,0.0,0.0
0.1445774015,0.5894797067,0.0,0.260851249,0.005091642792,0.0,0.0
0.2067254919,0.7707474346,0.0,0.006374563662,0.01615250983,0.0,0.0
0.2159615459,0.466007441,0.0,0.2821648533,0.03586615988,0.0,0.0
0.2143459841,0.5840328071,0.0,0.1818165831,0.01980462567,0.0,0.0
0.2037844079,0.6460653933,0.0,0.1472250319,0.002925166842,0.0,0.0
0.1228514088,0.5538225542,0.0,0.3106169344,0.01270910263,0.0,0.0
0.1583438584,0.7702170475,0.0,0.05322031675,0.01821877732,0.0,0.0
0.1759384064,0.6079547974,0.0,0.20877552,0.007331276223,0.0,0.0
0.2100163749,0.6091287588,0.0,0.1563691879,0.02448567841,0.0,0.0
0.1308373802,0.5098351224,0.0,0.348967428,0.01036006936,0.0,0.0
0.1830773269,0.7928503397,0.0,0.01551816074,0.008554172658,0.0,0.0
0.1450231407,0.5784106482,0.0,0.2596727417,0.01689346951,0.0,0.0
0.2261726516,0.677528791,0.0,0.07289276716,0.02340579028,0.0,0.0
0.1458393346,0.6957350098,0.0,0.1481628183,0.0102628374,0.0,0.0
0.1366991964,0.6291607203,0.0,0.219702741,0.01443734231,0.0,0.0
0.2227868189,0.7136003441,0.0,0.05787697529,0.005735861653,0.0,0.0
0.1957788899,0.5153756734,0.0,0.2620807705,0.02676466616,0.0,0.0
0.192339174,0.6987869279,0.0,0.09596815995,0.01290573818,0.0,0.0
0.128101028,0.5182265964,0.0,0.3502319179,0.003440457731,0.0,0.0
0.1544846102,0.6564805616,0.0,0.158423398,0.03061143023,0.0,0.0
0.1550437057,0.5562090574,0.0,0.2677948281,0.02095240885,0.0,0.0
0.1826824286,0.553407387,0.0,0.2266825911,0.03722759335,0.0,0.0
0.1630966996,0.7633746573,0.0,0.04377773512,0.02975090799,0.0,0.0
0.1098487985,0.5428793632,0.0,0.3245556294,0.02271620888,0.0,0.0
0.1973469004,0.6603271064,0.0,0.1091360499,0.0331899432,0.0,0.0
0.1988681508,0.5551367587,0.0,0.235032644,0.01096244642,0.0,0.0
0.2093211676,0.4934644461,0.0,0.2877602431,0.009454143174,0.0,0.0
0.1850135592,0.7005758947,0.0,0.08731197924,0.0270985669,0.0,0.0
0.1426101786,0.624367279,0.0,0.1978320712,0.0351904713,0.0,0.0
0.1689106938,0.7435223837,0.0,0.08427590029,0.003291022246,0.0,0.0
0.1645198543,0.6267928681,0.0,0.1964641058,0.01222317175,0.0,0.0
0.1549818799,0.5223104009,0.0,0.3168256455,0.005882073706,0.0,0.0
0.1435833137,0.7128832164,0.0,0.1282005434,0.01533292643,0.0,0.0
0.1310074017,0.6099728493,0.0,0.2492933322,0.009726416871,0.0,0.0
0.1826970646,0.4707991888,0.0,0.3246382232,0.02186552342,0.0,0.0
0.1789816256,0.6378834418,0.0,0.1657713267,0.01736360587,0.0,0.0
0.1357618095,0.5737099856,0.0,0.282473394,0.00805481091,0.0,0.0
0.1720655957,0.697446348,0.0,0.09467904897,0.03580900727,0.0,0.0
0.1386521254,0.5048467781,0.0,0.3314665323,0.02503456416,0.0,0.0
0.2245328772,0.5962848738,0.0,0.1676308081,0.01155144096,0.0,0.0
0.1789622541,0.5744741032,0.0,0.2137427906,0.03282085207,0.0,0.0
0.1619637999,0.7468138001,0.0,0.06638962623,0.02483277377,0.0,0.0
0.1171239362,0.5578858022,0.0,0.297337856,0.02765240566,0.0,0.0
0.1875315217,0.6408555605,0.0,0.133702963,0.03790995482,0.0,0.0
0.2033711977,0.6044326063,0.0,0.1761057716,0.01609042439,0.0,0.0
0.201126142,0.4849232542,0.0,0.3094092215,0.004541382245,0.0,0.0
0.1924646672,0.766186228,0.0,0.0189179733,0.02243113154,0.0,0.0
0.1318342505,0.5699056957,0.0,0.2684936099,0.02976644395,0.0,0.0
0.1152547712,0.4947526001,0.0,0.3537683626,0.03622426614,0.0,0.0
0.1765806691,0.686529313,0.0,0.1084659747,0.02842404327,0.0,0.0
0.2230388762,0.5448183817,0.0,0.2260704652,0.006072276935,0.0,0.0
0.1868808461,0.5378145156,0.0,0.2611229384,0.01418169985,0.0,0.0
0.2065766395,0.7122284056,0.0,0.04878400684,0.03241094808,0.0,0.0
0.1311672891,0.6369331052,0.0,0.2109072701,0.02099233553,0.0,0.0
0.1482764081,0.6696347807,0.0,0.156403873,0.02568493821,0.0,0.0
0.1599766855,0.5084277157,0.0,0.2970090867,0.03458651216,0.0,0.0
0.2393391709,0.6579474872,0.0,0.0831024971,0.01961084485,0.0,0.0
0.15444232,0.576962905,0.0,0.2456755347,0.02291924028,0.0,0.0
0.2011625367,0.7105444881,0.0,0.07755370875,0.01073926646,0.0,0.0
0.2077939596,0.5290449751,0.0,0.2387814648,0.02437960055,0.0,0.0
0.2122898853,0.6582733282,0.0,0.1213794766,0.008057309987,0.0,0.0
0.1136870577,0.5330646585,0.0,0.335857558,0.01739072579,0.0,0.0
0.1602259483,0.7907469061,0.0,0.03557061666,0.01345652897,0.0,0.0
0.1794946672,0.5881758899,0.0,0.2296993193,0.002630123589,0.0,0.0
0.2317342555,0.6561111829,0.0,0.09200043709,0.0201541246,0.0,0.0
0.1446040881,0.5553698971,0.0,0.2849322669,0.0150937479,0.0,0.0
0.1487770565,0.6686134282,0.0,0.1773658671,0.005243648279,0.0,0.0
0.1410511935,0.6294363933,0.0,0.2126006582,0.01691175501,0.0,0.0
0.1923199461,0.745117169,0.0,0.05433076027,0.008232124655,0.0,0.0
0.2195341505,0.5057846546,0.0,0.2502189912,0.02446220373,0.0,0.0
0.1938236097,0.5543424175,0.0,0.2202594546,0.03157451817,0.0,0.0
0.2066053513,0.682980743,0.0,0.09993229428,0.01048161141,0.0,0.0
0.1720214176,0.8120998158,0.0,0.009875827197,0.006002939471,0.0,0.0
0.1823152879,0.5592050752,0.0,0.2438164271,0.01466320977,0.0,0.0
0.1534479725,0.5375809267,0.0,0.3056384106,0.00333269025,0.0,0.0
0.1621444429,0.6748024141,0.0,0.1503327804,0.01272036263,0.0,0.0
0.1261400082,0.5188885648,0.0,0.3345493083,0.02042211872,0.0,0.0
0.1787719568,0.6625143733,0.0,0.128117939,0.03059573093,0.0,0.0
0.1916753474,0.5206203191,0.0,0.2805840202,0.007120313291,0.0,0.0
0.2177025935,0.6847958533,0.0,0.06774134325,0.02976020995,0.0,0.0
0.1406239991,0.6399078825,0.0,0.1817960934,0.03767202506,0.0,0.0
0.1354141327,0.6537689666,0.0,0.1780592188,0.03275768189,0.0,0.0
0.1551399125,0.5395245664,0.0,0.2821149884,0.0232205327,0.0,0.0
0.2394350367,0.6961583622,0.0,0.06230385891,0.002102742203,0.0,0.0
0.1511961778,0.5927937106,0.0,0.2211015981,0.03490851354,0.0,0.0
0.1799942044,0.7664554799,0.0,0.02607428351,0.02747603215,0.0,0.0
0.1602853595,0.6978015179,0.0,0.1184947198,0.02341840273,0.0,0.0
0.1328525692,0.5250481216,0.0,0.3100985604,0.03200074882,0.0,0.0
0.2136744354,0.6278494161,0.0,0.1492994358,0.009176712661,0.0,0.0
0.1779562804,0.6021293006,0.0,0.1941218184,0.02579260063,0.0,0.0
0.1511317797,0.7247353831,0.0,0.08734410372,0.03678873348,0.0,0.0
0.1250785809,0.5729088912,0.0,0.2717949934,0.03021753447,0.0,0.0
0.1943501538,0.6294360001,0.0,0.1551594891,0.02105435702,0.0,0.0
0.2177029214,0.5843677269,0.0,0.1940249633,0.003904388445,0.0,0.0
0.2041507818,0.4584088948,0.0,0.3213222803,0.01611804306,0.0,0.0
0.1971967837,0.7246221462,0.0,0.03855953361,0.03962153646,0.0,0.0
0.1452447268,0.5840852398,0.0,0.2429360419,0.02773399153,0.0,0.0
0.178473358,0.7480488644,0.0,0.05773856457,0.01573921306,0.0,0.0
0.1694474964,0.6094052848,0.0,0.2163021798,0.004845039112,0.0,0.0
0.1627755192,0.4942559295,0.0,0.3301670732,0.01280147812,0.0,0.0
0.1586550107,0.7343031658,0.0,0.1040469466,0.002994876911,0.0,0.0
0.1199222468,0.5995508939,0.0,0.2731372208,0.007389638456,0.0,0.0
0.2235551745,0.7460816138,0.0,0.0116905681,0.01867264364,0.0,0.0
0.1762291969,0.4875823022,0.0,0.302777793,0.0334107079,0.0,0.0
0.1260776933,0.5584821597,0.0,0.3050326477,0.01040749935,0.0,0.0
0.1333862447,0.589849859,0.0,0.2528103043,0.023953592,0.0,0.0
0.2081011472,0.4875205541,0.0,0.2870236746,0.01735462415,0.0,0.0
0.1910903102,0.6361982068,0.0,0.1503571713,0.02235431168,0.0,0.0
0.1094150809,0.5462204814,0.0,0.3131355309,0.03122890689,0.0,0.0
0.1623359549,0.7527306183,0.0,0.04694109033,0.03799233644,0.0,0.0
0.1924024806,0.5856463355,0.0,0.1954379262,0.02651325771,0.0,0.0
0.2344828653,0.6093949367,0.0,0.1511095169,0.00501268104,0.0,0.0
0.1360783496,0.4904107846,0.0,0.3447437999,0.02876706596,0.0,0.0
0.1667889075,0.7004524918,0.0,0.1124998357,0.02025876502,0.0,0.0
0.1397128543,0.5628967821,0.0,0.2835316888,0.01385867477,0.0,0.0
0.1755732275,0.6466225303,0.0,0.1738435121,0.003960730182,0.0,0.0
0.1761694002,0.4715090506,0.0,0.3154932486,0.03682830055,0.0,0.0
0.2247441432,0.7297722264,0.0,0.02800801303,0.01747561732,0.0,0.0
0.1344900989,0.616999002,0.0,0.2420917362,0.006419162846,0.0,0.0
0.152861101,0.5160648876,0.0,0.3199180542,0.01115595721,0.0,0.0
0.2419078348,0.7125952691,0.0,0.01081513519,0.03468176089,0.0,0.0
0.1618738829,0.6385045687,0.0,0.190590212,0.009031336366,0.0,0.0
0.1693218228,0.7357703169,0.0,0.07508641609,0.0198214442,0.0,0.0
0.1563124618,0.6643157678,0.0,0.1681483216,0.01122344881,0.0,0.0
0.1455016622,0.5693462464,0.0,0.2830935497,0.002058541583,0.0,0.0
0.2219229341,0.6469473993,0.0,0.09513567678,0.03599398983,0.0,0.0
0.1677344253,0.5820419216,0.0,0.2318693237,0.01835432939,0.0,0.0
0.1633144517,0.7871901527,0.0,0.03954583127,0.009949564394,0.0,0.0
0.1193081193,0.5438450477,0.0,0.3326784892,0.004168343788,0.0,0.0
0.209800774,0.6616343015,0.0,0.1149294291,0.01363549538,0.0,0.0
0.1985635463,0.5377057516,0.0,0.2338753203,0.02985538182,0.0,0.0
0.19313061,0.7172553519,0.0,0.08219775847,0.00741627971,0.0,0.0
0.1543210125,0.6360109653,0.0,0.1934348426,0.01623317964,0.0,0.0
0.1839722639,0.7671761704,0.0,0.02026177533,0.02858979035,0.0,0.0
0.1573455471,0.5524419501,0.0,0.2545695751,0.03564292764,0.0,0.0
0.1711618188,0.5263031989,0.0,0.2826665673,0.01986841498,0.0,0.0
0.1451998472,0.6866333452,0.0,0.1384782179,0.02968858966,0.0,0.0
0.1259724006,0.6168679309,0.0,0.2237867982,0.03337287025,0.0,0.0
0.2120081914,0.6990669177,0.0,0.06333996525,0.02558492558,0.0,0.0
0.1846635982,0.5296377105,0.0,0.2778914522,0.007807239075,0.0,0.0
0.1802722756,0.6969577513,0.0,0.09016783845,0.0326021346,0.0,0.0
0.1164610258,0.5187920584,0.0,0.3428719311,0.02187498467,0.0,0.0
0.1684591256,0.7558315821,0.0,0.04494099799,0.03076829435,0.0,0.0
0.1528436273,0.5857982413,0.0,0.2420755695,0.01928256193,0.0,0.0
0.2440319093,0.6928802428,0.0,0.04692634896,0.01616149901,0.0,0.0
0.1647180599,0.5384047622,0.0,0.2606959446,0.03618123323,0.0,0.0
0.1364919604,0.6725695577,0.0,0.1638929103,0.02704557167,0.0,0.0
0.1358814903,0.6381961246,0.0,0.2041295184,0.02179286678,0.0,0.0
0.2147311833,0.6675181144,0.0,0.08488892348,0.03286177882,0.0,0.0
0.1969892376,0.5000694241,0.0,0.2928615528,0.01007978545,0.0,0.0
0.1899574804,0.6724112584,0.0,0.1124115372,0.02521972398,0.0,0.0
0.1266875159,0.5243747449,0.0,0.3153452746,0.0335924646,0.0,0.0
0.1659735156,0.6794260743,0.0,0.1458160751,0.008784335039,0.0,0.0
0.1438328575,0.5384520377,0.0,0.2993223335,0.0183927713,0.0,0.0
0.2296587143,0.6294212425,0.0,0.1171113384,0.02380870479,0.0,0.0
0.1756194312,0.7944114729,0.0,0.01753732858,0.01243176733,0.0,0.0
0.1077060692,0.5221414728,0.0,0.354356403,0.01579605496,0.0,0.0
0.2020651064,0.6951948109,0.0,0.09638438734,0.006355695314,0.0,0.0
0.1942590356,0.5605208233,0.0,0.2176891443,0.0275309968,0.0,0.0
0.2060604684,0.5049119372,0.0,0.2583924751,0.03063511931,0.0,0.0
0.1891743829,0.7340959766,0.0,0.06167949516,0.01505014531,0.0,0.0
0.1464953335,0.6277097088,0.0,0.2216150964,0.004179861367,0.0,0.0
0.128253985,0.5533769614,0.0,0.3117301901,0.006638863438,0.0,0.0
0.1671922064,0.664354558,0.0,0.1523141223,0.01613911339,0.0,0.0
0.1689818133,0.5034893401,0.0,0.3066380592,0.02089078749,0.0,0.0
0.2238144988,0.7630720695,0.0,0.008326059966,0.004787371674,0.0,0.0
0.1251828811,0.5953616679,0.0,0.266027017,0.01342843399,0.0,0.0
0.1552197706,0.7169691031,0.0,0.1091438975,0.01866722876,0.0,0.0
0.1541696029,0.4961682859,0.0,0.3407985729,0.008863538335,0.0,0.0
0.1670492042,0.6096537279,0.0,0.2118520633,0.01144500455,0.0,0.0
0.1863920432,0.7568361163,0.0,0.05430317938,0.002468661176,0.0,0.0
0.1413853552,0.5986379641,0.0,0.2288806165,0.03109606429,0.0,0.0
0.2083658984,0.7441030844,0.0,0.02400453906,0.02352647813,0.0,0.0
0.2173476206,0.558352495,0.0,0.206993064,0.0173068203,0.0,0.0
0.1988190986,0.5992638804,0.0,0.1677773814,0.03413963963,0.0,0.0
0.1206853347,0.5629112399,0.0,0.2920373036,0.02436612181,0.0,0.0
0.152073297,0.7538982169,0.0,0.07329715661,0.02073132945,0.0,0.0
0.1816189724,0.6106301659,0.0,0.1786512932,0.02909956849,0.0,0.0
0.2246403538,0.630723052,0.0,0.1322731215,0.01236347279,0.0,0.0
0.1344948737,0.5113495336,0.0,0.3274845706,0.02667102206,0.0,0.0
0.1534749532,0.6744103141,0.0,0.1351205903,0.03699414239,0.0,0.0
0.1801471226,0.6835796971,0.0,0.1250768621,0.01119631815,0.0,0.0
0.2198831143,0.5165305936,0.0,0.2313006462,0.03228564594,0.0,0.0
0.1831952177,0.5098957695,0.0,0.2810651916,0.02584382118,0.0,0.0
0.2102419989,0.7050741372,0.0,0.07481312141,0.009870742497,0.0,0.0
0.1325918491,0.6563410724,0.0,0.1924206132,0.01864646532,0.0,0.0
0.1428755903,0.6675442958,0.0,0.1759032257,0.01367688814,0.0,0.0
0.1788635183,0.5405159308,0.0,0.2761931104,0.004427440512,0.0,0.0
0.1650290852,0.590795182,0.0,0.2281618552,0.01601387759,0.0,0.0
0.1830888565,0.7765603233,0.0,0.03292452636,0.007426293814,0.0,0.0
0.1515158825,0.6118525697,0.0,0.2007484469,0.03588310091,0.0,0.0
0.1997645306,0.72416156,0.0,0.04790867864,0.02816523073,0.0,0.0
0.2089623324,0.551765397,0.0,0.2266751527,0.01259711784,0.0,0.0
0.2066622361,0.6602255962,0.0,0.1030795311,0.03003263655,0.0,0.0
0.1106419653,0.508366151,0.0,0.3614916987,0.01950018503,0.0,0.0
0.1643168144,0.5641195132,0.0,0.2381418275,0.03342184499,0.0,0.0
0.2193432985,0.6554363718,0.0,0.1077399356,0.01748039414,0.0,0.0
0.1336246005,0.5339910369,0.0,0.310308712,0.02207565061,0.0,0.0
0.1526446991,0.6622584527,0.0,0.1531463886,0.03195045964,0.0,0.0
0.1697997612,0.7314726927,0.0,0.0633757362,0.03535180981,0.0,0.0
0.1538796272,0.600709247,0.0,0.2213999786,0.02401114721,0.0,0.0
0.1440752828,0.4989222336,0.0,0.3258581271,0.03114435652,0.0,0.0
0.1498022032,0.7298133424,0.0,0.09758864501,0.02279580934,0.0,0.0
0.1280500207,0.5762967276,0.0,0.2694234838,0.02622976791,0.0,0.0
0.2271155312,0.7182302722,0.0,0.01612477448,0.03852942205,0.0,0.0
0.1801236069,0.4922764636,0.0,0.3127562568,0.0148436726,0.0,0.0
0.1785281043,0.6642006216,0.0,0.1372130544,0.02005821965,0.0,0.0
0.1343734996,0.5468786378,0.0,0.2896633032,0.02908455952,0.0,0.0
0.1692581164,0.7018798812,0.0,0.1251292451,0.003732757233,0.0,0.0
0.1474336885,0.5229573732,0.0,0.3160544685,0.01355446977,0.0,0.0
0.1954787186,0.6093206651,0.0,0.188605322,0.006595294279,0.0,0.0
0.1578884852,0.7426937952,0.0,0.08208113558,0.01733658397,0.0,0.0
0.118668285,0.5837159814,0.0,0.2860649404,0.01155079323,0.0,0.0
0.2040207942,0.5745464036,0.0,0.1983571783,0.02307562401,0.0,0.0
0.2011246327,0.4533571854,0.0,0.3108849239,0.03463325806,0.0,0.0
0.1959633856,0.7494501083,0.0,0.03459232607,0.01999418004,0.0,0.0
0.1359341119,0.6089101629,0.0,0.2463744334,0.008781291876,0.0,0.0
0.1617179719,0.7190716613,0.0,0.1030256589,0.01618470796,0.0,0.0
0.133431781,0.5149073226,0.0,0.3451180895,0.00654280686,0.0,0.0
0.2102176907,0.5978347636,0.0,0.1611715121,0.03077603361,0.0,0.0
0.1802544675,0.5929430489,0.0,0.2129784698,0.01382401373,0.0,0.0
0.158448074,0.7746550145,0.0,0.06185721415,0.005039697323,0.0,0.0
0.1188818596,0.5630962368,0.0,0.3090136194,0.009008284286,0.0,0.0
0.2062432208,0.6357391095,0.0,0.1394369528,0.01858071699,0.0,0.0
0.224682467,0.5678742215,0.0,0.1721877044,0.03525560714,0.0,0.0
0.2176539232,0.765987203,0.0,0.01406809241,0.002290781433,0.0,0.0
0.1393384166,0.581990284,0.0,0.2676265036,0.01104479574,0.0,0.0
0.1744045797,0.7147817157,0.0,0.08775405172,0.02305965286,0.0,0.0
0.1644128725,0.6066350161,0.0,0.1976242354,0.03132787601,0.0,0.0
0.1628868486,0.5098982405,0.0,0.3026752792,0.02453963171,0.0,0.0
0.1528476351,0.6931344184,0.0,0.1192124723,0.03480547426,0.0,0.0
0.1233607854,0.5975127757,0.0,0.2504898276,0.02863661133,0.0,0.0
0.2088613341,0.729664226,0.0,0.04054921347,0.02092522649,0.0,0.0
0.166663393,0.487238288,0.0,0.3429477888,0.003150530177,0.0,0.0
0.227649708,0.5669747156,0.0,0.1903382743,0.01503730204,0.0,0.0
0.1629115164,0.6411367931,0.0,0.1593318513,0.03661983926,0.0,0.0
0.133029757,0.5685956383,0.0,0.2715623638,0.02681224089,0.0,0.0
0.1480690245,0.6468670039,0.0,0.1856114887,0.01945248286,0.0,0.0
0.1805029486,0.7162859593,0.0,0.07268850626,0.03052258588,0.0,0.0
0.210230888,0.5041902673,0.0,0.2730210199,0.01255782481,0.0,0.0
0.1865812751,0.5510912906,0.0,0.2570733988,0.005254035549,0.0,0.0
0.1920991675,0.6528986228,0.0,0.1275184248,0.02748378495,0.0,0.0
0.1079678628,0.5194515771,0.0,0.3369178772,0.03566268296,0.0,0.0
0.1686931211,0.7701330887,0.0,0.02774860981,0.03342518042,0.0,0.0
0.1799381638,0.5798974663,0.0,0.2183955504,0.02176881952,0.0,0.0
0.146758426,0.5371241027,0.0,0.2823975727,0.03371989861,0.0,0.0
0.1597434208,0.6398213576,0.0,0.1758670824,0.02456813929,0.0,0.0
0.1207278454,0.5079827926,0.0,0.3532439291,0.01804543283,0.0,0.0
0.1926523096,0.6958589416,0.0,0.1026420751,0.008846673799,0.0,0.0
0.1962153835,0.5145919791,0.0,0.2562424624,0.03295017502,0.0,0.0
0.2304825235,0.7036115877,0.0,0.05337169417,0.01253419468,0.0,0.0
0.1398888395,0.6972023648,0.0,0.1565400984,0.00636869735,0.0,0.0
0.1582542506,0.5257294961,0.0,0.2999702183,0.01604603506,0.0,0.0
0.2356648984,0.6484380753,0.0,0.07677954398,0.03911748234,0.0,0.0
0.1550817283,0.5837367301,0.0,0.2572312997,0.00395024192,0.0,0.0
0.1797804755,0.7937196254,0.0,0.01154510625,0.01495479289,0.0,0.0
0.1497058067,0.3563313289,0.1461360148,0.3238198805,0.02400696916,0.0,0.0
0.1391207079,0.6036161305,0.1105649526,0.1356040205,0.01109418841,0.0,0.0
0.1213975722,0.5653176422,0.2051074182,0.1018849999,0.006292367417,0.0,0.0
0.1732068628,0.4545973526,0.0682593033,0.2662596186,0.03767686266,0.0,0.0
0.1462310022,0.4687544714,0.01500179037,0.3524308861,0.0175818498,0.0,0.0
0.1579695847,0.5263055619,0.1462366123,0.155972874,0.01351536707,0.0,0.0
0.1688298813,0.5062952154,0.230394119,0.056808429,0.03767235529,0.0,0.0
0.2325416197,0.3755934157,0.1571910059,0.1964589878,0.03821497088,0.0,0.0
0.1898430778,0.6959142988,0.08467025058,0.02137428887,0.008198083912,0.0,0.0
0.1213482659,0.2702909992,0.2900744562,0.3079053631,0.01038091558,0.0,0.0
0.1781001017,0.722060252,0.0027521172,0.06043042512,0.03665710393,0.0,0.0
0.18309451,0.5068514582,0.02973916909,0.2666751157,0.01363974699,0.0,0.0
0.1444929522,0.4966860083,0.1246243465,0.1989865065,0.03521018643,0.0,0.0
0.1594651139,0.4880970878,0.2515660959,0.05483924474,0.04603245774,0.0,0.0
0.1714813001,0.453334739,0.1991084329,0.1543718004,0.02170372757,0.0,0.0
0.1045774529,0.4784302935,0.06339046994,0.3276383827,0.02596340094,0.0,0.0
0.2472102747,0.5816463233,0.09226587105,0.07400955327,0.004867977657,0.0,0.0
0.1410136404,0.250571605,0.2036676597,0.3926866335,0.0120604615,0.0,0.0
0.1517977542,0.598279974,0.05443451911,0.1703467698,0.02514098291,0.0,0.0
0.1523652196,0.5930086209,0.1600435415,0.06462744898,0.02995516896,0.0,0.0
0.2336730889,0.4268920442,0.09910997405,0.2209378039,0.01938708892,0.0,0.0
0.18079979,0.4174210029,0.2242113373,0.169720984,0.007846885707,0.0,0.0
0.1062157663,0.4750644275,0.04997707356,0.3314403031,0.0373024296,0.0,0.0
0.191687771,0.5951645804,0.07217529969,0.107649005,0.03332334393,0.0,0.0
0.1585653792,0.4471535889,0.1446797694,0.2318594251,0.01774183749,0.0,0.0
0.13682979,0.6702790413,0.1283549087,0.03249113361,0.03204512644,0.0,0.0
0.1092138432,0.4473103636,0.1931632872,0.2129318232,0.03738068278,0.0,0.0
0.2282881775,0.388604535,0.2616028752,0.1041270926,0.01737731961,0.0,0.0
0.1568582492,0.5515287761,0.01378096039,0.2571900185,0.02064199582,0.0,0.0
0.2529428928,0.5261336483,0.1606644205,0.03738267232,0.02287636601,0.0,0.0
0.1242393819,0.5142542739,0.09829843855,0.2496628724,0.01354503324,0.0,0.0
0.1693981952,0.4942529013,0.1239421606,0.1753537017,0.03705304116,0.0,0.0
0.1895362429,0.2771361359,0.2244002921,0.2777651336,0.03116219555,0.0,0.0
0.2046701753,0.6665412332,0.03688187462,0.07626059747,0.01564611939,0.0,0.0
0.1188653803,0.3722745846,0.2086379291,0.2883447922,0.01187731379,0.0,0.0
0.140019746,0.6636219655,0.028461851,0.1650527848,0.00284365261,0.0,0.0
0.2126960652,0.5217933497,0.05594906386,0.1838168798,0.02574464143,0.0,0.0
0.2473116838,0.4721287282,0.1474948337,0.09247748666,0.04058726763,0.0,0.0
0.1184234735,0.4585449934,0.1036167464,0.3132675346,0.006147252011,0.0,0.0
0.1327281674,0.5100484924,0.2041289981,0.1350926566,0.01800168548,0.0,0.0
0.221043875,0.4147572149,0.06922172839,0.26747199,0.02750519166,0.0,0.0
0.1914927541,0.4764511161,0.2641675876,0.02576717269,0.0421213695,0.0,0.0
0.1453868277,0.6242066728,0.02087016098,0.2016214787,0.007914859914,0.0,0.0
0.2265953334,0.5686656074,0.04964718416,0.1339336744,0.02115820067,0.0,0.0
0.09801982943,0.2825665887,0.1823280959,0.4109505337,0.02613495229,0.0,0.0
0.1194457227,0.5776378854,0.08986587589,0.1943833582,0.01866715788,0.0,0.0
0.1544231413,0.6438949669,0.1578424227,0.04021635785,0.003623111192,0.0,0.0
0.2112513415,0.4460783426,0.1076462863,0.2037061899,0.03131783971,0.0,0.0
0.1353104479,0.5030301753,0.04469644635,0.3071248355,0.009838095027,0.0,0.0
0.1362126182,0.4835719052,0.2568265126,0.08728422566,0.03610473831,0.0,0.0
0.2203189848,0.4747188947,0.127491714,0.1650525445,0.01241786206,0.0,0.0
0.2235819377,0.6367629377,0.08941794963,0.04311993007,0.007117244893,0.0,0.0
0.1485423182,0.1890203601,0.2746496803,0.3660819931,0.02170564829,0.0,0.0
0.1892342412,0.6522344531,0.00547597438,0.1271005607,0.02595477064,0.0,0.0
0.1221482747,0.3751048755,0.1657565587,0.3136263486,0.02336394259,0.0,0.0
0.1485117642,0.4045568186,0.222176703,0.2223464654,0.002408248726,0.0,0.0
0.1609780381,0.7335056485,0.06110292572,0.008565889942,0.03584749769,0.0,0.0
0.1951683555,0.4451144519,0.02689587286,0.3164965131,0.01632480666,0.0,0.0
0.257056176,0.4772224016,0.1914774386,0.06413801326,0.01010597046,0.0,0.0
0.129707878,0.5090251044,0.06701811194,0.2573609457,0.03688796002,0.0,0.0
0.1492898826,0.3468192975,0.1885935704,0.2998151422,0.01548210728,0.0,0.0
0.1498439174,0.6586616288,0.07428962851,0.09475553888,0.02244928643,0.0,0.0
0.1195185479,0.5508989991,0.1575762668,0.1325258372,0.03948034901,0.0,0.0
0.1527587741,0.4082937404,0.1052738345,0.3241553931,0.009518257997,0.0,0.0
0.1773855742,0.5373635292,0.04492516896,0.2109429049,0.02938282271,0.0,0.0
0.175220348,0.5961725063,0.1851911192,0.01637452536,0.02704150111,0.0,0.0
0.1528465035,0.4276526582,0.2835188735,0.1308488841,0.005133080684,0.0,0.0
0.110634779,0.5512787437,0.00942733579,0.2984680857,0.03019105583,0.0,0.0
0.1996194943,0.3356278369,0.1291084414,0.328100555,0.00754367244,0.0,0.0
0.149942065,0.5397529983,0.1146264534,0.1550752822,0.04060320107,0.0,0.0
0.1365804505,0.496533087,0.1361057966,0.212180925,0.0185997409,0.0,0.0
0.1346646654,0.2744775976,0.2289485082,0.321014385,0.04089484383,0.0,0.0
0.1641603043,0.6965140319,0.03389093307,0.09947576624,0.005958964466,0.0,0.0
0.1259754988,0.4232397774,0.09065906066,0.3573843493,0.002741313891,0.0,0.0
0.1344466304,0.4350475507,0.2167534945,0.2043226889,0.009429635603,0.0,0.0
0.2026180119,0.5248811104,0.1561685257,0.0854416752,0.03089067682,0.0,0.0
0.1071003847,0.4956231022,0.101508902,0.2802090482,0.01555856292,0.0,0.0
0.2294929708,0.5536849134,0.06013836602,0.122912014,0.03377173588,0.0,0.0
0.1598397754,0.3127942329,0.2461909795,0.2589043267,0.02227068549,0.0,0.0
0.1934840479,0.7277559959,0.02433576023,0.04055983747,0.01386435849,0.0,0.0
0.09830105815,0.3710627083,0.145068724,0.345769604,0.03979790561,0.0,0.0
0.1405897354,0.3411290371,0.2352525616,0.2621041746,0.02092449134,0.0,0.0
0.1654163038,0.7202830553,0.04377281776,0.04222964168,0.02829818147,0.0,0.0
0.181976609,0.4689355188,0.01286426128,0.3323526784,0.003870932567,0.0,0.0
0.1472493286,0.4744990196,0.08209628167,0.2719523809,0.02420298921,0.0,0.0
0.1526116357,0.5106863326,0.2327193682,0.07025087727,0.03373178627,0.0,0.0
0.1681250725,0.4964008652,0.1560114495,0.1689123079,0.01055030477,0.0,0.0
0.1819285491,0.6638249147,0.021658422,0.09829274922,0.03429536492,0.0,0.0
0.1254408669,0.2774520777,0.1974674169,0.364612558,0.03502708053,0.0,0.0
0.1292290627,0.6456568881,0.1833221162,0.02477443751,0.01701749547,0.0,0.0
0.1775182473,0.4942384346,0.09687975808,0.202120332,0.02924322801,0.0,0.0
0.1445195227,0.4897786371,0.06094485976,0.2967454946,0.008011485871,0.0,0.0
0.1678384765,0.5060843644,0.1777580805,0.1449593754,0.003359703181,0.0,0.0
0.1738924398,0.4624151775,0.2963214765,0.04020765874,0.0271632474,0.0,0.0
0.1375064714,0.6356243472,0.0039955677,0.2119825182,0.01089109547,0.0,0.0
0.2307158794,0.5391321911,0.03232184712,0.1604574563,0.03737262613,0.0,0.0
0.2079827603,0.3725727065,0.1248517873,0.2679980866,0.02659465923,0.0,0.0
0.1509988031,0.60250173,0.131663339,0.09542107439,0.0194150536,0.0,0.0
0.1109767216,0.4336013455,0.2440339738,0.1996410908,0.01174686829,0.0,0.0
0.2353914957,0.5327584782,0.1321194809,0.06726097779,0.03246956737,0.0,0.0
0.1100824284,0.4904314806,0.1193949285,0.2763761177,0.003715044758,0.0,0.0
0.2141045878,0.5870358066,0.07694233155,0.09574792871,0.02616934534,0.0,0.0
0.1341591073,0.6595401649,0.0515321829,0.141751046,0.01301749886,0.0,0.0
0.1178342436,0.4810377935,0.2892033153,0.102773241,0.009151406631,0.0,0.0
0.2262228306,0.3956666339,0.1710270702,0.1767663381,0.03031712715,0.0,0.0
0.1219423526,0.4307647174,0.07338836237,0.3585019725,0.01540259512,0.0,0.0
0.1538341646,0.5692573763,0.2069818424,0.02779967904,0.04212693768,0.0,0.0
0.1949346108,0.408160623,0.2428269928,0.1341945701,0.01988320336,0.0,0.0
0.1230190095,0.5150693279,0.02581345668,0.3085157555,0.02758245049,0.0,0.0
0.2197011584,0.6372492687,0.05410074429,0.08636992325,0.002578905323,0.0,0.0
0.1927593645,0.2847462415,0.1448986963,0.362951075,0.0146446227,0.0,0.0
0.159940901,0.5284284562,0.09876450189,0.1901367631,0.02272937779,0.0,0.0
0.1595272203,0.4031951278,0.1694464939,0.2611225522,0.006708605716,0.0,0.0
0.1423318225,0.6677959429,0.09083079482,0.05722968745,0.04181175234,0.0,0.0
0.1349370494,0.5817369026,0.1367241865,0.1201103007,0.02649156081,0.0,0.0
0.1603134006,0.3960382948,0.1210088601,0.3109994589,0.01163998545,0.0,0.0
0.2602095941,0.4928108837,0.2274060961,0.01432321499,0.005250211063,0.0,0.0
0.1521479419,0.5819886531,0.03045371514,0.2045008783,0.0309088116,0.0,0.0
0.1377891291,0.5316928782,0.2925388731,0.01172326712,0.02625585243,0.0,0.0
0.1121606132,0.4799595234,0.08100721535,0.2924236872,0.03444896086,0.0,0.0
0.2273891949,0.5809127293,0.1117447931,0.06221635469,0.01773692797,0.0,0.0
0.2043950982,0.2193176037,0.2084007581,0.357544256,0.01034228396,0.0,0.0
0.1872831028,0.5891059481,0.03779123949,0.1492534753,0.03656623431,0.0,0.0
0.1508741364,0.731734203,0.01798532503,0.07541618685,0.02399014874,0.0,0.0
0.1091027084,0.4530726807,0.2289648555,0.1657688909,0.04309086453,0.0,0.0
0.2159809017,0.4462514155,0.04228255953,0.288363064,0.007122059249,0.0,0.0
0.1325856884,0.4949981822,0.1078551931,0.2369994874,0.0275614488,0.0,0.0
0.1386752188,0.4857232927,0.1678956644,0.2014721898,0.006233634345,0.0,0.0
0.1984155073,0.3404559134,0.08403465587,0.3400952575,0.03699866595,0.0,0.0
0.2165314344,0.4702262442,0.196541274,0.08763570859,0.02906533889,0.0,0.0
0.1249914052,0.5136631259,0.05672749316,0.2873520292,0.01726594648,0.0,0.0
0.2175374785,0.6163849996,0.02107169219,0.1140845571,0.03092127256,0.0,0.0
0.1988071425,0.6943706392,0.06483728103,0.03070522861,0.0112797086,0.0,0.0
0.118918865,0.3708463912,0.2490901253,0.2436910737,0.01745354487,0.0,0.0
0.1426470632,0.3862147185,0.1300263249,0.3053670904,0.03574480296,0.0,0.0
0.1325553479,0.5980284386,0.1313450989,0.1287413648,0.009329749781,0.0,0.0
0.1358146276,0.6092921245,0.1831852564,0.05637158299,0.01533640848,0.0,0.0
0.2000730799,0.4592382033,0.08416520455,0.2360419381,0.02048157419,0.0,0.0
0.1854911325,0.3414589137,0.2724638889,0.1622869202,0.03829914469,0.0,0.0
0.1480252649,0.6529061567,0.01258967517,0.1707152686,0.01576363473,0.0,0.0
0.1956736073,0.5138829495,0.04172613149,0.2166805256,0.03203678607,0.0,0.0
0.1299694005,0.3955045293,0.1182658884,0.3432949567,0.01296522513,0.0,0.0
0.1299867155,0.4445103303,0.2837775107,0.1201760621,0.02154938136,0.0,0.0
0.1168241663,0.5804377616,0.08158739182,0.2157562705,0.005394409784,0.0,0.0
0.2217861008,0.4978966008,0.1002135575,0.1554471509,0.02465659001,0.0,0.0
0.189500687,0.3094806119,0.2050799748,0.2629480687,0.03299065756,0.0,0.0
0.1911558919,0.6854912913,0.05283388396,0.06701470187,0.003504230923,0.0,0.0
0.2066556177,0.4178996575,0.1548630394,0.2153934107,0.005188274656,0.0,0.0
0.1624683649,0.6817907341,0.105999301,0.01587161288,0.0338699871,0.0,0.0
0.1485376283,0.4428033402,0.06479137032,0.3243821968,0.01948546435,0.0,0.0
0.1647951113,0.5461735132,0.02760441071,0.2230987439,0.03832822079,0.0,0.0
0.174514204,0.5563641508,0.1349576134,0.09751210617,0.0366519256,0.0,0.0
0.1419888342,0.3701342773,0.2517025325,0.2206101376,0.01556421849,0.0,0.0
0.1016762663,0.4753441922,0.03624522154,0.3656760244,0.02105829546,0.0,0.0
0.1640080439,0.3238169967,0.1680959401,0.3263124275,0.01776659166,0.0,0.0
0.1554417197,0.5917679598,0.09407169166,0.1284389874,0.03027964155,0.0,0.0
0.1495314725,0.5686220102,0.1888432169,0.09075034319,0.002252957267,0.0,0.0
0.2152128555,0.4258330188,0.08235980312,0.2424373843,0.03415693839,0.0,0.0
0.1392036284,0.3339479373,0.2926641955,0.2085501986,0.02563404026,0.0,0.0
0.1192195508,0.514964226,0.006645513373,0.3461907589,0.01297995101,0.0,0.0
0.1692237798,0.541956399,0.1303288527,0.1404737635,0.01801720495,0.0,0.0
0.1349025558,0.4009096761,0.2058237841,0.2241953389,0.03416864512,0.0,0.0
0.1198138028,0.5025429165,0.1722310746,0.1838749554,0.02153725064,0.0,0.0
0.1823146837,0.3691399223,0.09363674925,0.3285806285,0.02632801622,0.0,0.0
0.1448559262,0.5325323891,0.05879958794,0.2570792981,0.006732798645,0.0,0.0
0.1325837992,0.475403561,0.2316472309,0.1314798832,0.02888552567,0.0,0.0
0.2560668592,0.5734461108,0.1481177466,0.01655222372,0.005817059698,0.0,0.0
0.1252645494,0.5062825973,0.1102133683,0.2186639237,0.03957556137,0.0,0.0
0.2029828656,0.5611915504,0.07472205808,0.1504877389,0.01061578712,0.0,0.0
0.2036453541,0.2795333063,0.251687703,0.2613541723,0.003779464358,0.0,0.0
0.2033929951,0.6932583623,0.01882824515,0.05370075011,0.03081964734,0.0,0.0
0.1311313247,0.3979560132,0.1453632643,0.2887915489,0.036757849,0.0,0.0
0.131784562,0.6035359167,0.04652341565,0.1906917355,0.02746437018,0.0,0.0
0.1151018041,0.5083711717,0.303047893,0.0345293123,0.03894981885,0.0,0.0
0.2526781676,0.4437575069,0.1667254058,0.1226329835,0.01420593612,0.0,0.0
0.1140853364,0.4520681618,0.08777995549,0.3256347739,0.02043177228,0.0,0.0
0.1596658468,0.3644883418,0.1653096562,0.3013873146,0.009148840556,0.0,0.0
0.1377922558,0.6198090876,0.09346827108,0.1122446272,0.03668575833,0.0,0.0
0.1388620262,0.6254749742,0.1423814197,0.07121564315,0.02206593679,0.0,0.0
0.1618506589,0.4393543422,0.1210625504,0.2635754552,0.01415699336,0.0,0.0
0.1481259333,0.4615091972,0.03206326576,0.326761738,0.03153986574,0.0,0.0
0.1263143247,0.4410546939,0.2001067911,0.1912856553,0.04123853502,0.0,0.0
0.1652915223,0.4691442357,0.2574669011,0.08766918377,0.02042815712,0.0,0.0
0.1164046306,0.5681344367,0.02363053128,0.2667890819,0.02504131948,0.0,0.0
0.2285705195,0.3899233747,0.1465949108,0.2235306309,0.01138056401,0.0,0.0
0.1844734891,0.6480715503,0.09693424193,0.04616684115,0.02435387753,0.0,0.0
0.1469159699,0.3047417472,0.2139639084,0.3087842406,0.02559413388,0.0,0.0
0.1659729211,0.6878256512,0.0475202901,0.08600009377,0.01268104381,0.0,0.0
0.1697463932,0.4969727885,0.01586924138,0.2806146421,0.03679693483,0.0,0.0
0.162307763,0.5318420931,0.06957798552,0.2170172726,0.01925488575,0.0,0.0
0.1736316468,0.5471398171,0.2410041244,0.02107697171,0.01714743996,0.0,0.0
0.2006440389,0.5125591481,0.1342385028,0.1153025322,0.037255778,0.0,0.0
0.2464631664,0.6040870368,0.0732392583,0.0447973226,0.03141321595,0.0,0.0
0.1024171403,0.1984023851,0.2676685185,0.3917146404,0.03979731567,0.0,0.0
0.1735474539,0.667232197,0.01031344699,0.1394138353,0.009493066768,0.0,0.0
0.1684940296,0.4183070217,0.12372301,0.2488582953,0.04061764331,0.0,0.0
0.1478309707,0.6353888673,0.1322938193,0.07755368797,0.006932654763,0.0,0.0
0.1200329888,0.5639839489,0.1850952261,0.1183996109,0.01248822538,0.0,0.0
0.1742059687,0.4389007008,0.08233218982,0.2798386183,0.02472252233,0.0,0.0
0.1814479143,0.5997976927,0.1651717394,0.04310615482,0.01047649887,0.0,0.0
0.1551278828,0.4492624277,0.2118825778,0.1516057783,0.03212133346,0.0,0.0
0.1015997122,0.4899686388,0.05665598435,0.3348826602,0.01689300442,0.0,0.0
0.1666603127,0.2547709355,0.1874386692,0.3679838947,0.02314618796,0.0,0.0
0.1584274059,0.5846417256,0.0640263195,0.1784015575,0.01450299147,0.0,0.0
0.1147106478,0.4067572775,0.1919846907,0.2511167686,0.03543061539,0.0,0.0
0.1111093949,0.2365112938,0.2666263742,0.3718110772,0.01394185986,0.0,0.0
0.1658002441,0.6781701742,0.01668272087,0.1182242311,0.02112262973,0.0,0.0
0.1753167539,0.5029438615,0.04799032705,0.266092564,0.007656493554,0.0,0.0
0.1091073717,0.3772639066,0.1052039077,0.3808853568,0.0275394572,0.0,0.0
0.1244299486,0.3836562712,0.2835595792,0.1815684763,0.02678572463,0.0,0.0
0.2025727781,0.5555876386,0.1787364411,0.05922282411,0.00388031813,0.0,0.0
0.1146275898,0.5203035592,0.0832115301,0.2517188807,0.03013844023,0.0,0.0
0.2368773035,0.5334932146,0.1052139556,0.1047781217,0.01963740469,0.0,0.0
0.1894937893,0.3525172231,0.2194491165,0.2325044835,0.006035387678,0.0,0.0
0.1846346025,0.7240364481,0.04033803422,0.01164975852,0.03934115672,0.0,0.0
0.1351806056,0.5399563003,0.1412756355,0.1507023801,0.03288507862,0.0,0.0
0.2027746279,0.3623282511,0.1173153134,0.3144718303,0.003109977238,0.0,0.0
0.2093340467,0.4888105126,0.2406420724,0.04828278791,0.0129305803,0.0,0.0
0.1320748296,0.5788826862,0.03725770143,0.2294713653,0.0223134175,0.0,0.0
0.2285856301,0.6100850859,0.003912030028,0.1512880247,0.006129229324,0.0,0.0
0.2023543405,0.6070876584,0.09137358884,0.0719259421,0.02725847009,0.0,0.0
0.1043335677,0.3523478039,0.2203670434,0.3007797916,0.02217179339,0.0,0.0
0.1154077738,0.5756431666,0.1061420066,0.1681265172,0.03468053574,0.0,0.0
0.1487169093,0.5962425708,0.214910584,0.007409302147,0.03272063365,0.0,0.0
0.2307993702,0.5100593353,0.06408067128,0.1797350269,0.01532559637,0.0,0.0
0.2401777603,0.3988189583,0.2410583092,0.1103908716,0.009554100539,0.0,0.0
0.1439743776,0.5213088737,0.02721802546,0.273668804,0.03382991926,0.0,0.0
0.135655367,0.4949061836,0.2859391051,0.06363684875,0.01986249561,0.0,0.0
0.204869783,0.4214647413,0.1824529892,0.1517267876,0.03948569895,0.0,0.0
0.1074890128,0.4540067698,0.07778477124,0.3511313845,0.009588061659,0.0,0.0
0.2145832241,0.6304735358,0.109484109,0.02239384368,0.02306528742,0.0,0.0
0.1874714087,0.2669317846,0.2053701126,0.3034284015,0.03679829259,0.0,0.0
0.1065320385,0.3441750304,0.1914600978,0.3502529692,0.007579864056,0.0,0.0
0.1216594957,0.3119018103,0.2800930799,0.2554927099,0.03085290422,0.0,0.0
0.1650913368,0.7685632642,0.01364214871,0.03334295323,0.01936029705,0.0,0.0
0.1723485292,0.4192881511,0.03857702315,0.3389761521,0.0308101444,0.0,0.0
0.1179592131,0.4449178656,0.1228262647,0.3019345343,0.01236212242,0.0,0.0
0.2184114287,0.4291267699,0.02108510332,0.3232022202,0.00817447789,0.0,0.0
0.2016912308,0.4871916618,0.1946231981,0.09922597993,0.01726792939,0.0,0.0
0.1165579162,0.5088619345,0.06622424263,0.2807033469,0.02765255972,0.0,0.0
0.2112314125,0.6861740817,0.05587035594,0.02566572416,0.02105842576,0.0,0.0
0.130022766,0.4388232425,0.1709560215,0.2323396338,0.0278583362,0.0,0.0
0.1237672155,0.5249507606,0.2567680322,0.06770000954,0.02681398218,0.0,0.0
0.1064885953,0.3865752071,0.1219616499,0.3537493864,0.03122516134,0.0,0.0
0.1997146309,0.4378089686,0.2194315529,0.1068843797,0.03616046784,0.0,0.0
0.1320131202,0.5315640428,0.03941339252,0.292874599,0.004134845419,0.0,0.0
0.2361999885,0.6640669382,0.009254919277,0.06334040403,0.02713774993,0.0,0.0
0.2037984433,0.2699429521,0.1570325027,0.3292454345,0.03998066741,0.0,0.0
0.169446358,0.5751193657,0.08003574567,0.1676741967,0.007724333813,0.0,0.0
0.1508076662,0.4052031991,0.1472813587,0.2741205791,0.02258719698,0.0,0.0
0.1392958093,0.6400023069,0.1147527177,0.09053304299,0.01541612308,0.0,0.0
0.1156696455,0.5090158045,0.2059049902,0.1588353447,0.01057421517,0.0,0.0
0.1793853019,0.4157455296,0.06597555375,0.3032649747,0.03562864014,0.0,0.0
0.2436448779,0.439596831,0.2396492238,0.0426706998,0.03443836759,0.0,0.0
0.1486595649,0.5911616332,0.01836340176,0.2259054517,0.01590994847,0.0,0.0
0.1484523526,0.3364073158,0.2496163286,0.227324424,0.03819957908,0.0,0.0
0.1728252554,0.7695258377,0.03148170036,0.02404535183,0.002121854687,0.0,0.0
0.1596293333,0.435563615,0.05618025466,0.3203463604,0.02828043658,0.0,0.0
0.1564408581,0.480246007,0.1034376298,0.2506007475,0.00927475756,0.0,0.0
0.128578093,0.4428232183,0.3110180781,0.1119188823,0.005661728305,0.0,0.0
0.1565819186,0.4470617808,0.1739792244,0.19604414,0.02633293631,0.0,0.0
0.1206270455,0.4917180602,0.1423712019,0.2382766325,0.007007059865,0.0,0.0
0.1448980774,0.2495234073,0.2358329865,0.3413192951,0.02842623375,0.0,0.0
0.1802272678,0.6414255241,0.03450689188,0.1238504554,0.01998986078,0.0,0.0
0.1497015876,0.3178111205,0.1408580641,0.3731639876,0.0184652402,0.0,0.0
0.1303424321,0.5420513713,0.1212509353,0.1798243386,0.02653092288,0.0,0.0
0.1228878051,0.594317016,0.1964734899,0.05214892106,0.03417276791,0.0,0.0
0.1760559702,0.50751682,0.08391311071,0.2292844307,0.003229668486,0.0,0.0
0.2328330302,0.3468416628,0.2594118681,0.1493184048,0.0115950341,0.0,0.0
0.1551262095,0.5106007594,0.01092995101,0.3010722247,0.02227085529,0.0,0.0
0.1687571308,0.5344661491,0.1579477636,0.1086885157,0.03014044088,0.0,0.0
0.2161683154,0.5417191454,0.223688176,0.008988697869,0.00943566533,0.0,0.0
0.1250555831,0.5893526201,0.05402727444,0.1960192638,0.0355452585,0.0,0.0
0.2376841763,0.5933042866,0.01813285795,0.1379051431,0.012973536,0.0,0.0
0.170982345,0.6546773655,0.07817024892,0.06195327411,0.03421676654,0.0,0.0
0.1108836597,0.4282497912,0.1716299839,0.2653947269,0.02384183828,0.0,0.0
0.1157494382,0.2857301764,0.2161625123,0.3791904582,0.003167414871,0.0,0.0
0.1435053569,0.6099142116,0.06092900738,0.1546436329,0.03100779119,0.0,0.0
0.1157885732,0.5493586162,0.2820168704,0.02218504648,0.0306508937,0.0,0.0
0.2179068512,0.5528581549,0.02442584418,0.1871656774,0.01764347237,0.0,0.0
0.1460383858,0.457633518,0.06573142238,0.2939162748,0.03668039901,0.0,0.0
0.1332825444,0.4343728371,0.2514967269,0.1426494845,0.03819840703,0.0,0.0
0.2088548587,0.6078229727,0.1384575635,0.03003713199,0.01482747314,0.0,0.0
0.1022352728,0.4979419726,0.1344484155,0.244059975,0.02131436407,0.0,0.0
0.2353345438,0.4922870098,0.08706250278,0.1766979325,0.008618011134,0.0,0.0
0.150665578,0.2325699088,0.2846233105,0.315087062,0.01705414071,0.0,0.0
0.1854678957,0.6931685434,0.004765751145,0.08812794672,0.02846986303,0.0,0.0
0.1724176441,0.3748895528,0.1769199975,0.2441721058,0.03160069968,0.0,0.0
0.1671317893,0.6864678904,0.08798568615,0.04056743599,0.01784719813,0.0,0.0
0.1266055002,0.3571231029,0.1173412113,0.364629634,0.03430055166,0.0,0.0
0.1528430645,0.5309652537,0.04320874136,0.2583406687,0.01464227171,0.0,0.0
0.1721030328,0.5332368462,0.1983523286,0.07516027958,0.02114751278,0.0,0.0
0.1367470591,0.3687675819,0.2644024335,0.1857894276,0.04429349785,0.0,0.0
0.1132343207,0.5120513922,0.02171504061,0.3464371705,0.006562076072,0.0,0.0
0.1914174014,0.3471916758,0.1397888316,0.2884834538,0.03311863742,0.0,0.0
0.1580984161,0.6173660025,0.1167815789,0.1035836421,0.004170360357,0.0,0.0
0.1470454175,0.5806465709,0.2262382484,0.03863529725,0.007434466064,0.0,0.0
0.2068194341,0.4860925257,0.1500016977,0.1281395394,0.02894680316,0.0,0.0
0.1009204968,0.4471928172,0.1011772772,0.3311573827,0.01955202612,0.0,0.0
0.2269891255,0.6022618249,0.05837747041,0.07969710369,0.03267447553,0.0,0.0
0.1506904213,0.1857769872,0.2319797741,0.4051619153,0.0263909021,0.0,0.0
0.1967527364,0.5997971628,0.02409166866,0.1679044008,0.01145403141,0.0,0.0
0.1091676207,0.373597822,0.133467872,0.3663740797,0.0173926055,0.0,0.0
0.1151485977,0.3199665103,0.2422512785,0.2821705856,0.04046302785,0.0,0.0
0.1524179556,0.752909913,0.03388684383,0.05142769693,0.009357590707,0.0,0.0
0.2228961927,0.4961134604,0.003047383146,0.2570465593,0.02089640448,0.0,0.0
0.151262613,0.5403828542,0.09090333292,0.2151022463,0.00234895356,0.0,0.0
0.131407904,0.4812186048,0.1858267854,0.1786792038,0.02286750204,0.0,0.0
0.1377417125,0.5796184392,0.008428849713,0.2429030394,0.03130795914,0.0,0.0
0.2119483711,0.6328499712,0.03967894671,0.09953141163,0.01599129936,0.0,0.0
0.1927572161,0.6439017835,0.1129040263,0.01157937535,0.03885759867,0.0,0.0
0.1229903377,0.3210092514,0.1887901439,0.3560394716,0.01117079539,0.0,0.0
0.1329298372,0.6209131506,0.07541420483,0.1467819632,0.02396084411,0.0,0.0
0.1342477784,0.5817260562,0.1577073492,0.08459524479,0.04172357142,0.0,0.0
0.1858867923,0.4434181665,0.100028377,0.265022324,0.005644340088,0.0,0.0
0.1975547819,0.3935980856,0.2073911859,0.1808629002,0.02059304643,0.0,0.0
0.11932463,0.4520745438,0.04743026771,0.3570665287,0.02410402985,0.0,0.0
0.1722309778,0.7706339991,0.0,0.0,0.0,0.05713502317,0.0
0.2232470794,0.7729054772,0.0,0.0,0.0,0.003847443402,0.0
0.2150102513,0.7706475549,0.0,0.0,0.0,0.01434219379,0.0
0.1675490438,0.7714582053,0.0,0.0,0.0,0.06099275085,0.0
0.1640257649,0.7892699163,0.0,0.0,0.0,0.04670431881,0.0
0.2052730344,0.7704315224,0.0,0.0,0.0,0.02429544316,0.0
0.2366613595,0.7423947788,0.0,0.0,0.0,0.02094386164,0.0
0.1867576957,0.7793364622,0.0,0.0,0.0,0.0339058421,0.0
0.1912502655,0.7782751633,0.0,0.0,0.0,0.03047457115,0.0
0.2329900769,0.7271540942,0.0,0.0,0.0,0.03985582883,0.0
0.1929437561,0.7695935894,0.0,0.0,0.0,0.03746265447,0.0
0.243059738,0.70727935,0.0,0.0,0.0,0.049660912,0.0
0.1652741533,0.8174077073,0.0,0.0,0.0,0.01731813947,0.0
0.1757330144,0.8178012311,0.0,0.0,0.0,0.006465754564,0.0
0.2038644735,0.7457832936,0.0,0.0,0.0,0.0503522329,0.0
0.2185278781,0.7202009193,0.0,0.0,0.0,0.06127120264,0.0
0.1875471881,0.800430866,0.0,0.0,0.0,0.0120219459,0.0
0.1829574426,0.7986476847,0.0,0.0,0.0,0.01839487271,0.0
0.2230202688,0.7407756786,0.0,0.0,0.0,0.03620405258,0.0
0.2044297949,0.7550659251,0.0,0.0,0.0,0.04050428001,0.0
0.1689073599,0.8014664483,0.0,0.0,0.0,0.02962619174,0.0
0.1670298312,0.8220940978,0.0,0.0,0.0,0.01087607095,0.0
0.2424976045,0.7133039308,0.0,0.0,0.0,0.04419846471,0.0
0.1914177229,0.7453366711,0.0,0.0,0.0,0.06324560603,0.0
0.2360756517,0.7147770112,0.0,0.0,0.0,0.049147337,0.0
0.1971505705,0.7949080722,0.0,0.0,0.0,0.00794135731,0.0
0.1803793222,0.7594602534,0.0,0.0,0.0,0.06016042435,0.0
0.2327719482,0.7518716775,0.0,0.0,0.0,0.01535637424,0.0
0.2057889437,0.7919414073,0.0,0.0,0.0,0.002269649019,0.0
0.1615780789,0.7814242044,0.0,0.0,0.0,0.05699771675,0.0
0.1751684278,0.7905807434,0.0,0.0,0.0,0.03425082878,0.0
0.2154200807,0.7643897558,0.0,0.0,0.0,0.02019016342,0.0
0.2196788429,0.7548886782,0.0,0.0,0.0,0.02543247892,0.0
0.1772644559,0.7758926646,0.0,0.0,0.0,0.04684287949,0.0
0.1830065717,0.8119027315,0.0,0.0,0.0,0.005090696747,0.0
0.2175701964,0.7351069499,0.0,0.0,0.0,0.04732285366,0.0
0.2081286065,0.7309887784,0.0,0.0,0.0,0.06088261507,0.0
0.1784935532,0.8116725334,0.0,0.0,0.0,0.009833913441,0.0
0.1653866856,0.8019070414,0.0,0.0,0.0,0.03270627299,0.0
0.1976192556,0.7584423135,0.0,0.0,0.0,0.04393843094,0.0
0.2287670546,0.7342567947,0.0,0.0,0.0,0.03697615064,0.0
0.1875707219,0.7932544288,0.0,0.0,0.0,0.01917484937,0.0
0.1894968129,0.7634908686,0.0,0.0,0.0,0.04701231852,0.0
0.2415821919,0.7326195951,0.0,0.0,0.0,0.02579821301,0.0
0.19841717,0.7778074252,0.0,0.0,0.0,0.02377540483,0.0
0.2487289831,0.7445013241,0.0,0.0,0.0,0.006769692801,0.0
0.1632874179,0.7989834427,0.0,0.0,0.0,0.03772913938,0.0
0.1657878343,0.7783742937,0.0,0.0,0.0,0.055837872,0.0
0.2263406329,0.7612371326,0.0,0.0,0.0,0.01242223456,0.0
0.1771091299,0.7653416827,0.0,0.0,0.0,0.05754918736,0.0
0.182155137,0.7825967513,0.0,0.0,0.0,0.03524811176,0.0
0.2290819654,0.7489083076,0.0,0.0,0.0,0.02200972697,0.0
0.2090836088,0.7638761664,0.0,0.0,0.0,0.02704022482,0.0
0.1680177168,0.7823284187,0.0,0.0,0.0,0.04965386444,0.0
0.1568315251,0.7825329772,0.0,0.0,0.0,0.06063549771,0.0
0.2490143538,0.7233767197,0.0,0.0,0.0,0.02760892651,0.0
0.1993577356,0.7868903911,0.0,0.0,0.0,0.01375187329,0.0
0.1849474795,0.7618744151,0.0,0.0,0.0,0.05317810535,0.0
0.1929098277,0.7983319215,0.0,0.0,0.0,0.008758250828,0.0
0.225739717,0.716249073,0.0,0.0,0.0,0.05801120999,0.0
0.1974810392,0.752615859,0.0,0.0,0.0,0.04990310184,0.0
0.172915626,0.8217980311,0.0,0.0,0.0,0.005286342821,0.0
0.1753872774,0.8042758845,0.0,0.0,0.0,0.02033683814,0.0
0.2085977073,0.7518520618,0.0,0.0,0.0,0.03955023094,0.0
0.2142411115,0.7440673804,0.0,0.0,0.0,0.04169150817,0.0
0.1772076839,0.7906561803,0.0,0.0,0.0,0.03213613581,0.0
0.1720035135,0.7655882329,0.0,0.0,0.0,0.06240825359,0.0
0.2211418562,0.7707822783,0.0,0.0,0.0,0.008075865595,0.0
0.2150720541,0.779276719,0.0,0.0,0.0,0.005651226863,0.0
0.1705450019,0.7785020988,0.0,0.0,0.0,0.05095289921,0.0
0.166074925,0.7927173318,0.0,0.0,0.0,0.04120774321,0.0
0.2044747906,0.7754364439,0.0,0.0,0.0,0.02008876549,0.0
0.2332864995,0.7372765776,0.0,0.0,0.0,0.02943692293,0.0
0.1857208128,0.7705414188,0.0,0.0,0.0,0.04373776847,0.0
0.1913126765,0.7860463912,0.0,0.0,0.0,0.02264093235,0.0
0.2368407903,0.7298630302,0.0,0.0,0.0,0.0332961795,0.0
0.1917726722,0.7605153028,0.0,0.0,0.0,0.04771202497,0.0
0.2419660095,0.6984635905,0.0,0.0,0.0,0.05957039997,0.0
0.1626474981,0.8081477301,0.0,0.0,0.0,0.02920477178,0.0
0.1735635324,0.8118452304,0.0,0.0,0.0,0.01459123715,0.0
0.2035059699,0.7395770596,0.0,0.0,0.0,0.05691697045,0.0
0.2228752757,0.7258683334,0.0,0.0,0.0,0.05125639089,0.0
0.1820986129,0.7905527844,0.0,0.0,0.0,0.0273486027,0.0
0.2196152922,0.7346793571,0.0,0.0,0.0,0.0457053507,0.0
0.2038322923,0.7608090877,0.0,0.0,0.0,0.03535862003,0.0
0.170848926,0.8040000988,0.0,0.0,0.0,0.02515097519,0.0
0.2422500446,0.7221413785,0.0,0.0,0.0,0.03560857691,0.0
0.1918396331,0.7544703672,0.0,0.0,0.0,0.05368999969,0.0
0.2334903137,0.712335413,0.0,0.0,0.0,0.0541742733,0.0
0.1972090472,0.7905059575,0.0,0.0,0.0,0.01228499532,0.0
0.1809794152,0.7690697531,0.0,0.0,0.0,0.04995083164,0.0
0.2375514282,0.7580746952,0.0,0.0,0.0,0.004373876576,0.0
0.2051570694,0.784710059,0.0,0.0,0.0,0.01013287161,0.0
0.1597427389,0.776298612,0.0,0.0,0.0,0.06395864914,0.0
0.1725324605,0.7826284242,0.0,0.0,0.0,0.04483911524,0.0
0.2140718943,0.7546689796,0.0,0.0,0.0,0.03125912612,0.0
0.2233674373,0.7588406114,0.0,0.0,0.0,0.01779195126,0.0
0.1772403394,0.7827544245,0.0,0.0,0.0,0.0400052361,0.0
0.182343509,0.8019245956,0.0,0.0,0.0,0.01573189537,0.0
0.2131550324,0.7285015307,0.0,0.0,0.0,0.05834343686,0.0
0.2086715693,0.7379054704,0.0,0.0,0.0,0.05342296028,0.0
0.1805474981,0.8166912976,0.0,0.0,0.0,0.002761204377,0.0
0.1678891844,0.8101265132,0.0,0.0,0.0,0.02198430238,0.0
0.1989868626,0.7682860945,0.0,0.0,0.0,0.03272704289,0.0
0.2248696184,0.7305649173,0.0,0.0,0.0,0.04456546436,0.0
0.1876719025,0.7862981183,0.0,0.0,0.0,0.02602997924,0.0
0.1903507661,0.7713896338,0.0,0.0,0.0,0.03825960008,0.0
0.2453444946,0.7381890877,0.0,0.0,0.0,0.01646641766,0.0
0.1989280053,0.7720724386,0.0,0.0,0.0,0.02899955609,0.0
0.2497980385,0.7380026747,0.0,0.0,0.0,0.01219928686,0.0
0.1614622516,0.7963148396,0.0,0.0,0.0,0.04222290882,0.0
0.1630727721,0.7720577739,0.0,0.0,0.0,0.064869454,0.0
0.2101539919,0.77889578,0.0,0.0,0.0,0.01095022805,0.0
0.2287335704,0.7640079277,0.0,0.0,0.0,0.007258501892,0.0
0.1771388048,0.7695647088,0.0,0.0,0.0,0.05329648639,0.0
0.1820192844,0.7749139425,0.0,0.0,0.0,0.04306677314,0.0
0.2254479212,0.745892207,0.0,0.0,0.0,0.0286598718,0.0
0.2102385712,0.7729159132,0.0,0.0,0.0,0.01684551556,0.0
0.1707588953,0.7911872554,0.0,0.0,0.0,0.03805384926,0.0
0.1588061845,0.7886099526,0.0,0.0,0.0,0.05258386286,0.0
0.248999465,0.7292416658,0.0,0.0,0.0,0.02175886921,0.0
0.1997953508,0.7933102304,0.0,0.0,0.0,0.006894418776,0.0
0.2407725679,0.7483362032,0.0,0.0,0.0,0.01089122887,0.0
0.184164129,0.7515035326,0.0,0.0,0.0,0.06433233835,0.0
0.1930786097,0.8035356483,0.0,0.0,0.0,0.003385741978,0.0
0.2279947464,0.7181522872,0.0,0.0,0.0,0.05385296645,0.0
0.1973336346,0.7442460375,0.0,0.0,0.0,0.05842032791,0.0
0.1699625637,0.8144717262,0.0,0.0,0.0,0.01556571002,0.0
0.1731871684,0.800951184,0.0,0.0,0.0,0.02586164753,0.0
0.2094663409,0.7469035339,0.0,0.0,0.0,0.04363012523,0.0
0.2173161143,0.7495924919,0.0,0.0,0.0,0.03309139382,0.0
0.1782835982,0.799630749,0.0,0.0,0.0,0.02208565281,0.0
0.1751021389,0.7871602965,0.0,0.0,0.0,0.03773756456,0.0
0.2212000431,0.7620809703,0.0,0.0,0.0,0.01671898653,0.0
0.2123874704,0.7584124847,0.0,0.0,0.0,0.02920004494,0.0
0.1703645612,0.7860375304,0.0,0.0,0.0,0.04359790838,0.0
0.1614803207,0.772246447,0.0,0.0,0.0,0.06627323225,0.0
0.2069021525,0.7818871697,0.0,0.0,0.0,0.01121067783,0.0
0.2398154977,0.7538092566,0.0,0.0,0.0,0.00637524568,0.0
0.1835249767,0.765288323,0.0,0.0,0.0,0.05118670036,0.0
0.1935572817,0.7911627595,0.0,0.0,0.0,0.01527995877,0.0
0.2303292873,0.7137962514,0.0,0.0,0.0,0.05587446127,0.0
0.1895247433,0.7540769751,0.0,0.0,0.0,0.05639828162,0.0
0.2445686217,0.7177402405,0.0,0.0,0.0,0.03769113779,0.0
0.1671676339,0.8291858125,0.0,0.0,0.0,0.003646553569,0.0
0.1737366451,0.8041472601,0.0,0.0,0.0,0.02211609477,0.0
0.2061778352,0.7601924604,0.0,0.0,0.0,0.03362970436,0.0
0.2227120669,0.7342835697,0.0,0.0,0.0,0.04300436339,0.0
0.185194857,0.7894214856,0.0,0.0,0.0,0.02538365741,0.0
0.1862407572,0.8110962643,0.0,0.0,0.0,0.002662978459,0.0
0.2184700879,0.7286971776,0.0,0.0,0.0,0.05283273448,0.0
0.1996088316,0.7409312165,0.0,0.0,0.0,0.05945995192,0.0
0.1719871269,0.812186559,0.0,0.0,0.0,0.01582631404,0.0
0.1642773341,0.8087697404,0.0,0.0,0.0,0.02695292543,0.0
0.2375681757,0.7040300265,0.0,0.0,0.0,0.05840179788,0.0
0.1951363382,0.7587349119,0.0,0.0,0.0,0.04612874983,0.0
0.2421212912,0.7270532009,0.0,0.0,0.0,0.03082550782,0.0
0.1933610023,0.7851618869,0.0,0.0,0.0,0.02147711077,0.0
0.184486387,0.7742915307,0.0,0.0,0.0,0.04122208235,0.0
0.2293274571,0.7429127097,0.0,0.0,0.0,0.02775983322,0.0
0.2018162546,0.7809510831,0.0,0.0,0.0,0.01723266229,0.0
0.1650519331,0.7953346822,0.0,0.0,0.0,0.03961338462,0.0
0.1714696835,0.7749556067,0.0,0.0,0.0,0.0535747098,0.0
0.2183341878,0.7742122811,0.0,0.0,0.0,0.007453531091,0.0
0.2244718367,0.7647055989,0.0,0.0,0.0,0.01082256437,0.0
0.1732444174,0.7627806107,0.0,0.0,0.0,0.06397497196,0.0
0.1803265737,0.7949051986,0.0,0.0,0.0,0.02476822772,0.0
0.2191810186,0.7460268184,0.0,0.0,0.0,0.03479216297,0.0
0.2111095414,0.7425890224,0.0,0.0,0.0,0.04630143624,0.0
0.1753619334,0.7971319173,0.0,0.0,0.0,0.02750614933,0.0
0.1681357613,0.818967012,0.0,0.0,0.0,0.01289722661,0.0
0.1957076645,0.7475726187,0.0,0.0,0.0,0.05671971683,0.0
0.2261346653,0.7226057898,0.0,0.0,0.0,0.05125954498,0.0
0.190535229,0.8077215631,0.0,0.0,0.0,0.001743207919,0.0
0.1874791386,0.7505017523,0.0,0.0,0.0,0.06201910909,0.0
0.24382603,0.7466876088,0.0,0.0,0.0,0.009486361245,0.0
0.202257998,0.7933054236,0.0,0.0,0.0,0.004436578405,0.0
0.2466420632,0.7340318612,0.0,0.0,0.0,0.01932607561,0.0
0.1611523979,0.7875561505,0.0,0.0,0.0,0.0512914516,0.0
0.1679959269,0.7916232816,0.0,0.0,0.0,0.04038079151,0.0
0.2078053393,0.773953435,0.0,0.0,0.0,0.01824122567,0.0
0.2225402172,0.7464527862,0.0,0.0,0.0,0.03100699654,0.0
0.1791478449,0.7764840503,0.0,0.0,0.0,0.04436810477,0.0
0.1792276675,0.7704435284,0.0,0.0,0.0,0.05032880414,0.0
0.2332692568,0.7611431664,0.0,0.0,0.0,0.005587576798,0.0
0.2143219159,0.7774396613,0.0,0.0,0.0,0.008238422831,0.0
0.1648026198,0.7723279124,0.0,0.0,0.0,0.06286946774,0.0
0.1596352383,0.7950603143,0.0,0.0,0.0,0.04530444746,0.0
0.195411517,0.7738544159,0.0,0.0,0.0,0.03073406707,0.0
0.2400408962,0.7408950714,0.0,0.0,0.0,0.01906403234,0.0
0.188253242,0.7714780575,0.0,0.0,0.0,0.04026870059,0.0
0.1888835904,0.7827016235,0.0,0.0,0.0,0.02841478607,0.0
0.228840991,0.7257635116,0.0,0.0,0.0,0.04539549745,0.0
0.2018572276,0.7634581013,0.0,0.0,0.0,0.03468467107,0.0
0.2462029626,0.7058772799,0.0,0.0,0.0,0.04791975746,0.0
0.1690479427,0.8075451295,0.0,0.0,0.0,0.02340692775,0.0
0.205295741,0.7421689587,0.0,0.0,0.0,0.05253530034,0.0
0.2098825727,0.7335714734,0.0,0.0,0.0,0.05654595394,0.0
0.1810655757,0.8045688822,0.0,0.0,0.0,0.01436554209,0.0
0.1742480892,0.7765352993,0.0,0.0,0.0,0.04921661146,0.0
0.2170295911,0.7561195877,0.0,0.0,0.0,0.02685082111,0.0
0.2127261359,0.7646884743,0.0,0.0,0.0,0.02258538979,0.0
0.1725250766,0.7919132035,0.0,0.0,0.0,0.03556171993,0.0
0.1641423787,0.7811553965,0.0,0.0,0.0,0.05470222481,0.0
0.2359840656,0.7510369485,0.0,0.0,0.0,0.01297898593,0.0
0.1834266972,0.7576969437,0.0,0.0,0.0,0.05887635905,0.0
0.1946098018,0.8000689082,0.0,0.0,0.0,0.005321289963,0.0
0.2337230327,0.7187809923,0.0,0.0,0.0,0.04749597503,0.0
0.1901786552,0.7493045272,0.0,0.0,0.0,0.06051681765,0.0
0.2459050309,0.7120915688,0.0,0.0,0.0,0.0420034003,0.0
0.1651685664,0.8255877617,0.0,0.0,0.0,0.009243671908,0.0
0.1707388263,0.7969685581,0.0,0.0,0.0,0.03229261561,0.0
0.2060803095,0.7516930238,0.0,0.0,0.0,0.04222666664,0.0
0.2248944356,0.7362777598,0.0,0.0,0.0,0.03882780464,0.0
0.1854099926,0.7945732726,0.0,0.0,0.0,0.02001673478,0.0
0.1863044101,0.8040561952,0.0,0.0,0.0,0.009639394679,0.0
0.2147728808,0.7247763793,0.0,0.0,0.0,0.06045073996,0.0
0.2009743458,0.7506079147,0.0,0.0,0.0,0.04841773954,0.0
0.1745677722,0.8203751162,0.0,0.0,0.0,0.005057111692,0.0
0.166150831,0.8140340593,0.0,0.0,0.0,0.01981510972,0.0
0.2378561335,0.7104616799,0.0,0.0,0.0,0.0516821866,0.0
0.1957531987,0.7658235845,0.0,0.0,0.0,0.03842321678,0.0
0.2371338191,0.7212523042,0.0,0.0,0.0,0.04161387669,0.0
0.1927886159,0.7753867973,0.0,0.0,0.0,0.03182458675,0.0
0.1844875264,0.7785672307,0.0,0.0,0.0,0.03694524295,0.0
0.2318133788,0.7455607284,0.0,0.0,0.0,0.02262589282,0.0
0.201433096,0.7715628178,0.0,0.0,0.0,0.02700408617,0.0
0.1623823267,0.7888869134,0.0,0.0,0.0,0.04873075991,0.0
0.1694671389,0.7725204128,0.0,0.0,0.0,0.05801244831,0.0
0.2190747941,0.768309008,0.0,0.0,0.0,0.0126161979,0.0
0.174105081,0.7707097178,0.0,0.0,0.0,0.05518520121,0.0
0.1803106541,0.7905713178,0.0,0.0,0.0,0.02911802815,0.0
0.2168837818,0.7431767568,0.0,0.0,0.0,0.03993946141,0.0
0.2113573783,0.7518065773,0.0,0.0,0.0,0.03683604447,0.0
0.1782679794,0.8033387777,0.0,0.0,0.0,0.0183932429,0.0
0.1700274578,0.8215775705,0.0,0.0,0.0,0.008394971699,0.0
0.1951959287,0.753195106,0.0,0.0,0.0,0.05160896525,0.0
0.2226383851,0.7166820878,0.0,0.0,0.0,0.06067952712,0.0
0.1896683615,0.7995814594,0.0,0.0,0.0,0.01075017911,0.0
0.1873378431,0.7572740882,0.0,0.0,0.0,0.05538806866,0.0
0.248063766,0.7499279254,0.0,0.0,0.0,0.002008308648,0.0
0.2008852405,0.7832798026,0.0,0.0,0.0,0.01583495689,0.0
0.2452738138,0.7243170312,0.0,0.0,0.0,0.030409155,0.0
0.1587165223,0.7793607229,0.0,0.0,0.0,0.06192275477,0.0
0.1660740748,0.7865222941,0.0,0.0,0.0,0.04740363109,0.0
0.2072156356,0.7668415593,0.0,0.0,0.0,0.02594280509,0.0
0.2271050879,0.7529272612,0.0,0.0,0.0,0.01996765082,0.0
0.1797902167,0.7862443168,0.0,0.0,0.0,0.03396546648,0.0
0.178181438,0.7616920204,0.0,0.0,0.0,0.06012654164,0.0
0.229987347,0.7558618469,0.0,0.0,0.0,0.01415080609,0.0
0.2134543639,0.7825675951,0.0,0.0,0.0,0.00397804101,0.0
0.1669003984,0.7756872917,0.0,0.0,0.0,0.0574123099,0.0
0.1624070706,0.8025179799,0.0,0.0,0.0,0.03507494949,0.0
0.1956398467,0.7824290341,0.0,0.0,0.0,0.02193111919,0.0
0.2376898463,0.7391316503,0.0,0.0,0.0,0.02317850333,0.0
0.1880750629,0.766405579,0.0,0.0,0.0,0.04551935816,0.0
0.1896775925,0.7933535072,0.0,0.0,0.0,0.0169689003,0.0
0.2333975874,0.7311599695,0.0,0.0,0.0,0.03544244308,0.0
0.20146032,0.7571768922,0.0,0.0,0.0,0.04136278788,0.0
0.2462240387,0.7001255668,0.0,0.0,0.0,0.05365039451,0.0
0.1669469946,0.8015327916,0.0,0.0,0.0,0.03152021381,0.0
0.1765638712,0.8113188888,0.0,0.0,0.0,0.01211724009,0.0
0.2041739292,0.7333485339,0.0,0.0,0.0,0.06247753691,0.0
0.2132564384,0.7368889158,0.0,0.0,0.0,0.04985464574,0.0
0.1812440583,0.8124532342,0.0,0.0,0.0,0.00630270755,0.0
0.1570474865,0.7029973718,0.1133589223,0.0,0.0,0.0265962194,0.0
0.159120342,0.5562568847,0.2390733347,0.0,0.0,0.04554943863,0.0
0.2029416864,0.7456689081,0.008923223112,0.0,0.0,0.04246618243,0.0
0.1855237404,0.5107343095,0.3016610475,0.0,0.0,0.002080902591,0.0
0.134775307,0.6295252036,0.2045976489,0.0,0.0,0.03110184053,0.0
0.1660609733,0.7919350233,0.03492584077,0.0,0.0,0.007078162641,0.0
0.2301631262,0.6183951004,0.1180793868,0.0,0.0,0.03336238665,0.0
0.1671595287,0.6293659087,0.1423540262,0.0,0.0,0.06112053641,0.0
0.2153661395,0.6608607452,0.06344295045,0.0,0.0,0.06033016487,0.0
0.2277323893,0.5671167777,0.1858164684,0.0,0.0,0.01933436462,0.0
0.138548782,0.566380106,0.2841437551,0.0,0.0,0.01092735686,0.0
0.176805294,0.7453155068,0.02556888779,0.0,0.0,0.05231031135,0.0
0.1869177733,0.595859035,0.2131502963,0.0,0.0,0.004072895376,0.0
0.1746846467,0.6784778669,0.1316816174,0.0,0.0,0.01515586907,0.0
0.2310985289,0.5906802357,0.1366088906,0.0,0.0,0.04161234477,0.0
0.1583517805,0.7188839799,0.08519730092,0.0,0.0,0.03756693861,0.0
0.2430249351,0.6997812632,0.003765338067,0.0,0.0,0.05342846364,0.0
0.1472142812,0.5228798834,0.3035632635,0.0,0.0,0.02634257182,0.0
0.2107959694,0.710963192,0.04768319199,0.0,0.0,0.03055764665,0.0
0.2295697365,0.5052595144,0.2041849309,0.0,0.0,0.0609858183,0.0
0.1449026205,0.6296851787,0.1686458241,0.0,0.0,0.05676637675,0.0
0.1659341651,0.7070218529,0.05958881607,0.0,0.0,0.06745516595,0.0
0.1909979221,0.6249684034,0.1691865553,0.0,0.0,0.01484711918,0.0
0.1965382165,0.7062616583,0.09388844615,0.0,0.0,0.003311679025,0.0
0.1930973955,0.5762698057,0.1827138503,0.0,0.0,0.04791894846,0.0
0.1370477624,0.6850610759,0.1228451816,0.0,0.0,0.05504598013,0.0
0.1418951148,0.5634416136,0.2582621803,0.0,0.0,0.03640109131,0.0
0.2319228877,0.7345820676,0.01529587064,0.0,0.0,0.01819917405,0.0
0.2081820099,0.4739163204,0.2492753131,0.0,0.0,0.06862635659,0.0
0.1439191731,0.6014537431,0.2134070647,0.0,0.0,0.04122001907,0.0
0.1780230639,0.720662228,0.0738184777,0.0,0.0,0.02749623048,0.0
0.1635247506,0.4978266989,0.2830350954,0.0,0.0,0.0556134551,0.0
0.1899487777,0.7309008359,0.03946259392,0.0,0.0,0.03968779254,0.0
0.1979433523,0.5359435829,0.2484307898,0.0,0.0,0.01768227499,0.0
0.1377021334,0.6702593708,0.1634769807,0.0,0.0,0.02856151502,0.0
0.1732815796,0.8132291469,0.003373261881,0.0,0.0,0.01011601168,0.0
0.2445473323,0.4560581139,0.2597186532,0.0,0.0,0.0396759006,0.0
0.2333551234,0.6657906311,0.08347507637,0.0,0.0,0.0173791691,0.0
0.1587575579,0.5894550171,0.1813179746,0.0,0.0,0.07046945031,0.0
0.19156161,0.6496897315,0.1006144217,0.0,0.0,0.05813423678,0.0
0.1399656175,0.6140660244,0.2357793441,0.0,0.0,0.01018901395,0.0
0.1748106074,0.7754786361,0.01307446503,0.0,0.0,0.03663629148,0.0
0.179584422,0.6121243842,0.18868591,0.0,0.0,0.0196052838,0.0
0.1799947211,0.6714294182,0.1145208337,0.0,0.0,0.03405502703,0.0
0.2009321331,0.5705601036,0.1678310754,0.0,0.0,0.06067668785,0.0
0.1215494356,0.5763778601,0.2441225164,0.0,0.0,0.05795018788,0.0
0.1494343315,0.7206286432,0.07329947213,0.0,0.0,0.05663755321,0.0
0.2355341795,0.7138684168,0.03581976618,0.0,0.0,0.01477763752,0.0
0.2114205775,0.5118257191,0.2330083326,0.0,0.0,0.04374537076,0.0
0.1580048491,0.6325552712,0.1396395427,0.0,0.0,0.06980033707,0.0
0.1667161833,0.6885715881,0.1378529257,0.0,0.0,0.006859302847,0.0
0.1641152972,0.5169014575,0.2501891498,0.0,0.0,0.06879409557,0.0
0.1839353924,0.7271248121,0.02955324443,0.0,0.0,0.05938655115,0.0
0.1957737463,0.5078344204,0.2732002021,0.0,0.0,0.0231916312,0.0
0.128101409,0.63411093,0.2227559347,0.0,0.0,0.01503172628,0.0
0.1643264361,0.7576567858,0.05456027825,0.0,0.0,0.02345649986,0.0
0.247896368,0.4807663868,0.2023541851,0.0,0.0,0.06898306006,0.0
0.2248161579,0.6668767543,0.09502350475,0.0,0.0,0.01328358306,0.0
0.1726310378,0.622752325,0.1581961314,0.0,0.0,0.04642050579,0.0
0.203137889,0.6675345499,0.08493398603,0.0,0.0,0.04439357509,0.0
0.2637322611,0.5657665361,0.1681297739,0.0,0.0,0.00237142893,0.0
0.1240487921,0.534039257,0.3052310456,0.0,0.0,0.03668090539,0.0
0.1663766464,0.7207196196,0.1011814877,0.0,0.0,0.0117222463,0.0
0.1444647406,0.4807299155,0.3007043475,0.0,0.0,0.07410099652,0.0
0.1952460583,0.6846450522,0.06217224232,0.0,0.0,0.05793664719,0.0
0.1864042029,0.5458902977,0.2320624467,0.0,0.0,0.03564305274,0.0
0.1483648364,0.6715942367,0.1745647056,0.0,0.0,0.005476221311,0.0
0.1608153299,0.7901381129,0.02030865825,0.0,0.0,0.02873789892,0.0
0.1512298439,0.5947472357,0.2045995997,0.0,0.0,0.04942332062,0.0
0.1977649124,0.6401546141,0.1196032653,0.0,0.0,0.04247720833,0.0
0.2576269187,0.5963033091,0.1314596683,0.0,0.0,0.01461010396,0.0
0.1369855447,0.5798050173,0.25596572,0.0,0.0,0.02724371802,0.0
0.1780048957,0.7301988002,0.04386069856,0.0,0.0,0.04793560553,0.0
0.2406027905,0.5875262586,0.1174138845,0.0,0.0,0.05445706647,0.0
0.1991085999,0.6198990864,0.1454185042,0.0,0.0,0.03557380949,0.0
0.1877200238,0.7151782296,0.07765112593,0.0,0.0,0.01945062066,0.0
0.1997322876,0.5268766522,0.2055123371,0.0,0.0,0.06787872306,0.0
0.1448237299,0.6738559868,0.1104300727,0.0,0.0,0.07089021054,0.0
0.2415518018,0.6757289681,0.04634875074,0.0,0.0,0.03637047939,0.0
0.164223274,0.5954257824,0.2215680685,0.0,0.0,0.01878287498,0.0
0.2159584064,0.4575454491,0.2747862851,0.0,0.0,0.05170985931,0.0
0.1381544749,0.6159428092,0.1824557223,0.0,0.0,0.06344699359,0.0
0.1707648254,0.7590933285,0.03672579686,0.0,0.0,0.03341604925,0.0
0.1812952326,0.6280474398,0.1388704691,0.0,0.0,0.0517868585,0.0
0.1925234113,0.7014013505,0.06774961887,0.0,0.0,0.0383256193,0.0
0.2093333583,0.582797358,0.1979575787,0.0,0.0,0.009911705049,0.0
0.122888728,0.5701292822,0.2837224339,0.0,0.0,0.02325955593,0.0
0.1480939916,0.710856614,0.1225823125,0.0,0.0,0.01846708197,0.0
0.2526405517,0.6708736789,0.05403783756,0.0,0.0,0.02244793179,0.0
0.1440953312,0.5469978386,0.2325334047,0.0,0.0,0.07637342545,0.0
0.2283407329,0.7079063318,0.01370105279,0.0,0.0,0.05005188254,0.0
0.1944095357,0.4780585581,0.2961237393,0.0,0.0,0.03140816695,0.0
0.1571615496,0.6474373955,0.1931472395,0.0,0.0,0.002253815421,0.0
0.1612385846,0.68467198,0.09122151058,0.0,0.0,0.06286792482,0.0
0.1648215158,0.5305741366,0.2906135079,0.0,0.0,0.01399083971,0.0
0.1911575587,0.7484091592,0.05509369338,0.0,0.0,0.005339588775,0.0
0.2077352716,0.5244591858,0.2128341355,0.0,0.0,0.0549714071,0.0
0.1300723834,0.6408657425,0.1628032194,0.0,0.0,0.06625865471,0.0
0.1684747337,0.7595388867,0.02862443143,0.0,0.0,0.04336194815,0.0
0.2516484669,0.4858044239,0.2589393439,0.0,0.0,0.003607765363,0.0
0.224697665,0.6540650132,0.07034494537,0.0,0.0,0.05089237636,0.0
0.1669055905,0.5875842806,0.2133941904,0.0,0.0,0.0321159385,0.0
0.1952158427,0.6523243769,0.1295105046,0.0,0.0,0.02294927586,0.0
0.2459714524,0.5490178923,0.1382017285,0.0,0.0,0.0668089268,0.0
0.1283913909,0.5538960891,0.2666763882,0.0,0.0,0.05103613176,0.0
0.1525945077,0.6548753839,0.1278000205,0.0,0.0,0.06473008801,0.0
0.1741162066,0.5751239559,0.2440756038,0.0,0.0,0.006684233601,0.0
0.2092400998,0.7584322697,0.02096549458,0.0,0.0,0.01136213587,0.0
0.1753511661,0.5178350707,0.265811838,0.0,0.0,0.04100192521,0.0
0.1290767298,0.5934848498,0.2055264149,0.0,0.0,0.07191200559,0.0
0.1494269225,0.742195341,0.06431923624,0.0,0.0,0.04405850025,0.0
0.2310524947,0.6034095107,0.1008203117,0.0,0.0,0.06471768293,0.0
0.1622703097,0.6393087125,0.1722462571,0.0,0.0,0.02617472068,0.0
0.2123376787,0.6659020013,0.09229618987,0.0,0.0,0.02946413016,0.0
0.2318164527,0.5349670854,0.1798834344,0.0,0.0,0.05333302749,0.0
0.1222955498,0.5072157076,0.3148638113,0.0,0.0,0.05562493132,0.0
0.1947479808,0.7823352614,0.005559670564,0.0,0.0,0.01735708725,0.0
0.1959268539,0.5902970118,0.1740428339,0.0,0.0,0.03973330043,0.0
0.1755902497,0.6701375888,0.1049157955,0.0,0.0,0.049356366,0.0
0.223164512,0.6111792652,0.1571614399,0.0,0.0,0.008494782967,0.0
0.1245769537,0.6025557722,0.2331850655,0.0,0.0,0.03968220864,0.0
0.2486725117,0.7017497491,0.02503594668,0.0,0.0,0.02454179252,0.0
0.1371470046,0.5134881328,0.2827756823,0.0,0.0,0.06658918031,0.0
0.2020545664,0.6915926276,0.04398316551,0.0,0.0,0.06236964048,0.0
0.2465209158,0.4931818901,0.2339319641,0.0,0.0,0.02636523006,0.0
0.1531467232,0.6766923169,0.1530687834,0.0,0.0,0.01709217646,0.0
0.163975218,0.7223324468,0.06625590198,0.0,0.0,0.04743643316,0.0
0.1575043481,0.5319989317,0.2775249513,0.0,0.0,0.03297176897,0.0
0.2009834732,0.7433998845,0.03093918435,0.0,0.0,0.02467745793,0.0
0.1784464805,0.5123328302,0.2360041951,0.0,0.0,0.07321649416,0.0
0.1408450546,0.6634744476,0.150880142,0.0,0.0,0.04480035576,0.0
0.1580937378,0.7673811104,0.01154407411,0.0,0.0,0.0629810777,0.0
0.2630829739,0.4506932097,0.2675345158,0.0,0.0,0.01868930059,0.0
0.2363728159,0.6366753264,0.09106428042,0.0,0.0,0.03588757731,0.0
0.1627829153,0.6292582426,0.1967739871,0.0,0.0,0.01118485498,0.0
0.2176478385,0.666393491,0.1079883687,0.0,0.0,0.007970301747,0.0
0.2352767314,0.5622580801,0.1538385289,0.0,0.0,0.04862665971,0.0
0.1373176768,0.5539844862,0.2403799098,0.0,0.0,0.06831792725,0.0
0.1810430266,0.7534021064,0.05228837673,0.0,0.0,0.01326649025,0.0
0.1846039432,0.5871813363,0.1567811315,0.0,0.0,0.07143358906,0.0
0.1727472348,0.6883062579,0.08497527262,0.0,0.0,0.05397123464,0.0
0.2253193083,0.5774759773,0.1668305069,0.0,0.0,0.03037420744,0.0
0.1493934693,0.6842423356,0.1324836596,0.0,0.0,0.03388053557,0.0
0.2379906129,0.7133766437,0.04295798501,0.0,0.0,0.005674758446,0.0
0.1475635845,0.5276686533,0.265583314,0.0,0.0,0.05918444817,0.0
0.2222090741,0.7231862953,0.02227434965,0.0,0.0,0.03233028096,0.0
0.2285309784,0.4973841072,0.2599316128,0.0,0.0,0.01415330161,0.0
0.142185732,0.6077504236,0.2259710519,0.0,0.0,0.02409279256,0.0
0.1822268734,0.795043186,0.01864022751,0.0,0.0,0.004089713124,0.0
0.169419162,0.5691078241,0.2021863809,0.0,0.0,0.05928663296,0.0
0.1789094146,0.6329530021,0.1178307834,0.0,0.0,0.07030679998,0.0
0.2171491877,0.6292061185,0.1309133544,0.0,0.0,0.02273133934,0.0
0.1296272551,0.590808062,0.2616210687,0.0,0.0,0.01794361422,0.0
0.1498167446,0.7314065197,0.09643326489,0.0,0.0,0.02234347084,0.0
0.1293655989,0.5047158346,0.3201037254,0.0,0.0,0.04581484112,0.0
0.2132408958,0.6834922497,0.05436154515,0.0,0.0,0.04890530936,0.0
0.2318628295,0.5439190889,0.2193038369,0.0,0.0,0.004914244658,0.0
0.151105483,0.6348101117,0.1787727335,0.0,0.0,0.03531167189,0.0
0.1688121122,0.687166168,0.1023766392,0.0,0.0,0.04164508059,0.0
0.1833022472,0.5650190674,0.2243722987,0.0,0.0,0.02730638677,0.0
0.1777898234,0.4746152061,0.2828939044,0.0,0.0,0.0647010661,0.0
0.1312593196,0.6236777968,0.1919484307,0.0,0.0,0.05311445296,0.0
0.1583283779,0.7416790332,0.04306972294,0.0,0.0,0.05692286587,0.0
0.2184184516,0.6042121094,0.1283119953,0.0,0.0,0.04905744375,0.0
0.1798509315,0.6577638828,0.1541632385,0.0,0.0,0.00822194715,0.0
0.2047112859,0.7120394703,0.07390196465,0.0,0.0,0.009347279102,0.0
0.2508709316,0.5237138483,0.187104591,0.0,0.0,0.03831062904,0.0
0.1733825082,0.7801928309,0.03163637342,0.0,0.0,0.01478828753,0.0
0.1602282825,0.5563796766,0.2070273622,0.0,0.0,0.07636467873,0.0
0.1732923684,0.6354538723,0.1347189293,0.0,0.0,0.05653483005,0.0
0.2186398777,0.6070015156,0.1447295017,0.0,0.0,0.0296291049,0.0
0.1280635736,0.5991164916,0.2675120172,0.0,0.0,0.005307917538,0.0
0.1522083263,0.724652535,0.08980814476,0.0,0.0,0.03333099394,0.0
0.1334891379,0.5036276691,0.2997403053,0.0,0.0,0.06314288771,0.0
0.2238750096,0.6922324904,0.04935103717,0.0,0.0,0.03454146284,0.0
0.2220723886,0.5513706989,0.2144674504,0.0,0.0,0.01208946222,0.0
0.1605539951,0.6526108136,0.1635791163,0.0,0.0,0.02325607503,0.0
0.1610552694,0.6750197729,0.1152291751,0.0,0.0,0.0486957826,0.0
0.1749828617,0.561926127,0.2333863696,0.0,0.0,0.02970464175,0.0
0.1973278957,0.7679680294,0.01182341125,0.0,0.0,0.02288066366,0.0
0.1769327662,0.4480634935,0.2969170641,0.0,0.0,0.07808667615,0.0
0.1280870409,0.6260201656,0.1995720582,0.0,0.0,0.0463207353,0.0
0.1618921129,0.7362213832,0.03945010457,0.0,0.0,0.06243639935,0.0
0.2640037725,0.4951326707,0.2211992247,0.0,0.0,0.01966433209,0.0
0.2171624571,0.6304355731,0.1144690203,0.0,0.0,0.03793294942,0.0
0.1876726948,0.665085418,0.1373559423,0.0,0.0,0.009885944874,0.0
0.2120489227,0.7101689728,0.07050536878,0.0,0.0,0.007276735695,0.0
0.2382980859,0.5263848889,0.1852265639,0.0,0.0,0.05009046119,0.0
0.1225375745,0.5353282841,0.2732461963,0.0,0.0,0.06888794517,0.0
0.1667535009,0.7116866168,0.0799431192,0.0,0.0,0.04161676306,0.0
0.161343607,0.5267118606,0.2811117479,0.0,0.0,0.03083278445,0.0
0.2033301028,0.7259345465,0.04392977933,0.0,0.0,0.02680557135,0.0
0.1704369661,0.5099002764,0.2573027202,0.0,0.0,0.0623600373,0.0
0.1421797576,0.6525232133,0.1535156031,0.0,0.0,0.05178142598,0.0
0.1567321735,0.7797669042,0.006430709777,0.0,0.0,0.05707021253,0.0
0.2454216412,0.6313383927,0.07809418763,0.0,0.0,0.0451457785,0.0
0.1617030889,0.6459538386,0.1832529003,0.0,0.0,0.009090172188,0.0
0.2123251096,0.6741221267,0.1034768506,0.0,0.0,0.01007591311,0.0
0.2513382524,0.566381356,0.1456169983,0.0,0.0,0.03666339331,0.0
0.1354021912,0.5648265668,0.2247761644,0.0,0.0,0.07499507758,0.0
0.1852845716,0.7485736708,0.06360929572,0.0,0.0,0.002532461888,0.0
0.2574016953,0.6125844083,0.1020028224,0.0,0.0,0.02801107402,0.0
0.1929165215,0.5887876102,0.1625905871,0.0,0.0,0.05570528121,0.0
0.1711964728,0.6627890827,0.09673595421,0.0,0.0,0.06927849028,0.0
0.2143400955,0.5786277383,0.1828070721,0.0,0.0,0.02422509416,0.0
0.1483609777,0.6998307716,0.1295432354,0.0,0.0,0.02226501535,0.0
0.2482381311,0.7102751248,0.02972049887,0.0,0.0,0.01176624523,0.0
0.1514856739,0.5588584945,0.248575235,0.0,0.0,0.04108059668,0.0
0.2131058442,0.7209972118,0.01980888292,0.0,0.0,0.04608806105,0.0
0.2427096375,0.4989069272,0.2516635354,0.0,0.0,0.006719899915,0.0
0.1403010056,0.616647015,0.2072397877,0.0,0.0,0.03581219161,0.0
0.1475329145,0.6510191577,0.1339670773,0.0,0.0,0.06748085043,0.0
0.1632120944,0.5602344388,0.2622070171,0.0,0.0,0.01434644966,0.0
0.2043073585,0.7637441044,0.02626978306,0.0,0.0,0.005678753994,0.0
0.1759233268,0.4953978921,0.27017192,0.0,0.0,0.05850686109,0.0
0.1233562457,0.5839542443,0.2215933597,0.0,0.0,0.07109615031,0.0
0.1552267942,0.7497906756,0.04967708046,0.0,0.0,0.04530544977,0.0
0.2270474081,0.6240530485,0.09860544109,0.0,0.0,0.05029410235,0.0
0.1656547076,0.6338394617,0.1675834566,0.0,0.0,0.03292237412,0.0
0.2243900076,0.674724366,0.07794638316,0.0,0.0,0.0229392432,0.0
0.2236097601,0.543144368,0.1648578077,0.0,0.0,0.06838806431,0.0
0.1269770804,0.5113272443,0.3086471729,0.0,0.0,0.05304850241,0.0
0.1863422896,0.7739302854,0.008191098834,0.0,0.0,0.03153632624,0.0
0.1831615232,0.5725912087,0.192322534,0.0,0.0,0.05192473411,0.0
0.1722097237,0.679517119,0.1094901012,0.0,0.0,0.0387830561,0.0
0.2294453013,0.6005298608,0.1589249829,0.0,0.0,0.01109985503,0.0
0.1214776968,0.6021669714,0.2541113514,0.0,0.0,0.02224398047,0.0
0.1630913867,0.7507649257,0.07035179305,0.0,0.0,0.01579189454,0.0
0.2427059891,0.7143183777,0.02037706269,0.0,0.0,0.02259857053,0.0
0.1405490042,0.5080813557,0.2733310184,0.0,0.0,0.07803862172,0.0
0.2124358393,0.7029784267,0.03321571453,0.0,0.0,0.05137001946,0.0
0.2388375284,0.5105431365,0.2215593307,0.0,0.0,0.02906000441,0.0
0.1765074977,0.7631314354,0.04157689602,0.0,0.0,0.01878417086,0.0
0.1860848392,0.6207031797,0.152025026,0.0,0.0,0.04118695517,0.0
0.1939159866,0.6846008345,0.07267038826,0.0,0.0,0.04881279061,0.0
0.2005261697,0.5856283574,0.2065554771,0.0,0.0,0.007289995772,0.0
0.119823648,0.5395198703,0.2984982662,0.0,0.0,0.04215821553,0.0
0.1499424772,0.7402083446,0.1075304667,0.0,0.0,0.002318711441,0.0
0.1436406225,0.5614934319,0.2303152846,0.0,0.0,0.06455066103,0.0
0.2097581454,0.4904638675,0.2721821459,0.0,0.0,0.02759584123,0.0
0.1511071415,0.6407309295,0.1887832612,0.0,0.0,0.01937866778,0.0
0.1655003248,0.6800848819,0.09377672028,0.0,0.0,0.06063807298,0.0
0.1662769928,0.5164079918,0.3108944333,0.0,0.0,0.006420582137,0.0
0.1944032001,0.7361469386,0.05806070627,0.0,0.0,0.01138915501,0.0
0.2033716504,0.5380590406,0.2193976511,0.0,0.0,0.03917165779,0.0
0.1295303485,0.6225321198,0.17899326,0.0,0.0,0.06894427171,0.0
0.1672294872,0.7742279519,0.01742016758,0.0,0.0,0.04112239335,0.0
0.2664368817,0.4800098089,0.2383552547,0.0,0.0,0.01519805471,0.0
0.2299371503,0.6415550462,0.06408133201,0.0,0.0,0.06442647153,0.0
0.164930368,0.6017900295,0.2083523459,0.0,0.0,0.02492725665,0.0
0.1915639564,0.6618246399,0.1175047558,0.0,0.0,0.0291066479,0.0
0.1260827498,0.5612370643,0.2596569186,0.0,0.0,0.05302326731,0.0
0.1661215216,0.7423234793,0.08656331506,0.0,0.0,0.004991684042,0.0
0.1419013083,0.4882885296,0.29798646,0.0,0.0,0.07182370217,0.0
0.19229654,0.6990911686,0.04941380593,0.0,0.0,0.05919848553,0.0
0.2010401462,0.5643832317,0.2118294588,0.0,0.0,0.02274716327,0.0
0.1446765486,0.672328685,0.1706049886,0.0,0.0,0.01238977785,0.0
0.164427198,0.7880255881,0.02507854512,0.0,0.0,0.02246866885,0.0
0.2586092626,0.4270959132,0.2434704183,0.0,0.0,0.07082440599,0.0
0.2518105491,0.6628263642,0.07127480111,0.0,0.0,0.0140882856,0.0
0.1525807225,0.5804195393,0.2194095496,0.0,0.0,0.04759018857,0.0
0.2015532157,0.6295462995,0.124706212,0.0,0.0,0.04419427278,0.0
0.2482344393,0.6085485893,0.1392027608,0.0,0.0,0.004014210623,0.0
0.1362583781,0.5581596044,0.2707800876,0.0,0.0,0.03480192995,0.0
0.1780187422,0.7517484436,0.03264759715,0.0,0.0,0.0375852171,0.0
0.2500666961,0.5802949264,0.1099997762,0.0,0.0,0.05963860125,0.0
0.1976299067,0.6407800095,0.1412375375,0.0,0.0,0.02035254632,0.0
0.1827014184,0.7167973465,0.06619204097,0.0,0.0,0.03430919415,0.0
0.2149533854,0.537581923,0.1885228492,0.0,0.0,0.05894184242,0.0
0.1498510362,0.6768304218,0.1134263682,0.0,0.0,0.05989217381,0.0
0.2279704772,0.6689773325,0.05955670813,0.0,0.0,0.04349548222,0.0
0.1679114917,0.5897926708,0.240397927,0.0,0.0,0.001897910576,0.0
0.2258005692,0.7492070421,0.009933178293,0.0,0.0,0.01505921041,0.0
0.2075488663,0.4649044541,0.2827766747,0.0,0.0,0.04477000491,0.0
0.1359106189,0.5895291234,0.1984572406,0.0,0.0,0.0761030172,0.0
0.1818666648,0.599370381,0.1833046943,0.0,0.0,0.03545825999,0.0
0.1917606508,0.6906336005,0.09955082126,0.0,0.0,0.01805492742,0.0
0.1970476516,0.5833523182,0.1523921747,0.0,0.0,0.06720785543,0.0
0.1273258344,0.5882952018,0.2394327391,0.0,0.0,0.0449462248,0.0
0.1436147088,0.7099783852,0.07857999431,0.0,0.0,0.06782691176,0.0
0.1386455973,0.5494260283,0.2924429662,0.0,0.0,0.01948540827,0.0
0.2168421061,0.495411026,0.2368148788,0.0,0.0,0.05093198911,0.0
0.1529689393,0.633274943,0.1542309968,0.0,0.0,0.05952512097,0.0
0.1723379599,0.6908710085,0.1232577247,0.0,0.0,0.01353330682,0.0
0.171199301,0.5171342547,0.2414917816,0.0,0.0,0.07017466275,0.0
0.1909607702,0.733351295,0.01892121728,0.0,0.0,0.05676671747,0.0
0.1894202388,0.5172097988,0.2578846762,0.0,0.0,0.0354852862,0.0
0.133755399,0.6437647292,0.2147916611,0.0,0.0,0.007688210649,0.0
0.1587021177,0.7534720273,0.05767388263,0.0,0.0,0.03015197231,0.0
0.2630603712,0.4803257703,0.2038459299,0.0,0.0,0.05276792858,0.0
0.232180458,0.6571066198,0.1084247645,0.0,0.0,0.002288157685,0.0
0.1640253548,0.6102539877,0.1760623789,0.0,0.0,0.04965827865,0.0
0.1965783756,0.6712213689,0.08908098658,0.0,0.0,0.04311926894,0.0
0.1183209854,0.5238077231,0.3281819238,0.0,0.0,0.02968936772,0.0
0.1659290615,0.7269856609,0.05451507963,0.0,0.0,0.05257019794,0.0
0.1907705043,0.6488922845,0.1570437455,0.0,0.0,0.003293465724,0.0
0.1905890919,0.7065095706,0.08898541501,0.0,0.0,0.01391592243,0.0
0.202982379,0.5779922482,0.1742719208,0.0,0.0,0.04475345201,0.0
0.1402471456,0.6818836091,0.1386381677,0.0,0.0,0.03923107753,0.0
0.2441979949,0.6635542348,0.03603425668,0.0,0.0,0.05621351363,0.0
0.1468901936,0.5666023308,0.2627848278,0.0,0.0,0.02372264779,0.0
0.2339526401,0.7108159542,0.02747165923,0.0,0.0,0.0277597465,0.0
0.1943675162,0.4660630013,0.2714451822,0.0,0.0,0.06812430032,0.0
0.1436497932,0.5829193062,0.2154829726,0.0,0.0,0.0579479279,0.0
0.1742402385,0.7291446724,0.0707904584,0.0,0.0,0.0258246307,0.0
0.1651586676,0.5215093515,0.2653572082,0.0,0.0,0.0479747727,0.0
0.1842894366,0.7329044672,0.0368937917,0.0,0.0,0.04591230452,0.0
0.1374010909,0.6854221798,0.1467095145,0.0,0.0,0.03046721483,0.0
0.1754326526,0.8021338721,0.01396230833,0.0,0.0,0.008471167002,0.0
0.2223497168,0.443300197,0.281141471,0.0,0.0,0.05320861517,0.0
0.220961195,0.6572605704,0.08926679892,0.0,0.0,0.03251143566,0.0
0.1633211212,0.5853080208,0.1874671046,0.0,0.0,0.06390375327,0.0
0.1923376244,0.6304070978,0.1124317403,0.0,0.0,0.06482353746,0.0
0.2611813732,0.566455249,0.1547927238,0.0,0.0,0.01757065402,0.0
0.1420526799,0.6038538447,0.2415339992,0.0,0.0,0.01255947613,0.0
0.1615606078,0.7035811019,0.1066781423,0.0,0.0,0.028180148,0.0
0.1663797417,0.5602038117,0.2219327374,0.0,0.0,0.0514837091,0.0
0.2103105434,0.7490398744,0.004478504204,0.0,0.0,0.03617107795,0.0
0.1760831885,0.5087523165,0.2945637094,0.0,0.0,0.0206007856,0.0
0.1415759229,0.6418683856,0.1883379394,0.0,0.0,0.0282177521,0.0
0.1595639579,0.7827619233,0.04864765141,0.0,0.0,0.009026467299,0.0
0.2427251629,0.6189626081,0.1201217492,0.0,0.0,0.01819047979,0.0
0.1609444129,0.624148091,0.1468285213,0.0,0.0,0.06807897477,0.0
0.2064292725,0.6600397508,0.07786942452,0.0,0.0,0.05566155222,0.0
0.2267818843,0.5373842621,0.2000792485,0.0,0.0,0.0357546051,0.0
0.134721812,0.5670612905,0.289737413,0.0,0.0,0.008479484506,0.0
0.179547057,0.7322608324,0.02215657041,0.0,0.0,0.06603554022,0.0
0.1940179497,0.5965240389,0.1937760149,0.0,0.0,0.01568199651,0.0
0.1825451496,0.6855069811,0.1280002339,0.0,0.0,0.003947635343,0.0
0.2234700399,0.5982296937,0.1341188196,0.0,0.0,0.04418144682,0.0
0.1181663336,0.5641313913,0.2524514642,0.0,0.0,0.06525081093,0.0
0.1499075507,0.6987499017,0.09745307037,0.0,0.0,0.0538894773,0.0
0.1383164713,0.5090726455,0.3127685167,0.0,0.0,0.03984236648,0.0
0.2049160354,0.714350006,0.05970635239,0.0,0.0,0.0210276062,0.0
0.2352516941,0.4856218798,0.2156890557,0.0,0.0,0.06343737037,0.0
0.142777215,0.6399542504,0.1763786504,0.0,0.0,0.04088988424,0.0
0.1126177508,0.5611649732,0.0,0.2971371896,0.0,0.02908008641,0.0
0.1912187173,0.683018483,0.0,0.0908947909,0.0,0.03486800878,0.0
0.1997864383,0.6743976841,0.0,0.08548517729,0.0,0.04033070035,0.0
0.1723981376,0.4774234836,0.0,0.3364747777,0.0,0.01370360121,0.0
0.1423282244,0.5748653934,0.0,0.260497951,0.0,0.02230843117,0.0
0.1588810544,0.6876418839,0.0,0.1446915685,0.0,0.008785493207,0.0
0.1487160082,0.4799799724,0.0,0.3174095859,0.0,0.05389443345,0.0
0.152657299,0.5773655858,0.0,0.2091915485,0.0,0.06078556677,0.0
0.1690900724,0.7830802853,0.0,0.04474254296,0.0,0.003087099331,0.0
0.1255328218,0.5728750324,0.0,0.2495714942,0.0,0.05202065167,0.0
0.1984700899,0.4692397465,0.0,0.2929525678,0.0,0.03933759584,0.0
0.1874171762,0.7449306015,0.0,0.05524809764,0.0,0.01240412469,0.0
0.2148624022,0.6546334994,0.0,0.124455044,0.0,0.006049054326,0.0
0.2063774827,0.5539999369,0.0,0.2083650994,0.0,0.03125748094,0.0
0.1199684013,0.5258891952,0.0,0.2966686035,0.0,0.05747379989,0.0
0.1822531453,0.7690119076,0.0,0.008234704584,0.0,0.04050024249,0.0
0.2124751407,0.628441403,0.0,0.09864076159,0.0,0.06044269475,0.0
0.1801129214,0.5979768805,0.0,0.1975552468,0.0,0.02435495138,0.0
0.1380755012,0.5024630986,0.0,0.3411823211,0.0,0.01827907899,0.0
0.134082677,0.6422963416,0.0,0.1762868995,0.0,0.04733408187,0.0
0.150775051,0.7314296945,0.0,0.05907364005,0.0,0.05872161446,0.0
0.1626364541,0.5998057692,0.0,0.230537066,0.0,0.007020710729,0.0
0.1596764802,0.5204457826,0.0,0.3067891296,0.0,0.01308860761,0.0
0.2372199152,0.6881173117,0.0,0.03463871049,0.0,0.04002406262,0.0
0.1599275621,0.6669893,0.0,0.1224598966,0.0,0.05062324136,0.0
0.1411770501,0.6274024853,0.0,0.1858882626,0.0,0.04553220197,0.0
0.1815159475,0.496891877,0.0,0.2719673243,0.0,0.04962485126,0.0
0.2356177031,0.7293907746,0.0,0.01590707414,0.0,0.01908444817,0.0
0.1638160723,0.641173357,0.0,0.1691868536,0.0,0.0258237171,0.0
0.2164802604,0.499591832,0.0,0.2274390613,0.0,0.05648884624,0.0
0.1084739483,0.4897024558,0.0,0.3627701032,0.0,0.03905349262,0.0
0.1509491155,0.7087884006,0.0,0.1159052449,0.0,0.02435723901,0.0
0.1403256628,0.5414121847,0.0,0.2785535613,0.0,0.03970859119,0.0
0.1715071468,0.5424367579,0.0,0.2528105161,0.0,0.03324557925,0.0
0.2329219618,0.5945749047,0.0,0.167618818,0.0,0.004884315443,0.0
0.1704428008,0.7246838655,0.0,0.07510321237,0.0,0.02977012137,0.0
0.1307904468,0.53662927,0.0,0.3288718413,0.0,0.003708441859,0.0
0.1936016101,0.5501337064,0.0,0.2297666439,0.0,0.0264980396,0.0
0.1773492097,0.61217593,0.0,0.1511494652,0.0,0.0593253951,0.0
0.2048920759,0.7185811036,0.0,0.02262206202,0.0,0.05390475849,0.0
0.1288411988,0.6321629274,0.0,0.2288052179,0.0,0.01019065592,0.0
0.143207368,0.7007959876,0.0,0.1183027207,0.0,0.03769392379,0.0
0.1467084865,0.520942123,0.0,0.3055409594,0.0,0.02680843108,0.0
0.166875082,0.5837201458,0.0,0.2324405011,0.0,0.01696427099,0.0
0.212082553,0.6061708363,0.0,0.1308129687,0.0,0.05093364199,0.0
0.1745156968,0.7135452944,0.0,0.06504162178,0.0,0.04689738699,0.0
0.1128642148,0.4852661773,0.0,0.352890538,0.0,0.0489790699,0.0
0.2071425802,0.519187161,0.0,0.236161151,0.0,0.0375091078,0.0
0.1992656723,0.6269009554,0.0,0.1588084949,0.0,0.01502487742,0.0
0.200989407,0.7718404397,0.0,0.02112617979,0.0,0.006043973554,0.0
0.2042197724,0.5008460811,0.0,0.2629235441,0.0,0.03201060233,0.0
0.12983739,0.616179013,0.0,0.1941175349,0.0,0.05986606205,0.0
0.1632722448,0.7444179601,0.0,0.08066109407,0.0,0.01164870098,0.0
0.1389362329,0.5421336852,0.0,0.2670770778,0.0,0.05185300413,0.0
0.1664640384,0.5128499892,0.0,0.2612365826,0.0,0.05944938976,0.0
0.1438453205,0.5975720792,0.0,0.226361798,0.0,0.03222080226,0.0
0.1804107346,0.5260445929,0.0,0.2861681124,0.0,0.007376560151,0.0
0.2180102251,0.7210902889,0.0,0.02912969265,0.0,0.03176979339,0.0
0.1710129852,0.6391449792,0.0,0.14709608,0.0,0.0427459556,0.0
0.111111102,0.536936245,0.0,0.32992025,0.0,0.02203240301,0.0
0.2151061332,0.439888217,0.0,0.3233628421,0.0,0.02164280765,0.0
0.183051846,0.6744962108,0.0,0.07960302086,0.0,0.06284892233,0.0
0.1952269785,0.6567609952,0.0,0.09633801172,0.0,0.05167401458,0.0
0.2025539539,0.6029235129,0.0,0.1770821831,0.0,0.01744035019,0.0
0.1330840873,0.5598330945,0.0,0.2965289555,0.0,0.01055386276,0.0
0.1727096018,0.7656704669,0.0,0.04004370342,0.0,0.02157622793,0.0
0.2396071375,0.6326337926,0.0,0.1161024111,0.0,0.01165665875,0.0
0.189313113,0.5732626032,0.0,0.1956193865,0.0,0.04180489728,0.0
0.1273861817,0.504289583,0.0,0.3347431313,0.0,0.0335811041,0.0
0.1459542922,0.6730981547,0.0,0.1493079297,0.0,0.03163962338,0.0
0.1136723268,0.5316486322,0.0,0.3070116983,0.0,0.04766734263,0.0
0.2226169891,0.5289760285,0.0,0.1982203123,0.0,0.05018667008,0.0
0.1781760324,0.6713262258,0.0,0.1340010291,0.0,0.0164967126,0.0
0.2197955983,0.706563217,0.0,0.04835331069,0.0,0.02528787408,0.0
0.1798100249,0.4622900827,0.0,0.3012089308,0.0,0.0566909617,0.0
0.1340871469,0.5861851399,0.0,0.2417293988,0.0,0.03799831448,0.0
0.1517375903,0.6100592063,0.0,0.1784256488,0.0,0.05977755464,0.0
0.2382045293,0.662688977,0.0,0.06575095601,0.0,0.03335553775,0.0
0.1473068248,0.5045992858,0.0,0.3434693321,0.0,0.004624557287,0.0
0.1707275303,0.6178781312,0.0,0.1967100771,0.0,0.01468426143,0.0
0.1301482771,0.6438237142,0.0,0.208755524,0.0,0.01727248474,0.0
0.2047049548,0.7386134994,0.0,0.009128925849,0.0,0.04755261996,0.0
0.1794497927,0.61256092,0.0,0.1712364373,0.0,0.03675284996,0.0
0.1955641998,0.5477723634,0.0,0.2541366884,0.0,0.002526748478,0.0
0.1265840071,0.506371336,0.0,0.3402316302,0.0,0.02681302661,0.0
0.1756065263,0.7641420112,0.0,0.05571659197,0.0,0.004534870563,0.0
0.232832527,0.6030528332,0.0,0.1381106985,0.0,0.02600394127,0.0
0.1675633082,0.5365698774,0.0,0.2389242942,0.0,0.05694252021,0.0
0.1376735241,0.517146041,0.0,0.2965369309,0.0,0.04864350404,0.0
0.150990435,0.7033064182,0.0,0.1310252021,0.0,0.01467794477,0.0
0.1070511082,0.4924894347,0.0,0.3365799347,0.0,0.06387952239,0.0
0.2247901189,0.5239755922,0.0,0.2150768374,0.0,0.03615745152,0.0
0.2368142406,0.7123243662,0.0,0.04066263264,0.0,0.01019876047,0.0
0.1830166248,0.4852674806,0.0,0.2891037663,0.0,0.04261212833,0.0
0.1343893668,0.5941182808,0.0,0.2169008538,0.0,0.05459149859,0.0
0.1652939483,0.6933508484,0.0,0.09732353464,0.0,0.04403166857,0.0
0.2333252968,0.6970924543,0.0,0.02094422727,0.0,0.04863802163,0.0
0.1617440009,0.540863934,0.0,0.2777351649,0.0,0.01965690025,0.0
0.1533695251,0.5621899471,0.0,0.2544328477,0.0,0.03000768005,0.0
0.1515233656,0.7219135748,0.0,0.09204452682,0.0,0.03451853279,0.0
0.1348157201,0.6489298806,0.0,0.1620247293,0.0,0.05422967008,0.0
0.1405814438,0.5238555268,0.0,0.3237961751,0.0,0.01176685424,0.0
0.1829981658,0.603050867,0.0,0.2123307367,0.0,0.00162023051,0.0
0.2121996973,0.6227876979,0.0,0.1283234589,0.0,0.03668914592,0.0
0.1767814723,0.7308485525,0.0,0.02868974246,0.0,0.06368023273,0.0
0.1246106891,0.557002891,0.0,0.2855188436,0.0,0.03286757629,0.0
0.2060265027,0.5579570678,0.0,0.1836680227,0.0,0.05234840683,0.0
0.2125334359,0.6521815208,0.0,0.1054052142,0.0,0.02987982904,0.0
0.1858435241,0.7230482269,0.0,0.06949470819,0.0,0.02161354084,0.0
0.1936777201,0.4412583515,0.0,0.319311055,0.0,0.04575287347,0.0
0.1240292329,0.5631190466,0.0,0.2701344492,0.0,0.04271727132,0.0
0.1672037606,0.7915510339,0.0,0.01228706023,0.0,0.02895814526,0.0
0.1612516286,0.6161581511,0.0,0.185867753,0.0,0.03672246731,0.0
0.1475025038,0.461094513,0.0,0.3466073903,0.0,0.04479559282,0.0
0.1534624801,0.6579447891,0.0,0.1703627824,0.0,0.01822994839,0.0
0.1484992041,0.6053900857,0.0,0.2305823539,0.0,0.0155283563,0.0
0.17038544,0.4889330621,0.0,0.3186742858,0.0,0.02200721205,0.0
0.1991013328,0.6924487308,0.0,0.06120409687,0.0,0.04724583953,0.0
0.1812812037,0.640237103,0.0,0.121128929,0.0,0.05735276442,0.0
0.1139618026,0.5564644425,0.0,0.3242963392,0.0,0.00527741571,0.0
0.1557343053,0.7672507334,0.0,0.03408061385,0.0,0.04293434748,0.0
0.1672918356,0.5887699576,0.0,0.2207121308,0.0,0.02322607594,0.0
0.1475254974,0.5108770884,0.0,0.3123485152,0.0,0.029248899,0.0
0.2336220503,0.6591564523,0.0,0.05203130876,0.0,0.05519018861,0.0
0.1581537331,0.651892452,0.0,0.1549663586,0.0,0.03498745629,0.0
0.1268999997,0.5420201188,0.0,0.2707784925,0.0,0.06030138907,0.0
0.1829861799,0.4634333671,0.0,0.3198255075,0.0,0.03375494552,0.0
0.2211540468,0.7020159551,0.0,0.07356859187,0.0,0.003261406188,0.0
0.1820626289,0.7047521276,0.0,0.1039537198,0.0,0.009231523765,0.0
0.2217355854,0.5492508787,0.0,0.1867515468,0.0,0.04226198907,0.0
0.1160102411,0.5470796355,0.0,0.2817472282,0.0,0.05516289524,0.0
0.1496625662,0.6774967989,0.0,0.1646971462,0.0,0.008143488612,0.0
0.1199598934,0.4719342008,0.0,0.3522582064,0.0,0.0558476994,0.0
0.1866421583,0.5813029633,0.0,0.183185773,0.0,0.0488691054,0.0
0.2396028634,0.652881213,0.0,0.08708526479,0.0,0.02043065878,0.0
0.1770513856,0.7888909778,0.0,0.01989343236,0.0,0.01416420421,0.0
0.1294353464,0.5412530156,0.0,0.3100454824,0.0,0.01926615565,0.0
0.2028439945,0.5859882851,0.0,0.200296277,0.0,0.01087144342,0.0
0.1966600278,0.6447658959,0.0,0.1155528789,0.0,0.04302119741,0.0
0.1902031126,0.7052928992,0.0,0.06643371332,0.0,0.03807027487,0.0
0.124665313,0.6063131451,0.0,0.2428627105,0.0,0.02615883141,0.0
0.1085378042,0.5220722839,0.0,0.3562514404,0.0,0.0131384715,0.0
0.1659391546,0.6059153829,0.0,0.1771672464,0.0,0.05097821609,0.0
0.1789229611,0.5255958952,0.0,0.2660297057,0.0,0.02945143796,0.0
0.1519207527,0.6439168498,0.0,0.1973931398,0.0,0.006769257669,0.0
0.155167694,0.6831844773,0.0,0.1368893105,0.0,0.02475851819,0.0
0.1651062449,0.5049110925,0.0,0.2921999179,0.0,0.03778274478,0.0
0.1426497633,0.5687310511,0.0,0.2436193492,0.0,0.04499983637,0.0
0.1669635848,0.7653251645,0.0,0.04855012371,0.0,0.01916112698,0.0
0.1325788482,0.615581088,0.0,0.2151457341,0.0,0.03669432973,0.0
0.1920618212,0.4633771898,0.0,0.2899880057,0.0,0.05457298327,0.0
0.1948221887,0.7408295273,0.0,0.03554220186,0.0,0.02880608216,0.0
0.1971221126,0.6399849095,0.0,0.1406631098,0.0,0.02222986809,0.0
0.2051394856,0.5351465088,0.0,0.2134592408,0.0,0.04625476484,0.0
0.1157221206,0.5021305285,0.0,0.3403498642,0.0,0.04179748668,0.0
0.1701651316,0.6891282802,0.0,0.08514761178,0.0,0.05555897647,0.0
0.2120415703,0.584588567,0.0,0.1590107905,0.0,0.04435907217,0.0
0.1697356052,0.5761742026,0.0,0.2458378612,0.0,0.008252331042,0.0
0.1544619582,0.5547743282,0.0,0.2886888417,0.0,0.002074871916,0.0
0.138896245,0.6937673961,0.0,0.1035818897,0.0,0.06375446916,0.0
0.1532453554,0.7644026953,0.0,0.07536744811,0.0,0.006984501174,0.0
0.1496566217,0.5361217479,0.0,0.2575194906,0.0,0.0567021398,0.0
0.1542520128,0.5250150082,0.0,0.2705877454,0.0,0.0501452336,0.0
0.1725737446,0.7001626978,0.0,0.114160135,0.0,0.01310342262,0.0
0.1421366898,0.6155103632,0.0,0.2236439386,0.0,0.01870900837,0.0
0.1961781585,0.5099859791,0.0,0.2844176686,0.0,0.009418193849,0.0
0.2198018192,0.7120510361,0.0,0.02432829236,0.0,0.04381885231,0.0
0.1677810533,0.639194105,0.0,0.1538139779,0.0,0.03921086375,0.0
0.1134125128,0.5275903393,0.0,0.3344494666,0.0,0.02454768133,0.0
0.1490842198,0.6844391224,0.0,0.1236766576,0.0,0.04280000026,0.0
0.1320552761,0.5276430424,0.0,0.3174127171,0.0,0.02288896435,0.0
0.1855110526,0.5656403628,0.0,0.2214146049,0.0,0.02743397977,0.0
0.2218123303,0.5894463351,0.0,0.133470933,0.0,0.05527040158,0.0
0.1672195183,0.7350327186,0.0,0.06080402822,0.0,0.03694373482,0.0
0.1110426363,0.4716335711,0.0,0.3562774787,0.0,0.06104631382,0.0
0.1838897347,0.5418650259,0.0,0.2389134934,0.0,0.03533174598,0.0
0.1917322308,0.64000638,0.0,0.1661486422,0.0,0.002112746991,0.0
0.2104434283,0.7669100961,0.0,0.01427475738,0.0,0.008371718216,0.0
0.130208227,0.6251592604,0.0,0.188016435,0.0,0.05661607766,0.0
0.1124895978,0.5478103395,0.0,0.3042593777,0.0,0.035440685,0.0
0.1785229707,0.6635068959,0.0,0.1282209383,0.0,0.02974919505,0.0
0.2159279138,0.7060756782,0.0,0.05491886329,0.0,0.02307754463,0.0
0.1680275137,0.4843272341,0.0,0.301611044,0.0,0.0460342083,0.0
0.1376557681,0.5747207487,0.0,0.2465644397,0.0,0.04105904349,0.0
0.1409049165,0.6289717683,0.0,0.1747723432,0.0,0.05535097196,0.0
0.2371779396,0.6483197197,0.0,0.07146432044,0.0,0.04303802031,0.0
0.1599425078,0.4992149539,0.0,0.3320299676,0.0,0.00881257069,0.0
0.1606435054,0.6309297807,0.0,0.2049968087,0.0,0.003429905253,0.0
0.1688541028,0.7629596767,0.0,0.006190089107,0.0,0.06199613145,0.0
0.1259229537,0.5929933816,0.0,0.2670757066,0.0,0.01400795806,0.0
0.186814925,0.4615435382,0.0,0.331333853,0.0,0.02030768377,0.0
0.1776464918,0.686161541,0.0,0.08531849294,0.0,0.05087347422,0.0
0.2047063288,0.651521112,0.0,0.08918816135,0.0,0.05458439783,0.0
0.2244202775,0.5698087466,0.0,0.1766091138,0.0,0.02916186206,0.0
0.132780292,0.5680019177,0.0,0.2912521794,0.0,0.007965610907,0.0
0.1815408617,0.7467850909,0.0,0.04575052571,0.0,0.02592352171,0.0
0.1696682784,0.5864069385,0.0,0.2066371462,0.0,0.03728763686,0.0
0.1397400444,0.4926872813,0.0,0.3241718432,0.0,0.04340083117,0.0
0.1404638112,0.6932050293,0.0,0.1463703241,0.0,0.01996083533,0.0
0.1171494211,0.5728317609,0.0,0.245785264,0.0,0.064233554,0.0
0.2112035295,0.4609366964,0.0,0.2931012129,0.0,0.03475856114,0.0
0.191125023,0.6629912587,0.0,0.1341339252,0.0,0.01174979305,0.0
0.1950043433,0.5581807403,0.0,0.2044065929,0.0,0.04240832342,0.0
0.1276181288,0.5193703978,0.0,0.3006421744,0.0,0.05236929899,0.0
0.1911767095,0.5989740909,0.0,0.1892243318,0.0,0.02062486786,0.0
0.1291576658,0.492592736,0.0,0.3474127489,0.0,0.0308368494,0.0
0.1371036331,0.6477792389,0.0,0.1817903862,0.0,0.03332674176,0.0
0.1233233611,0.5590213878,0.0,0.2994450048,0.0,0.01821024622,0.0
0.175473162,0.681081544,0.0,0.09676668022,0.0,0.04667861372,0.0
0.217421025,0.6691151234,0.0,0.07799332201,0.0,0.03547052966,0.0
0.1761986247,0.4784044359,0.0,0.3417579728,0.0,0.00363896669,0.0
0.1304246671,0.5838841943,0.0,0.2575847754,0.0,0.02810636326,0.0
0.1648331917,0.6799487397,0.0,0.1500026469,0.0,0.005215421614,0.0
0.2326700509,0.6807595101,0.0,0.05860775301,0.0,0.02796268594,0.0
0.1445162017,0.4751881951,0.0,0.3240494357,0.0,0.05624616757,0.0
0.1579498228,0.5896503702,0.0,0.2047315784,0.0,0.04766822866,0.0
0.1621483239,0.7818612267,0.0,0.03980839522,0.0,0.01618205416,0.0
0.149775197,0.7126012527,0.0,0.1096566584,0.0,0.02796689199,0.0
0.1486738747,0.5437006255,0.0,0.2704687254,0.0,0.03715677438,0.0
0.1595215349,0.534787022,0.0,0.2592620868,0.0,0.04642935629,0.0
0.2059616748,0.6166771335,0.0,0.1688099654,0.0,0.008551226287,0.0
0.1736015392,0.729334001,0.0,0.08002305972,0.0,0.01704140011,0.0
0.1218194351,0.5375201384,0.0,0.3263365054,0.0,0.0143239211,0.0
0.2052988102,0.5426170408,0.0,0.2312206739,0.0,0.02086347517,0.0
0.2024192233,0.6075612098,0.0,0.1429150846,0.0,0.04710448227,0.0
0.1842177544,0.7269253057,0.0,0.02941053366,0.0,0.0594464063,0.0
0.2097485437,0.4906920702,0.0,0.2738699601,0.0,0.02568942599,0.0
0.1358505446,0.6261516712,0.0,0.233483514,0.0,0.004514270093,0.0
0.1551370369,0.7236555706,0.0,0.06557522755,0.0,0.05563216496,0.0
0.1577790849,0.5940405515,0.0,0.2375468062,0.0,0.01063355741,0.0
0.1529909745,0.6647680931,0.0,0.1176050411,0.0,0.06463589124,0.0
0.1553050553,0.6226618948,0.0,0.1887544974,0.0,0.03327855247,0.0
0.1779178066,0.4998825895,0.0,0.2682355345,0.0,0.05396406949,0.0
0.2146569144,0.7341823892,0.0,0.0212487403,0.0,0.02991195614,0.0
0.1780751318,0.6413777023,0.0,0.1606135799,0.0,0.01993358597,0.0
0.2228623156,0.4989910113,0.0,0.2321914911,0.0,0.045955182,0.0
0.1004664305,0.4961851101,0.0,0.3592394596,0.0,0.04410899972,0.0
0.1369384893,0.6788538102,0.0,0.1734616995,0.0,0.01074600098,0.0
0.1285247273,0.4642919022,0.0,0.3551471262,0.0,0.05203624427,0.0
0.1709085731,0.5865752609,0.0,0.1809008711,0.0,0.06161529482,0.0
0.2333487084,0.6511960763,0.0,0.0924290163,0.0,0.02302619909,0.0
0.1217737496,0.5315267856,0.0,0.3158692492,0.0,0.03083021571,0.0
0.2253420697,0.5778348797,0.0,0.1905312719,0.0,0.006291778732,0.0
0.2013399931,0.6454581949,0.0,0.1202960037,0.0,0.03290580826,0.0
0.1876898676,0.708829544,0.0,0.05998324108,0.0,0.04349734726,0.0
0.2003793804,0.4774614085,0.0,0.3104559831,0.0,0.01170322805,0.0
0.1307330787,0.6122984455,0.0,0.2354291486,0.0,0.02153932713,0.0
0.1661744125,0.7677909451,0.0,0.02725805488,0.0,0.0387765875,0.0
0.1520692522,0.6029386925,0.0,0.2186824844,0.0,0.02630957087,0.0
0.167434424,0.5058661144,0.0,0.3110738889,0.0,0.01562557273,0.0
0.1457834225,0.6450709123,0.0,0.1610060396,0.0,0.04813962559,0.0
0.1312079058,0.5528465254,0.0,0.2662667749,0.0,0.04967879381,0.0
0.1574186587,0.4695932601,0.0,0.3331126621,0.0,0.03987541909,0.0
0.2093998864,0.7061847043,0.0,0.06971423694,0.0,0.01470117228,0.0
0.1895348515,0.6967395065,0.0,0.1091866043,0.0,0.004539037649,0.0
0.1128920997,0.5383961251,0.0,0.2878602503,0.0,0.06085152497,0.0
0.125289684,0.6065531453,0.0,0.2204464862,0.0,0.0477106845,0.0
0.2172088688,0.4568018972,0.0,0.2777286523,0.0,0.04826058175,0.0
0.1986586283,0.7438242074,0.0,0.04039343645,0.0,0.0171237278,0.0
0.1949322135,0.6433719339,0.0,0.1349112456,0.0,0.026784607,0.0
0.184133052,0.5352488761,0.0,0.2236049314,0.0,0.05701314044,0.0
0.1226450231,0.5083754851,0.0,0.3329556387,0.0,0.03602385316,0.0
0.1540817162,0.6929516783,0.0,0.09280895224,0.0,0.06015765327,0.0
0.2204166204,0.5942809489,0.0,0.1526870466,0.0,0.03261538405,0.0
0.1825266859,0.5639571159,0.0,0.2479382589,0.0,0.005577939262,0.0
0.1426264502,0.5552063519,0.0,0.2864766233,0.0,0.01569057465,0.0
0.1534763202,0.6986448626,0.0,0.0977123929,0.0,0.05016642429,0.0
0.211974343,0.5179579779,0.0,0.2468890917,0.0,0.02317858746,0.0
0.1583655361,0.6070021298,0.0,0.1731175293,0.0,0.06151480488,0.0
0.2260071039,0.7126740099,0.0,0.01076397619,0.0,0.05055491,0.0
0.2075428719,0.522061125,0.0,0.2525644307,0.0,0.0178315724,0.0
0.1477623692,0.6366363543,0.0,0.2043199607,0.0,0.01128131587,0.0
0.1671379842,0.6821705553,0.0,0.1286565053,0.0,0.0220349552,0.0
0.148460396,0.5179732388,0.0,0.291780066,0.0,0.04178629925,0.0
0.1584775839,0.5641651962,0.0,0.2451352914,0.0,0.03222192838,0.0
0.1546047192,0.7577033994,0.0,0.05432566728,0.0,0.03336621413,0.0
0.1021357752,0.502020599,0.0,0.3448690896,0.0,0.05097453619,0.0
0.1874200273,0.6585700659,0.0,0.1408661239,0.0,0.01314378285,0.0
0.2152748154,0.741706812,0.0,0.03585852871,0.0,0.007159843905,0.0
0.1749510315,0.4956392655,0.0,0.2990596605,0.0,0.03035004247,0.0
0.14432649,0.5910011337,0.0,0.2083092099,0.0,0.0563631664,0.0
0.162834663,0.6934250007,0.0,0.1039995482,0.0,0.03974078809,0.0
0.1664643114,0.5279089346,0.0,0.2809672645,0.0,0.02465948943,0.0
0.1500527949,0.5777440147,0.0,0.2522662128,0.0,0.01993697767,0.0
0.2287581231,0.5695124911,0.0,0.1534168626,0.0,0.04831252316,0.0
0.1524684227,0.7148677153,0.0,0.08656745616,0.0,0.04609640577,0.0
0.1398163477,0.6299955142,0.0,0.2003081301,0.0,0.02988000812,0.0
0.2243632006,0.5158671392,0.0,0.2547808436,0.0,0.004988816655,0.0
0.1918172025,0.5950578274,0.0,0.1744701198,0.0,0.03865485026,0.0
0.1973996367,0.5420513037,0.0,0.2463828171,0.0,0.01416624242,0.0
0.1146278621,0.5104252488,0.0,0.3513927695,0.0,0.02355411956,0.0
0.1822775141,0.7589691152,0.0,0.04855306058,0.0,0.0102003101,0.0
0.2144172554,0.6205931394,0.0,0.1481340377,0.0,0.01685556751,0.0
0.1679579652,0.5460316745,0.0,0.2333966278,0.0,0.05261373252,0.0
0.1362687662,0.503733206,0.0,0.3001556349,0.0,0.0598423929,0.0
0.1466105794,0.7121519983,0.0,0.1375263991,0.0,0.00371102313,0.0
0.1656371561,0.7919286313,0.0,0.01926904373,0.0,0.02316516885,0.0
0.1659139133,0.6025917325,0.0,0.1905321396,0.0,0.04096221463,0.0
0.1433605018,0.4770006454,0.0,0.345649032,0.0,0.03398982086,0.0
0.2301105846,0.6826773835,0.0,0.08315376625,0.0,0.004058265641,0.0
0.1543051517,0.6524654156,0.0,0.1643234182,0.0,0.0289060145,0.0
0.1410144598,0.6171893822,0.0,0.2389224987,0.0,0.002873659272,0.0
0.1809148473,0.4843682257,0.0,0.3098229554,0.0,0.02489397162,0.0
0.2172070833,0.6597671437,0.0,0.06418100719,0.0,0.05884476581,0.0
0.1659089942,0.660906565,0.0,0.1172566299,0.0,0.05592781088,0.0
0.1213751834,0.5548036763,0.0,0.3149448723,0.0,0.00887626798,0.0
0.1395097271,0.6473029677,0.0,0.1548054905,0.0,0.05838181474,0.0
0.1408916814,0.5338572046,0.0,0.3188178248,0.0,0.006433289247,0.0
0.183062227,0.5895280722,0.0,0.2156910408,0.0,0.01171866001,0.0
0.2324411158,0.6071364254,0.0,0.1204537546,0.0,0.03996870421,0.0
0.1717259404,0.7417238117,0.0,0.0338306565,0.0,0.05271959134,0.0
0.1343737249,0.5436545346,0.0,0.2762758535,0.0,0.04569588702,0.0
0.201397463,0.5591512251,0.0,0.1892286435,0.0,0.05022266834,0.0
0.2003707621,0.6781896818,0.0,0.1030652045,0.0,0.01837435162,0.0
0.1974543967,0.7034612158,0.0,0.07447952825,0.0,0.02460485929,0.0
0.1968999442,0.4344065613,0.0,0.3110613484,0.0,0.05763214607,0.0
0.1137526817,0.5660505736,0.0,0.2794546202,0.0,0.04074212461,0.0
0.1757412298,0.4454393705,0.02275951416,0.3383653989,0.0,0.01769448671,0.0
0.148498346,0.488562626,0.2232138348,0.08295564117,0.0,0.05676955204,0.0
0.1065597964,0.5227031508,0.07913782055,0.2769335708,0.0,0.01466566141,0.0
0.1590987302,0.6291826893,0.04647357771,0.1274225823,0.0,0.03782242046,0.0
0.1399334284,0.3097813057,0.2798878555,0.2316851763,0.0,0.03871223409,0.0
0.2318057904,0.573365516,0.08278309185,0.1067465304,0.0,0.005299071295,0.0
0.1120373853,0.4182831736,0.1476261914,0.2559420676,0.0,0.06611118214,0.0
0.1822709993,0.7449337876,0.002667980634,0.04311928472,0.0,0.02700794769,0.0
0.1305531724,0.2389732356,0.2437507545,0.3409959084,0.0,0.045726929,0.0
0.1246043366,0.3765787696,0.09573459173,0.3472720988,0.0,0.05581020328,0.0
0.1849409958,0.5138318937,0.2084936815,0.08269140186,0.0,0.0100420271,0.0
0.1591393257,0.4618820571,0.1115215484,0.2326366414,0.0,0.03482042738,0.0
0.1589027633,0.5002676954,0.1977814406,0.1090118294,0.0,0.03403627134,0.0
0.1053983086,0.4777341676,0.05803029088,0.2915189628,0.0,0.06731827014,0.0
0.1729604748,0.623942483,0.09062574667,0.09286074961,0.0,0.01961054587,0.0
0.1359587942,0.3194568755,0.1335826088,0.3623883946,0.0,0.04861332682,0.0
0.1170586766,0.5238338964,0.1247739531,0.1879662727,0.0,0.04636720119,0.0
0.2057392706,0.3563546067,0.1657751702,0.2500964178,0.0,0.02203453469,0.0
0.1306219671,0.62452881,0.1818733706,0.01726062351,0.0,0.0457152287,0.0
0.175642509,0.5999685672,0.02150367863,0.1961385306,0.0,0.006746714556,0.0
0.1492486215,0.3967484725,0.2249890837,0.1595187027,0.0,0.06949511962,0.0
0.2287820071,0.6196217344,0.0689947812,0.03812544636,0.0,0.04447603089,0.0
0.1077719896,0.373680047,0.1602621024,0.3386403617,0.0,0.01964549926,0.0
0.1367717825,0.6636912464,0.02823936777,0.1166182025,0.0,0.05467940076,0.0
0.1120311058,0.4244085383,0.1343946126,0.2953445603,0.0,0.03382118292,0.0
0.2141121468,0.4376340655,0.1630974628,0.1493092592,0.0,0.03584706572,0.0
0.2212052412,0.5017418225,0.006664482809,0.2166183122,0.0,0.05377014139,0.0
0.1106973606,0.390110522,0.2589483065,0.2304328449,0.0,0.00981096603,0.0
0.09354213878,0.3901588909,0.08331989129,0.3937902651,0.0,0.03918881394,0.0
0.2216907469,0.7137192173,0.04692120588,0.006403572514,0.0,0.01126525737,0.0
0.191926269,0.5477046622,0.05985751258,0.1699218537,0.0,0.03058970246,0.0
0.1444677277,0.6805468874,0.1159062137,0.05733686615,0.0,0.001742304999,0.0
0.1508786588,0.2210664455,0.1834925991,0.3777387976,0.0,0.06682349896,0.0
0.1386595283,0.5609122596,0.1386593617,0.1475495652,0.0,0.01421928523,0.0
0.1372407961,0.5007515414,0.008554260048,0.3062622484,0.0,0.047191154,0.0
0.2112535339,0.5058352472,0.2347364089,0.02517969284,0.0,0.02299511725,0.0
0.1854212712,0.4023283013,0.1092654513,0.2932381628,0.0,0.009746813428,0.0
0.145021509,0.5672959753,0.1949834198,0.02759332314,0.0,0.06510577273,0.0
0.1374349232,0.5862755299,0.03606070047,0.2167986643,0.0,0.02343018207,0.0
0.2254861484,0.3442700895,0.2641600664,0.1169172452,0.0,0.0491664505,0.0
0.1639457344,0.5481546339,0.06895871182,0.1593896133,0.0,0.05955130655,0.0
0.1482034421,0.3826686981,0.1630092039,0.3014178546,0.0,0.004700801258,0.0
0.1836460962,0.4814665992,0.1240183275,0.1539028475,0.0,0.05696612964,0.0
0.1185515491,0.3991202214,0.1739361277,0.2969403585,0.0,0.01145174327,0.0
0.1403501118,0.6932611812,0.04215194041,0.07808550973,0.0,0.04615125686,0.0
0.1454775526,0.1742288262,0.2683142936,0.3853188735,0.0,0.02666045404,0.0
0.1111642153,0.4785563671,0.2290640687,0.1318564506,0.0,0.04935889833,0.0
0.1250368943,0.4863130919,0.07432962065,0.3093819141,0.0,0.00493847906,0.0
0.2390843871,0.5094086335,0.1471152299,0.0449451284,0.0,0.05944662117,0.0
0.1812205355,0.4409469381,0.04585165858,0.2983896625,0.0,0.03359120528,0.0
0.1244588064,0.4986031462,0.1066273867,0.2023208552,0.0,0.06798980542,0.0
0.244935075,0.4319222761,0.1873983154,0.1337398277,0.0,0.002004505853,0.0
0.1981703265,0.6087671838,0.003966579128,0.1699586445,0.0,0.01913726604,0.0
0.1034778723,0.2912621158,0.2464468737,0.3008451652,0.0,0.05796797305,0.0
0.2459255227,0.7232111691,0.009687589309,0.01435545482,0.0,0.006820264121,0.0
0.1279199305,0.5914866931,0.1012824385,0.1516335918,0.0,0.02767734606,0.0
0.1789025151,0.3377336564,0.09766959117,0.3436521662,0.0,0.04204207109,0.0
0.1353983546,0.55952514,0.21000153,0.06888655689,0.0,0.02618841847,0.0
0.1404915817,0.4985076954,0.05806553412,0.2459535394,0.0,0.05698164933,0.0
0.1631039873,0.3763451979,0.2527960801,0.1952017432,0.0,0.01255299152,0.0
0.2238641722,0.4487095259,0.06077035683,0.251020496,0.0,0.01563544909,0.0
0.1250982806,0.4710115366,0.165670918,0.1858711966,0.0,0.05234806822,0.0
0.1136602653,0.5036138639,0.0169486366,0.3502685993,0.0,0.01550863483,0.0
0.2434222193,0.4076180703,0.2062951358,0.08632608673,0.0,0.05633848782,0.0
0.1805898998,0.6303818567,0.1185067019,0.03256668761,0.0,0.03795485398,0.0
0.1214912984,0.3337862312,0.1879274553,0.3229803126,0.0,0.03381470252,0.0
0.2089688928,0.5507175167,0.04092530627,0.1883087931,0.0,0.01107949121,0.0
0.1127095727,0.380621161,0.287224677,0.1475049512,0.0,0.07193963812,0.0
0.1748898178,0.676385507,0.02488145657,0.06326102755,0.0,0.06058219114,0.0
0.113938167,0.2407628595,0.2168357314,0.4213383748,0.0,0.007124867274,0.0
0.2412549418,0.5611236725,0.09241266671,0.07692747358,0.0,0.0282812454,0.0
0.1508476665,0.6387285829,0.05579515417,0.1509886942,0.0,0.003639902236,0.0
0.1150763045,0.2296587852,0.2650434,0.3128798266,0.0,0.07734168372,0.0
0.1199458475,0.5409252039,0.2728979289,0.04752835702,0.0,0.01870266275,0.0
0.1524028222,0.4857121884,0.08267569549,0.2309044305,0.0,0.04830486338,0.0
0.1821902787,0.533065142,0.1411956047,0.1242919559,0.0,0.01925701868,0.0
0.1337053274,0.3746417675,0.0877644633,0.3440499736,0.0,0.05983846825,0.0
0.1854114644,0.5675904813,0.1398310073,0.100908343,0.0,0.00625870407,0.0
0.1177982688,0.5458325625,0.01528030298,0.2815791464,0.0,0.03950971932,0.0
0.163706597,0.6048808392,0.1127366556,0.1087383204,0.0,0.009937587817,0.0
0.1494417237,0.3661262062,0.1866765501,0.2383966473,0.0,0.05935887263,0.0
0.1611127929,0.6971351456,0.06677501814,0.02073107414,0.0,0.05424596919,0.0
0.1991706719,0.3121117362,0.1518757474,0.3227470343,0.0,0.01409481014,0.0
0.1376239769,0.4473166527,0.03193799908,0.3514101397,0.0,0.03171123162,0.0
0.169267749,0.4250241473,0.2997669058,0.06094266645,0.0,0.0449985314,0.0
0.185400126,0.4673299479,0.07861150055,0.2421722042,0.0,0.02648622138,0.0
0.1450369758,0.4757451047,0.1519337614,0.1828620894,0.0,0.04442206862,0.0
0.107499042,0.5283146725,0.006172645147,0.3524843718,0.0,0.005529268571,0.0
0.1659813425,0.6599604639,0.1060098059,0.01881578058,0.0,0.0492326071,0.0
0.1281520959,0.2859450195,0.1980304505,0.3610189516,0.0,0.02685348245,0.0
0.1571962101,0.6458311344,0.07346986121,0.1036276107,0.0,0.01987518353,0.0
0.2057127155,0.3801904412,0.1436125164,0.221632256,0.0,0.04885207099,0.0
0.2160358966,0.3032215032,0.1148888283,0.3310274958,0.0,0.03482627602,0.0
0.1197474851,0.5564548425,0.1846695415,0.1006165215,0.0,0.03851160945,0.0
0.1576351091,0.4779604888,0.04056848156,0.2629470148,0.0,0.06088890577,0.0
0.1644194734,0.4794738504,0.03436008736,0.2820525756,0.0,0.03969401325,0.0
0.1468490247,0.4637502263,0.3032282026,0.05889776285,0.0,0.02727478344,0.0
0.1017128454,0.4600911223,0.1181515441,0.2570459858,0.0,0.0629985024,0.0
0.1769327183,0.6344947418,0.01839790248,0.1442997702,0.0,0.02587486725,0.0
0.1271885335,0.296636091,0.2282956394,0.3034439168,0.0,0.0444358194,0.0
0.2131227916,0.4491098415,0.09971515209,0.174450856,0.0,0.06360135888,0.0
0.1522211522,0.6778929467,0.06311739794,0.07138817083,0.0,0.03538033235,0.0
0.1048641311,0.1797944798,0.2529127456,0.4278051427,0.0,0.03462350096,0.0
0.1271220301,0.4329830221,0.09429597143,0.329482095,0.0,0.01611688136,0.0
0.233823914,0.6364578496,0.002877728828,0.09267777212,0.0,0.03416273549,0.0
0.1391057324,0.673644496,0.09097512986,0.02912733238,0.0,0.06714730937,0.0
0.1211464739,0.4563565277,0.05201579206,0.3476549444,0.0,0.0228262619,0.0
0.1947140151,0.3945860615,0.2565007069,0.1052908079,0.0,0.04890840869,0.0
0.1606637607,0.367254204,0.07119991206,0.3498390655,0.0,0.05104305778,0.0
0.1693037257,0.600316089,0.1580833921,0.05390794193,0.0,0.01838885126,0.0
0.1352293156,0.5611508443,0.02313266265,0.2347675497,0.0,0.04571962774,0.0
0.2027182178,0.3837626642,0.2043461284,0.1905608899,0.0,0.01861209969,0.0
0.1718719725,0.5516360204,0.1284758983,0.1451609567,0.0,0.002855152024,0.0
0.1312425722,0.3892360248,0.1783653466,0.2292358492,0.0,0.07192020722,0.0
0.2063197251,0.5859833856,0.1176644115,0.06590572485,0.0,0.024126753,0.0
0.1342115659,0.6335615035,0.03203296052,0.1905024993,0.0,0.009691470704,0.0
0.1467184832,0.2170121502,0.2812784885,0.290159705,0.0,0.06483117313,0.0
0.1476414495,0.5940594123,0.2410332777,0.01178236557,0.0,0.005483494954,0.0
0.1473322395,0.5407377838,0.06657661692,0.2029830628,0.0,0.04237029698,0.0
0.1988394121,0.4795881376,0.1632520024,0.1283406218,0.0,0.0299798261,0.0
0.09796447306,0.4200238219,0.1149667974,0.3328818512,0.0,0.03416305651,0.0
0.1989024778,0.66697198,0.01278080577,0.07318847522,0.0,0.04815626126,0.0
0.2269834086,0.5839839019,0.04890356908,0.08036615872,0.0,0.05976296175,0.0
0.1129502268,0.5638380792,0.105394908,0.1787143414,0.0,0.03910244469,0.0
0.2254699233,0.2810144852,0.1851221845,0.2762224056,0.0,0.03217100155,0.0
0.1436681793,0.6125946351,0.1499996401,0.03786062733,0.0,0.0558769182,0.0
0.1871752628,0.4072076516,0.2402460037,0.1088342351,0.0,0.05653684682,0.0
0.1872895051,0.4473099395,0.117218271,0.2040091457,0.0,0.0441731387,0.0
0.1357250688,0.4927986514,0.1819273904,0.1622058967,0.0,0.02734299268,0.0
0.1132396617,0.4582835475,0.04375470079,0.3292441442,0.0,0.05547794583,0.0
0.254740511,0.4606171756,0.259597257,0.01381828618,0.0,0.01122677016,0.0
0.2034308426,0.6356399104,0.07653264387,0.05523188295,0.0,0.02916472024,0.0
0.1073087064,0.3072897153,0.1525828906,0.3886830198,0.0,0.04413566797,0.0
0.2001676308,0.5984863324,0.06110868632,0.1244324676,0.0,0.01580488297,0.0
0.1317338905,0.427997283,0.1676454879,0.213153451,0.0,0.05946988754,0.0
0.1800233466,0.2368629442,0.2039037111,0.3303899376,0.0,0.04882006057,0.0
0.2300230464,0.5204047416,0.1742928848,0.07290338842,0.0,0.002375938777,0.0
0.2190950221,0.4490072625,0.01209242741,0.2979509738,0.0,0.02185431421,0.0
0.1285349163,0.4891411155,0.247929148,0.08761545395,0.0,0.04677936621,0.0
0.1144247719,0.5022503326,0.09477957085,0.2801652473,0.0,0.008380077357,0.0
0.1780271564,0.612036854,0.05473888042,0.11187527,0.0,0.04332183928,0.0
0.1165798947,0.3146168625,0.2640840064,0.2779786223,0.0,0.02674061409,0.0
0.1549409576,0.4158847501,0.1003595588,0.3254212047,0.0,0.003393528829,0.0
0.1551706582,0.532181654,0.2093709695,0.02619895774,0.0,0.07707776049,0.0
0.1212124908,0.5759630449,0.05131293256,0.2207327541,0.0,0.03077877768,0.0
0.1420039314,0.5434516254,0.0810071252,0.1788443482,0.0,0.05469296985,0.0
0.1963499881,0.4060937155,0.1374637362,0.2447555222,0.0,0.01533703804,0.0
0.2377034581,0.5635036817,0.03552785559,0.1438363108,0.0,0.01942869384,0.0
0.1442803025,0.6050671306,0.1360056774,0.1015749636,0.0,0.01307192586,0.0
0.1398677193,0.2728707765,0.1634317369,0.3628960992,0.0,0.06093366804,0.0
0.1258955263,0.5743131495,0.1708816722,0.1211215998,0.0,0.007788052226,0.0
0.1581302419,0.4956568023,0.02810126314,0.2805697956,0.0,0.03754189704,0.0
0.1868604574,0.5376037315,0.2153628654,0.03000547593,0.0,0.03016746973,0.0
0.1839052256,0.5063462087,0.01427798213,0.2486121048,0.0,0.04685847876,0.0
0.145525226,0.4378274427,0.2325943707,0.1670631828,0.0,0.0169897779,0.0
0.09405834761,0.4407735976,0.06935750184,0.3456891177,0.0,0.05012143529,0.0
0.09860975172,0.3897078384,0.1385948053,0.3425682785,0.0,0.03051932612,0.0
0.1509126819,0.6592140927,0.0107873272,0.1203959075,0.0,0.05868999066,0.0
0.2132037908,0.3437140147,0.2243648174,0.2120117269,0.0,0.006705650241,0.0
0.1405940272,0.4644238838,0.1060062889,0.262856918,0.0,0.02611888205,0.0
0.1546350869,0.3958391967,0.1923757064,0.2075200494,0.0,0.04962996054,0.0
0.2428805057,0.6188508548,0.1002665232,0.02319057283,0.0,0.01481154344,0.0
0.132419967,0.6471220401,0.0627519024,0.1387296663,0.0,0.01897642426,0.0
0.239871138,0.271540728,0.2229519946,0.2167553147,0.0,0.04888082475,0.0
0.1188906399,0.5189442305,0.2601531606,0.06509311932,0.0,0.03691884969,0.0
0.1171566267,0.4616591896,0.09631726668,0.254838624,0.0,0.07002829297,0.0
0.217928707,0.4785692717,0.1265859963,0.1737058245,0.0,0.003210200379,0.0
0.1955248794,0.4870916837,0.03437460503,0.2589023887,0.0,0.02410644313,0.0
0.09742897068,0.396888277,0.1210131041,0.3774461876,0.0,0.007223460639,0.0
0.2393251014,0.4339488184,0.172032208,0.09272026993,0.0,0.06197360224,0.0
0.2301266079,0.6914774034,0.01499139235,0.02385109181,0.0,0.0395535045,0.0
0.1075108539,0.2972904603,0.2295922442,0.340988572,0.0,0.0246178697,0.0
0.2005509618,0.579322577,0.02712931664,0.1341644512,0.0,0.05883269331,0.0
0.1433309338,0.6522302565,0.07770184658,0.08746218178,0.0,0.03927478135,0.0
0.2217609214,0.289365693,0.1401625621,0.3170195268,0.0,0.03169129672,0.0
0.2168462871,0.4204605057,0.1191388332,0.2246628445,0.0,0.01889152938,0.0
0.1219160239,0.5117413882,0.1797609933,0.130649801,0.0,0.05593179361,0.0
0.1399881534,0.5069154004,0.03902221724,0.2997763658,0.0,0.01429786316,0.0
0.1816396504,0.4299103718,0.2790252298,0.04879521776,0.0,0.06062953018,0.0
0.1927291881,0.3993817186,0.07296777044,0.2926355777,0.0,0.04228574512,0.0
0.1682426291,0.6417987659,0.1533530449,0.008606031481,0.0,0.02799952867,0.0
0.1360525806,0.6106741226,0.005182349143,0.1944560041,0.0,0.05363494351,0.0
0.2292984755,0.4012297799,0.2274860397,0.1323374663,0.0,0.009648238546,0.0
0.1512000578,0.5191443774,0.1042913776,0.1961830211,0.0,0.02918116615,0.0
0.1281424591,0.3423933032,0.2024960683,0.2819192372,0.0,0.04504893215,0.0
0.1524841165,0.4108650513,0.05200783294,0.3365495325,0.0,0.04809346666,0.0
0.1351734098,0.4663092206,0.2739027144,0.1081174703,0.0,0.01649718489,0.0
0.1478983641,0.3048577944,0.2266614741,0.2490264995,0.0,0.07155586795,0.0
0.2173688924,0.48930266,0.113250457,0.1393726364,0.0,0.04070535425,0.0
0.1215880359,0.426914367,0.1882769618,0.2304621174,0.0,0.03275851789,0.0
0.1722944494,0.7210292286,0.03452977929,0.01286812377,0.0,0.05927841894,0.0
0.1310112573,0.4241289025,0.0622286139,0.3589735266,0.0,0.02365769975,0.0
0.1823151686,0.5457502198,0.1653962562,0.05833530469,0.0,0.04820305073,0.0
0.1887053344,0.5410330905,0.07512121122,0.1930017885,0.0,0.002138575415,0.0
0.1549601225,0.4823703301,0.1539705106,0.1376003405,0.0,0.07109869626,0.0
0.1099782904,0.5160858336,0.02639455867,0.3168802207,0.0,0.03066109668,0.0
0.159840647,0.5810029283,0.1263323638,0.07455985201,0.0,0.05826420889,0.0
0.1210364903,0.2876789562,0.1721952035,0.4017223623,0.0,0.01736698772,0.0
0.1400739669,0.5956503561,0.08844080561,0.1646236804,0.0,0.01121119099,0.0
0.2280581162,0.3442509553,0.125796386,0.2476336424,0.0,0.05426090015,0.0
0.1178797084,0.5889403295,0.2303147569,0.05345805394,0.0,0.009407151222,0.0
0.1574825877,0.5238092747,0.05218309813,0.2284837251,0.0,0.03804131438,0.0
0.1588505225,0.4080078375,0.2702147896,0.1329540242,0.0,0.02997282616,0.0
0.209071449,0.5451860647,0.0117105762,0.1954223843,0.0,0.03860952586,0.0
0.1394485702,0.4670603294,0.2428792182,0.1231513563,0.0,0.02746052605,0.0
0.1670387497,0.6518875565,0.05940282906,0.09513954785,0.0,0.02653131684,0.0
0.2441021474,0.5897125966,0.06060121913,0.04493761353,0.0,0.06064642334,0.0
0.1535212263,0.6171072367,0.02108023094,0.174197586,0.0,0.03409372008,0.0
0.1786267276,0.318177809,0.2123452547,0.2570611792,0.0,0.03378902942,0.0
0.1570191648,0.4851041962,0.1203336717,0.2199638414,0.0,0.01757912582,0.0
0.1598917252,0.4522536644,0.1798581219,0.1494055682,0.0,0.05859092031,0.0
0.1135928653,0.3355792042,0.1256043041,0.39541091,0.0,0.02981271647,0.0
0.1663754936,0.5346093001,0.1822580763,0.07007082741,0.0,0.04668630269,0.0
0.1226639345,0.5650500942,0.04633600832,0.2611056607,0.0,0.004844302322,0.0
0.2034191577,0.274764549,0.2552123937,0.2024357878,0.0,0.06416811185,0.0
0.1663495161,0.5879290713,0.07682285592,0.1233493037,0.0,0.04554925302,0.0
0.1896593219,0.4342485528,0.1456976755,0.2061494081,0.0,0.02424504172,0.0
0.1543719597,0.6819149187,0.1019414776,0.03976397886,0.0,0.02200766513,0.0
0.1616046848,0.2678097192,0.193250556,0.3245849809,0.0,0.05275005912,0.0
0.1101630805,0.5322397323,0.1527879008,0.1684627409,0.0,0.03634654541,0.0
0.1388176487,0.482196242,0.003436818132,0.3151954787,0.0,0.06035381248,0.0
0.197520609,0.5231647933,0.08985469937,0.1651195587,0.0,0.02434033957,0.0
0.1249534054,0.4241537617,0.1349184763,0.2670815101,0.0,0.0488928464,0.0
0.1595898747,0.763909067,0.008186636622,0.05964487913,0.0,0.008669542474,0.0
0.174062906,0.1819013016,0.2144773317,0.3720462978,0.0,0.0575121629,0.0
0.1028733096,0.3964707977,0.110727818,0.3469017995,0.0,0.04302627518,0.0
0.2478556898,0.5193537677,0.1864730569,0.01750399569,0.0,0.02881348987,0.0
0.1406979548,0.5040164831,0.2406888969,0.038694477,0.0,0.07590218818,0.0
0.1274582061,0.5379937572,0.07058037323,0.2298262356,0.0,0.03414142794,0.0
0.2394077677,0.4736774627,0.1505865197,0.09897575132,0.0,0.03735249865,0.0
0.1816014721,0.5756273484,0.03526123966,0.157849165,0.0,0.04966077485,0.0
0.2322751679,0.6476672093,0.03950704841,0.04381407645,0.0,0.03673649789,0.0
0.1192802569,0.5548275188,0.1369747303,0.1210614577,0.0,0.06785603637,0.0
0.2155577869,0.3992521358,0.06431243649,0.3097146298,0.0,0.011163011,0.0
0.1344218978,0.550638548,0.1626160253,0.08695162836,0.0,0.06537190055,0.0
0.1466638683,0.543843025,0.02799621575,0.2601099549,0.0,0.02138693607,0.0
0.1669219264,0.4118352498,0.2086250844,0.1659759862,0.0,0.04664175324,0.0
0.1875061458,0.4161672954,0.09505501546,0.2504750212,0.0,0.05079652222,0.0
0.1110744865,0.4421047773,0.2131878232,0.2151982557,0.0,0.01843465733,0.0
0.09971920565,0.432850047,0.04681620456,0.3730800266,0.0,0.04753451625,0.0
0.2557342178,0.4053534733,0.2468310085,0.07214682179,0.0,0.01993447861,0.0
0.127827803,0.3227487372,0.1455837586,0.3343722985,0.0,0.0694674027,0.0
0.2434479983,0.6102981297,0.0308890782,0.1094257867,0.0,0.005939007003,0.0
0.1390410631,0.6857390117,0.1326620595,0.01225171212,0.0,0.03030615358,0.0
0.2338689453,0.2743396757,0.1585298752,0.2956827835,0.0,0.03757872031,0.0
0.1104286975,0.4765553053,0.1763425499,0.2123836136,0.0,0.02428983372,0.0
0.1128656372,0.4502757174,0.01873094549,0.3620752667,0.0,0.05605243318,0.0
0.2156550744,0.484945514,0.2147397258,0.07144098088,0.0,0.01321870491,0.0
0.1564896969,0.3815863318,0.1058482445,0.3377210723,0.0,0.0183546545,0.0
0.1395641013,0.5161741361,0.197676968,0.09156460772,0.0,0.05502018682,0.0
0.1272642629,0.5246519308,0.05714727563,0.2757799502,0.0,0.01515658052,0.0
0.1843094042,0.3439146993,0.2483090758,0.1640340177,0.0,0.059432803,0.0
0.1872969623,0.5712207099,0.08867799396,0.1180556219,0.0,0.03474871195,0.0
0.1552767361,0.4356934069,0.137908638,0.2399751818,0.0,0.03114603711,0.0
0.1958531763,0.5737635422,0.08194131464,0.09424581967,0.0,0.05419614715,0.0
0.1135901548,0.3607167027,0.1424964611,0.3731544583,0.0,0.01004222312,0.0
0.1971235219,0.2491373187,0.2269954284,0.3004734183,0.0,0.02627031261,0.0
0.2222395397,0.4426319582,0.0479277706,0.2618518814,0.0,0.02534885008,0.0
0.1183760091,0.5026660076,0.2915839207,0.03668060058,0.0,0.05069346199,0.0
0.144937826,0.5177666959,0.1003016854,0.2307480137,0.0,0.006245778964,0.0
0.1876082627,0.43416187,0.2014331,0.1114692297,0.0,0.06532753764,0.0
0.1173528992,0.4533837311,0.2297792093,0.1599027881,0.0,0.03958137233,0.0
0.09513745363,0.4224014499,0.08011045348,0.3371636597,0.0,0.0651869833,0.0
0.2026580713,0.6867293828,0.04249658679,0.04860980552,0.0,0.01950615364,0.0
0.1486163757,0.4065306113,0.1137185965,0.271028008,0.0,0.06010640843,0.0
0.1391830135,0.4864380185,0.1945363691,0.1741620089,0.0,0.005680589965,0.0
0.09886867054,0.4769656732,0.03911066262,0.3437419866,0.0,0.04131300697,0.0
0.183779513,0.6897283151,0.06816268267,0.04750554809,0.0,0.0108239411,0.0
0.1605510018,0.3224572783,0.1523859038,0.3075555963,0.0,0.05705021983,0.0
0.1352829533,0.5595526446,0.1103740713,0.140259442,0.0,0.0545308888,0.0
0.2093957264,0.3927859132,0.1839110726,0.2000444488,0.0,0.01386283898,0.0
0.1265165298,0.5834943041,0.143597296,0.07442855453,0.0,0.07196331563,0.0
0.1720991543,0.5494088929,0.00931998523,0.2391436292,0.0,0.03002833839,0.0
0.1256507316,0.3709684609,0.2454161583,0.2156906903,0.0,0.04227395892,0.0
0.1790145607,0.5059462382,0.00434257597,0.3007793443,0.0,0.00991728083,0.0
0.1638195904,0.5026100658,0.247604318,0.0185215857,0.0,0.06744444014,0.0
0.1170306643,0.5544187144,0.08490168171,0.2198744955,0.0,0.0237744441,0.0
0.1541047217,0.5676305142,0.04839899349,0.1676627313,0.0,0.06220303931,0.0
0.1210879142,0.2941817831,0.278116213,0.2975973403,0.0,0.009016749374,0.0
0.2399796454,0.5122894647,0.06684065014,0.1527226941,0.0,0.0281675457,0.0
0.1008031385,0.3908099034,0.1629287735,0.3058918277,0.0,0.03956635699,0.0
0.1660191026,0.7140792522,0.03120385055,0.08607195343,0.0,0.002625841279,0.0
0.1352951426,0.211372213,0.2027182326,0.380625809,0.0,0.06998860284,0.0
0.1174331195,0.3959111467,0.1284934827,0.3084693556,0.0,0.04969289546,0.0
0.2166514856,0.565372952,0.1669191405,0.03264615487,0.0,0.01841026704,0.0
0.1688060072,0.4365741324,0.0669224317,0.2939101224,0.0,0.03378730634,0.0
0.1740428242,0.5798264061,0.1679759222,0.04374458441,0.0,0.03441026316,0.0
0.1151484001,0.5727574809,0.01810261011,0.2291276574,0.0,0.06486385154,0.0
0.1433065396,0.5612172214,0.1194095363,0.1569888585,0.0,0.01907784409,0.0
0.152511455,0.3291007118,0.179875578,0.2890653282,0.0,0.04944692706,0.0
0.2276370635,0.5477140009,0.008342173167,0.1665159511,0.0,0.04979081122,0.0
0.1578308793,0.6365902576,0.09605819369,0.06332641417,0.0,0.04619425515,0.0
0.1725110537,0.3089467458,0.1223351053,0.373921446,0.0,0.02228564921,0.0
0.1510385192,0.4692831307,0.06052757512,0.3113621574,0.0,0.007788617566,0.0
0.1704571373,0.4858221058,0.2619061777,0.008078106793,0.0,0.07373647239,0.0
0.1763675946,0.5248470965,0.04656149673,0.2327013728,0.0,0.01952243931,0.0
0.2075923645,0.7308758279,0.006848403232,0.01988493373,0.0,0.03479847072,0.0
0.1041022798,0.2373218215,0.2471863568,0.3748533635,0.0,0.03653617843,0.0
0.1516666786,0.6678840286,0.04256421074,0.1086082723,0.0,0.02927680984,0.0
0.164597728,0.271173304,0.2724897138,0.2443170962,0.0,0.04742215791,0.0
0.1324431788,0.4577156885,0.07134891166,0.2820017996,0.0,0.05649042143,0.0
0.1783474413,0.4837503344,0.1557163097,0.1716822311,0.0,0.01050368355,0.0
0.2413477788,0.6444175824,0.02080171283,0.06383825937,0.0,0.02959466662,0.0
0.1995759114,0.343357992,0.1072210791,0.3002731109,0.0,0.04957190664,0.0
0.1426991076,0.6391033181,0.1952253441,0.006619173087,0.0,0.01635305703,0.0
0.1504191124,0.5775840266,0.03178671377,0.1920731925,0.0,0.04813695469,0.0
0.17428176,0.363467012,0.291581302,0.1479756832,0.0,0.02269424282,0.0
0.2028374616,0.4773405144,0.08445572401,0.2269821269,0.0,0.008384173103,0.0
0.1474839143,0.5303379537,0.1407732735,0.1213435646,0.0,0.06006129391,0.0
0.1288841699,0.5422072721,0.01227059643,0.2930426266,0.0,0.02359533498,0.0
0.231443547,0.4556545109,0.2167333631,0.04677239209,0.0,0.0493961869,0.0
0.1802014589,0.5679835309,0.1119231114,0.07687994975,0.0,0.06301194903,0.0
0.1051722256,0.3040395549,0.1972917616,0.3875477528,0.0,0.005948705089,0.0
0.2023906771,0.559957104,0.09475060506,0.09570982581,0.0,0.04719178797,0.0
0.1268897848,0.383921359,0.2105243368,0.257271317,0.0,0.02139320249,0.0
0.150763082,0.7038768457,0.05317244544,0.03703558191,0.0,0.05515204488,0.0
0.1731598254,0.2446854832,0.2490557607,0.3162591856,0.0,0.01683974497,0.0
0.109823987,0.4087731481,0.08769057019,0.3627846548,0.0,0.03092763983,0.0
0.211228577,0.5232414338,0.1396926842,0.09083285012,0.0,0.03500445492,0.0
0.1783519222,0.394120279,0.0424479682,0.3293125363,0.0,0.05576729431,0.0
0.1240838524,0.492123182,0.3029589383,0.07196095609,0.0,0.008873071202,0.0
0.1039602301,0.4527392484,0.13072033,0.2698049528,0.0,0.04277523873,0.0
0.1936331819,0.6362770254,0.02339489027,0.134795859,0.0,0.01189904343,0.0
0.1377943845,0.350868873,0.2158426818,0.2305380791,0.0,0.06495598159,0.0
0.2471311307,0.7277083388,0.0,0.0,0.0163364031,0.008824127379,0.0
0.2252823614,0.7072715135,0.0,0.0,0.02099924183,0.04644688328,0.0
0.1785497413,0.7628217949,0.0,0.0,0.03165954053,0.02696892325,0.0
0.1683163496,0.7816735268,0.0,0.0,0.02908454862,0.02092557497,0.0
0.1894723144,0.7125537271,0.0,0.0,0.03763377031,0.06034018817,0.0
0.2029023109,0.7222244193,0.0,0.0,0.03285483795,0.04201843191,0.0
0.1646068867,0.808457465,0.0,0.0,0.02531306567,0.00162258263,0.0
0.1886158055,0.7605805773,0.0,0.0,0.03699426637,0.01380935084,0.0
0.2121898016,0.727943677,0.0,0.0,0.02504832496,0.03481819639,0.0
0.1817443757,0.7593029666,0.0,0.0,0.01182061631,0.04713204136,0.0
0.1649554741,0.7916702994,0.0,0.0,0.008870455176,0.03450377136,0.0
0.2078690919,0.7624650032,0.0,0.0,0.01839843199,0.01126747293,0.0
0.1950694211,0.7614965965,0.0,0.0,0.0130642826,0.03036969982,0.0
0.1710519701,0.7704724293,0.0,0.0,0.004812476656,0.0536631239,0.0
0.1716771882,0.7511377207,0.0,0.0,0.01693161803,0.06025347307,0.0
0.2428370637,0.7346603535,0.0,0.0,0.005335826524,0.01716675622,0.0
0.2391660537,0.7463364186,0.0,0.0,0.004249633995,0.01024789379,0.0
0.1741264498,0.7785938269,0.0,0.0,0.01368198593,0.03359773739,0.0
0.168796837,0.7765281518,0.0,0.0,0.005863024029,0.04881198722,0.0
0.1956621727,0.7825496418,0.0,0.0,0.01670710507,0.005081080436,0.0
0.2068417565,0.7646440236,0.0,0.0,0.01261772107,0.01589649883,0.0
0.178288693,0.750211634,0.0,0.0,0.01748920328,0.05401046968,0.0
0.2219073441,0.737962827,0.0,0.0,0.009497088514,0.03063274034,0.0
0.2051195797,0.7103501025,0.0,0.0,0.02408819486,0.06044212298,0.0
0.186553961,0.7585639604,0.0,0.0,0.03374516757,0.021136911,0.0
0.159209878,0.7873314318,0.0,0.0,0.02568573281,0.02777295742,0.0
0.1997942167,0.7176638945,0.0,0.0,0.03594548571,0.04659640308,0.0
0.1918801236,0.7391316944,0.0,0.0,0.03217176876,0.03681641326,0.0
0.1678717106,0.7951111897,0.0,0.0,0.02058661094,0.01643048877,0.0
0.2200328155,0.7107986755,0.0,0.0,0.02944842713,0.0397200819,0.0
0.247050559,0.7155902282,0.0,0.0,0.002268714167,0.03509049865,0.0
0.2217826058,0.713866138,0.0,0.0,0.03721622031,0.02713503588,0.0
0.1728721704,0.7466259323,0.0,0.0,0.02521894863,0.05528294868,0.0
0.1600363237,0.7505176785,0.0,0.0,0.03224275053,0.05720324727,0.0
0.197719111,0.7591542948,0.0,0.0,0.02476652496,0.01836006923,0.0
0.2090200897,0.753988454,0.0,0.0,0.02961942055,0.007372035789,0.0
0.1528521859,0.762476907,0.0,0.0,0.03820222628,0.04646868085,0.0
0.1849574621,0.7600471886,0.0,0.0,0.02068725757,0.03430809172,0.0
0.2145514195,0.7462363362,0.0,0.0,0.03152461993,0.007687624337,0.0
0.21567514,0.7276675416,0.0,0.0,0.01748567735,0.03917164109,0.0
0.1896592422,0.8015246838,0.0,0.0,0.005767836173,0.003048237784,0.0
0.1664521417,0.8067676952,0.0,0.0,0.01273810118,0.01404206188,0.0
0.2015889306,0.754928977,0.0,0.0,0.004440582389,0.03904151004,0.0
0.1900316606,0.750622671,0.0,0.0,0.009179040249,0.05016662808,0.0
0.1712616204,0.7850132652,0.0,0.0,0.01868567451,0.02503943989,0.0
0.228524089,0.7017902371,0.0,0.0,0.01138203813,0.05830363584,0.0
0.2339600969,0.7114989675,0.0,0.0,0.01802737725,0.03651355828,0.0
0.1801022636,0.7969813036,0.0,0.0,0.009919447294,0.01299698547,0.0
0.1772433881,0.8072798288,0.0,0.0,0.01230897555,0.003167807554,0.0
0.2010031673,0.7333581989,0.0,0.0,0.006240896637,0.05939773719,0.0
0.1669477879,0.7932824279,0.0,0.0,0.01698276514,0.022787019,0.0
0.1890710918,0.780973546,0.0,0.0,0.00381436206,0.02614100011,0.0
0.2190689051,0.7180395222,0.0,0.0,0.01320959033,0.04968198239,0.0
0.2151409476,0.7284065666,0.0,0.0,0.03808517086,0.01836731489,0.0
0.1821925768,0.7320534157,0.0,0.0,0.02962590059,0.0561281069,0.0
0.1548069027,0.7581148051,0.0,0.0,0.0315620481,0.05551624412,0.0
0.2107903189,0.7409631766,0.0,0.0,0.02011112722,0.02813537723,0.0
0.2005683397,0.7633427281,0.0,0.0,0.02628596322,0.009802968916,0.0
0.1639836961,0.7636305513,0.0,0.0,0.0364228339,0.03596291867,0.0
0.1762751172,0.7555529159,0.0,0.0,0.02387531725,0.04429664961,0.0
0.2294889542,0.7309269428,0.0,0.0,0.03357680238,0.006007300642,0.0
0.2339086712,0.6991198105,0.0,0.0,0.008319934371,0.05865158392,0.0
0.2434049547,0.7257613633,0.0,0.0,0.02898481987,0.001848862138,0.0
0.223875928,0.7076262012,0.0,0.0,0.01358008686,0.05491778392,0.0
0.1837092228,0.7917424021,0.0,0.0,0.004350388799,0.02019798631,0.0
0.1680401511,0.786597411,0.0,0.0,0.0164635706,0.02889886736,0.0
0.1966474827,0.7436398379,0.0,0.0,0.005734229555,0.05397844991,0.0
0.1660524292,0.8120003055,0.0,0.0,0.01243753959,0.00950972571,0.0
0.1962489398,0.7871888515,0.0,0.0,0.009865791392,0.006696417352,0.0
0.2137548839,0.7252947329,0.0,0.0,0.01777477999,0.04317560318,0.0
0.2243111853,0.730335733,0.0,0.0,0.03365723454,0.0116958472,0.0
0.182000864,0.755805516,0.0,0.0,0.02409433981,0.03809928014,0.0
0.1596545277,0.762078025,0.0,0.0,0.03613681189,0.04213063542,0.0
0.209641514,0.7602670222,0.0,0.0,0.02623162448,0.003859839372,0.0
0.194026767,0.7624569443,0.0,0.0,0.02066468278,0.02285160588,0.0
0.163629508,0.7437440339,0.0,0.0,0.03188961917,0.06073683893,0.0
0.1697987649,0.7498028691,0.0,0.0,0.02920871835,0.05118964767,0.0
0.231801927,0.7071456517,0.0,0.0,0.03759046773,0.02346195355,0.0
0.2368184151,0.729217147,0.0,0.0,0.03208641537,0.001878022461,0.0
0.172235422,0.7657900554,0.0,0.0,0.02114307575,0.04083144675,0.0
0.1654057718,0.7567919279,0.0,0.0,0.03792277855,0.03987952174,0.0
0.1931121068,0.7644123131,0.0,0.0,0.02902491337,0.01345066673,0.0
0.2014207822,0.749665366,0.0,0.0,0.02483180203,0.02408204978,0.0
0.1560431025,0.7598952984,0.0,0.0,0.03250712382,0.05155447524,0.0
0.174127741,0.7398388311,0.0,0.0,0.02500579963,0.06102762826,0.0
0.2163088622,0.7248486049,0.0,0.0,0.03709502312,0.02174750973,0.0
0.2083039058,0.7258887301,0.0,0.0,0.01163475064,0.05417261349,0.0
0.1608556773,0.8014028522,0.0,0.0,0.01856510362,0.01917636684,0.0
0.2028437092,0.7329947972,0.0,0.0,0.009043810001,0.05511768355,0.0
0.1973141298,0.7526777483,0.0,0.0,0.004911606391,0.0450965155,0.0
0.1713235946,0.8077073467,0.0,0.0,0.01321495761,0.007754101118,0.0
0.1844397483,0.8010889374,0.0,0.0,0.005183528434,0.009287785867,0.0
0.2264920293,0.7233513637,0.0,0.0,0.01709303676,0.03306357022,0.0
0.2450406337,0.7081760927,0.0,0.0,0.02210400864,0.02467926504,0.0
0.2347590974,0.6887888147,0.0,0.0,0.03463446014,0.04181762778,0.0
0.2285631071,0.7405117481,0.0,0.0,0.01005949965,0.02086564513,0.0
0.1713967179,0.7465348063,0.0,0.0,0.01780870283,0.06425977298,0.0
0.1978769819,0.7639965717,0.0,0.0,0.01212403621,0.02600241019,0.0
0.2119065557,0.7565163474,0.0,0.0,0.01680985557,0.01476724131,0.0
0.160035246,0.7948845275,0.0,0.0,0.006005207354,0.03907501914,0.0
0.185444004,0.7581324579,0.0,0.0,0.01339518049,0.04302835765,0.0
0.2168841628,0.7228390534,0.0,0.0,0.02971053577,0.03056624812,0.0
0.1830086979,0.7686893195,0.0,0.0,0.03798525073,0.0103167318,0.0
0.1671706512,0.806070425,0.0,0.0,0.02058880941,0.006170114335,0.0
0.1960051849,0.7260036905,0.0,0.0,0.03186105501,0.04613006955,0.0
0.1822431207,0.7244448439,0.0,0.0,0.0361699599,0.05714207551,0.0
0.1700423316,0.7863332888,0.0,0.0,0.02631282419,0.01731155545,0.0
0.1701992339,0.7651162289,0.0,0.0,0.03312673897,0.03155779831,0.0
0.2261541027,0.7003524677,0.0,0.0,0.02372859915,0.04976483039,0.0
0.2328681904,0.6986921047,0.0,0.0,0.02545010975,0.04298959512,0.0
0.1774667858,0.7809040598,0.0,0.0,0.03760130344,0.004027850956,0.0
0.1742709225,0.7892659165,0.0,0.0,0.02465966023,0.01180350076,0.0
0.1915169743,0.7428559627,0.0,0.0,0.03253240657,0.03309465649,0.0
0.1949966633,0.7164160185,0.0,0.0,0.03797707058,0.05061024761,0.0
0.16222793,0.7775206004,0.0,0.0,0.02904260865,0.03120886088,0.0
0.183961172,0.7674285516,0.0,0.0,0.03162912909,0.01698114727,0.0
0.2144675573,0.7083499557,0.0,0.0,0.02079430555,0.05638818142,0.0
0.2194443514,0.747773468,0.0,0.0,0.005393006185,0.02738917442,0.0
0.1845847453,0.7485920414,0.0,0.0,0.01724522483,0.04957798844,0.0
0.1568256688,0.7737726617,0.0,0.0,0.004630646498,0.064771023,0.0
0.2131803758,0.7538745564,0.0,0.0,0.01292081214,0.02002425572,0.0
0.1678940768,0.7782944351,0.0,0.0,0.009315648994,0.04449583912,0.0
0.1806920976,0.7705426923,0.0,0.0,0.01146654744,0.0372986627,0.0
0.2304810686,0.6839616846,0.0,0.0,0.03537204596,0.05018520083,0.0
0.242032038,0.7149874049,0.0,0.0,0.01883733395,0.02414322313,0.0
0.2275486661,0.7166116834,0.0,0.0,0.02377682475,0.03206282573,0.0
0.1816425552,0.7722169696,0.0,0.0,0.0344590722,0.011681403,0.0
0.1721496417,0.7970375554,0.0,0.0,0.02656817403,0.004244628866,0.0
0.1924978832,0.7272617286,0.0,0.0,0.03538193141,0.04485845678,0.0
0.2010306399,0.7120193092,0.0,0.0,0.03013476407,0.05681528684,0.0
0.1619782776,0.7978136097,0.0,0.0,0.022447737,0.01776037574,0.0
0.1841333775,0.7464556028,0.0,0.0,0.03933081695,0.03008020279,0.0
0.208575662,0.7134204576,0.0,0.0,0.02747850317,0.05052537729,0.0
0.2267790155,0.7498365564,0.0,0.0,0.003582801588,0.0198016266,0.0
0.1791315185,0.7445925773,0.0,0.0,0.01412183727,0.06215406687,0.0
0.1628356278,0.7792379138,0.0,0.0,0.006455812287,0.05147064606,0.0
0.2041838498,0.7524338237,0.0,0.0,0.01592464925,0.02745767722,0.0
0.19939769,0.7749391452,0.0,0.0,0.01072383706,0.01493932775,0.0
0.1739133107,0.7857092537,0.0,0.0,0.00246481674,0.03791261885,0.0
0.1736266483,0.763405199,0.0,0.0,0.01942141586,0.04354673681,0.0
0.2397949984,0.6759452169,0.0,0.0,0.0322421485,0.05201763613,0.0
0.1711295366,0.7681613107,0.0,0.0,0.01121025609,0.04949889662,0.0
0.1651102351,0.7611709491,0.0,0.0,0.008087461128,0.06563135467,0.0
0.1927143708,0.7666101545,0.0,0.0,0.01895737773,0.02171809699,0.0
0.1636408593,0.7885276599,0.0,0.0,0.002940255688,0.04489122517,0.0
0.1824709487,0.7645769836,0.0,0.0,0.01521663046,0.03773543718,0.0
0.2253670756,0.7526067679,0.0,0.0,0.00724746015,0.01477869633,0.0
0.2096008172,0.7229791998,0.0,0.0,0.02162993715,0.04579004587,0.0
0.189411741,0.7734696513,0.0,0.0,0.0313346068,0.005784000893,0.0
0.1613405252,0.7994761032,0.0,0.0,0.02856325205,0.01062011953,0.0
0.2036295173,0.7270516651,0.0,0.0,0.03871365628,0.03060516128,0.0
0.187559845,0.7264294958,0.0,0.0,0.03450949764,0.05150116159,0.0
0.1649888418,0.7798212807,0.0,0.0,0.023155108,0.03203476951,0.0
0.1772956877,0.7707878918,0.0,0.0,0.0350954752,0.01682094527,0.0
0.2163062469,0.7017802604,0.0,0.0,0.02668869489,0.05522479779,0.0
0.2437819904,0.7009619778,0.0,0.0,0.005026344832,0.050229687,0.0
0.2256844306,0.7214859307,0.0,0.0,0.04002179408,0.01280784462,0.0
0.1749128566,0.7570890767,0.0,0.0,0.02796771146,0.04003035527,0.0
0.1628033497,0.7663397968,0.0,0.0,0.02987144161,0.04098541187,0.0
0.2021735144,0.773511353,0.0,0.0,0.02220127364,0.002113858973,0.0
0.2057550107,0.7449941787,0.0,0.0,0.02675279544,0.02249801517,0.0
0.1511409162,0.7512832372,0.0,0.0,0.03545954338,0.06211630327,0.0
0.1816121922,0.7445560518,0.0,0.0,0.02318928856,0.05064246738,0.0
0.2094337767,0.7329878189,0.0,0.0,0.03392311313,0.02365529127,0.0
0.2129326561,0.7137678495,0.0,0.0,0.01975351866,0.05354597572,0.0
0.185887754,0.7873318751,0.0,0.0,0.008039906067,0.01874046478,0.0
0.1634439785,0.7951391451,0.0,0.0,0.01028754232,0.03112933414,0.0
0.1992163486,0.7433539702,0.0,0.0,0.002088114258,0.05534156696,0.0
0.1930549673,0.7651962711,0.0,0.0,0.006904597507,0.03484416405,0.0
0.1750843093,0.799347269,0.0,0.0,0.01643284262,0.009135579103,0.0
0.1816821273,0.8075295169,0.0,0.0,0.003188776498,0.007599579323,0.0
0.2305329335,0.712968032,0.0,0.0,0.01388728858,0.04261174599,0.0
0.2299290758,0.7033533062,0.0,0.0,0.01554630811,0.05117130987,0.0
0.1780173887,0.7854147557,0.0,0.0,0.007563318923,0.02900453667,0.0
0.1744411671,0.790680239,0.0,0.0,0.01459698539,0.02028160846,0.0
0.1905243979,0.7487062421,0.0,0.0,0.002525909308,0.05824345074,0.0
0.2041331947,0.7429114111,0.0,0.0,0.008602583401,0.04435281085,0.0
0.1686406104,0.8049478935,0.0,0.0,0.01945989173,0.006951604333,0.0
0.2242030167,0.7308470064,0.0,0.0,0.01088938312,0.03406059375,0.0
0.2181545591,0.7424978856,0.0,0.0,0.03569936638,0.003648188914,0.0
0.1861691569,0.7455929517,0.0,0.0,0.02717693126,0.04106096007,0.0
0.1577798785,0.7692722761,0.0,0.0,0.03431481833,0.03863302704,0.0
0.213318375,0.7518016761,0.0,0.0,0.02296055889,0.01191938994,0.0
0.1973399139,0.7491092512,0.0,0.0,0.02882033332,0.02473050153,0.0
0.1602777026,0.7498839397,0.0,0.0,0.03875617228,0.05108218547,0.0
0.1732518434,0.7449374362,0.0,0.0,0.02109501723,0.06071570314,0.0
0.2274491464,0.7203384703,0.0,0.0,0.03077125113,0.02144113219,0.0
0.2391783044,0.71072444,0.0,0.0,0.005680370784,0.04441688482,0.0
0.2397054163,0.7180163678,0.0,0.0,0.02616117786,0.01611703808,0.0
0.2274324502,0.7219373953,0.0,0.0,0.01106654289,0.03956361164,0.0
0.1706248839,0.7970353341,0.0,0.0,0.0192135313,0.01312625073,0.0
0.1983330067,0.7543751782,0.0,0.0,0.008459982505,0.03883183264,0.0
0.2101869501,0.7357579367,0.0,0.0,0.003016037894,0.05103907529,0.0
0.1624143269,0.7958111826,0.0,0.0,0.01499659718,0.0267778933,0.0
0.1929701776,0.7774745955,0.0,0.0,0.00705946477,0.02249576213,0.0
0.2116298813,0.7152179312,0.0,0.0,0.0151031701,0.05804901733,0.0
0.2205562448,0.7210615648,0.0,0.0,0.0311303639,0.02725182654,0.0
0.1799597015,0.7440524753,0.0,0.0,0.02162283332,0.0543649899,0.0
0.1569332851,0.7476242369,0.0,0.0,0.03823548831,0.05720698969,0.0
0.2050007644,0.7479093048,0.0,0.0,0.02837782601,0.01871210487,0.0
0.1977707638,0.7728739857,0.0,0.0,0.02312484815,0.006230402438,0.0
0.1658837286,0.7555360987,0.0,0.0,0.03444016804,0.04414000472,0.0
0.1724423995,0.7645910725,0.0,0.0,0.02710753975,0.03585898821,0.0
0.2366498312,0.7187512022,0.0,0.0,0.03547786291,0.009121103659,0.0
0.2330296811,0.7153620735,0.0,0.0,0.03421881684,0.01738942864,0.0
0.1681325742,0.7512046782,0.0,0.0,0.02327796482,0.05738478277,0.0
0.1626937145,0.7465224264,0.0,0.0,0.03536871248,0.05541514657,0.0
0.1911957897,0.753442513,0.0,0.0,0.02660066359,0.0287610337,0.0
0.2045183809,0.7647975153,0.0,0.0,0.02267166904,0.008012434813,0.0
0.1595588913,0.7749422322,0.0,0.0,0.03037036248,0.03512851401,0.0
0.1772934278,0.7494900132,0.0,0.0,0.02743523093,0.0457813281,0.0
0.218564967,0.7344622599,0.0,0.0,0.03966978137,0.007302991738,0.0
0.211786732,0.7359735643,0.0,0.0,0.01430694831,0.03793275537,0.0
0.1917429949,0.7909194189,0.0,0.0,0.00371119719,0.01362638901,0.0
0.1636075779,0.8173692313,0.0,0.0,0.01602498566,0.002998205144,0.0
0.2074731636,0.746060179,0.0,0.0,0.006410254808,0.04005640262,0.0
0.1937322954,0.7424764846,0.0,0.0,0.002242768588,0.0615484514,0.0
0.1692310622,0.7955343369,0.0,0.0,0.0104754055,0.02475919541,0.0
0.1817435497,0.7854313322,0.0,0.0,0.007898776745,0.0249263413,0.0
0.2219814111,0.711061319,0.0,0.0,0.01956808005,0.0473891899,0.0
0.2329806103,0.6793947506,0.0,0.0,0.03187915512,0.05574548398,0.0
0.2338993008,0.7537318265,0.0,0.0,0.007357743071,0.005011129589,0.0
0.1744350232,0.7621680104,0.0,0.0,0.01535068222,0.04804628417,0.0
0.1674819243,0.7952343584,0.0,0.0,0.002831459619,0.03445225765,0.0
0.2008654922,0.7735382221,0.0,0.0,0.01486043491,0.01073585072,0.0
0.2073692456,0.7423514675,0.0,0.0,0.01933187379,0.0309474131,0.0
0.1572900588,0.7779597069,0.0,0.0,0.008634414132,0.05611582023,0.0
0.1834161509,0.7472623003,0.0,0.0,0.01073605683,0.0585854919,0.0
0.214739915,0.7119044788,0.0,0.0,0.02725541957,0.04610018659,0.0
0.1798963687,0.7581085963,0.0,0.0,0.03539389829,0.02660113669,0.0
0.1635058895,0.7918446309,0.0,0.0,0.02272995501,0.0219195246,0.0
0.1928984556,0.7125792747,0.0,0.0,0.03400265091,0.06051961879,0.0
0.1846031621,0.7356904103,0.0,0.0,0.03873582794,0.04097059964,0.0
0.1738503747,0.7791539407,0.0,0.0,0.03100315727,0.01599252733,0.0
0.2292242375,0.7137769298,0.0,0.0,0.02156819011,0.03543064262,0.0
0.2273236774,0.6868319327,0.0,0.0,0.02756004461,0.05828434532,0.0
0.1743390183,0.7654112305,0.0,0.0,0.0396261521,0.02062359911,0.0
0.1723895395,0.777725823,0.0,0.0,0.02224626135,0.0276383762,0.0
0.1883876389,0.7333269034,0.0,0.0,0.02999518691,0.04829027078,0.0
0.1993551507,0.7297070739,0.0,0.0,0.03591470013,0.03502307519,0.0
0.1649600087,0.7935171421,0.0,0.0,0.0269742059,0.01454864334,0.0
0.1860617518,0.7780652121,0.0,0.0,0.0341603159,0.001712720229,0.0
0.2183796679,0.716611948,0.0,0.0,0.02320811761,0.04180026653,0.0
0.2214451036,0.7592941929,0.0,0.0,0.008191252892,0.01106945056,0.0
0.1877187403,0.7593848211,0.0,0.0,0.01990503708,0.03299140148,0.0
0.216441631,0.7684288606,0.0,0.0,0.0103234144,0.004806094041,0.0
0.2031751751,0.7629358641,0.0,0.0,0.01618603171,0.01770292902,0.0
0.1648675436,0.7671330207,0.0,0.0,0.006589815988,0.06140961971,0.0
0.1769945787,0.7564875975,0.0,0.0,0.01397714527,0.05254067852,0.0
0.2344378409,0.7329447402,0.0,0.0,0.003489246041,0.02912817281,0.0
0.2348648027,0.6919038909,0.0,0.0,0.03816233127,0.03506897503,0.0
0.1606946597,0.5441236365,0.1957043227,0.0,0.03091128557,0.06856609565,0.0
0.1658205175,0.679359473,0.08891107998,0.0,0.03912216784,0.02678676162,0.0
0.1851202419,0.5210703342,0.2309936831,0.0,0.01042176895,0.05239397181,0.0
0.1181463243,0.5463380964,0.2864081454,0.0,0.02688123521,0.02222619864,0.0
0.186644052,0.7275778498,0.00414213304,0.0,0.03169830537,0.04993765986,0.0
0.1455524111,0.5439578714,0.2204874385,0.0,0.04254502809,0.04745725089,0.0
0.1598046237,0.7632938601,0.04278026579,0.0,0.02796984931,0.006151401131,0.0
0.2505470686,0.5152733515,0.1567793511,0.0,0.02077506803,0.05662516073,0.0
0.1483077232,0.6314350381,0.1677599433,0.0,0.03636231315,0.0161349822,0.0
0.1901962138,0.6151085739,0.1196368092,0.0,0.02364781016,0.05141059306,0.0
0.2268932209,0.442922073,0.2797059025,0.0,0.01661181161,0.03386699204,0.0
0.1714594693,0.5294090401,0.2923910064,0.0,0.002724813542,0.004015670558,0.0
0.17003399,0.7521660997,0.02964168119,0.0,0.01316382141,0.03499440767,0.0
0.2213134165,0.5850737776,0.1506781594,0.0,0.02324506381,0.01968958271,0.0
0.1243154284,0.6117542764,0.2037410834,0.0,0.008534993732,0.05165421803,0.0
0.1980493496,0.7068611858,0.06438564568,0.0,0.0190729865,0.01163083243,0.0
0.1704738648,0.6450007319,0.1361856208,0.0,0.01358296118,0.03475682122,0.0
0.1420524909,0.6672577387,0.1176243556,0.0,0.003222050038,0.06984336483,0.0
0.1996705145,0.4951791411,0.2507174068,0.0,0.03634122849,0.01809170918,0.0
0.220765551,0.6604567692,0.08031285405,0.0,0.03094751338,0.007517312327,0.0
0.125098531,0.5266034794,0.2612982586,0.0,0.02010549666,0.06689423425,0.0
0.2137179898,0.7076450153,0.04731603247,0.0,0.008276843852,0.0230441185,0.0
0.1679041204,0.5638777742,0.2509117902,0.0,0.004169795861,0.01313651936,0.0
0.1724924607,0.7126460002,0.05949811244,0.0,0.01217304611,0.04319038052,0.0
0.1918802867,0.5591732407,0.1898837208,0.0,0.02790465913,0.03115809265,0.0
0.1412069004,0.6566861565,0.1539440027,0.0,0.00952126124,0.03864167921,0.0
0.1793631256,0.6926073667,0.1070988075,0.0,0.01821391137,0.002716788864,0.0
0.1718449851,0.6052517696,0.1804063668,0.0,0.01541337163,0.02708350682,0.0
0.2362793462,0.5241780509,0.1933367291,0.0,0.03953007409,0.006675799696,0.0
0.2301443478,0.6192505593,0.1086394598,0.0,0.02736896663,0.01459666641,0.0
0.2355743882,0.709150197,0.01836853667,0.0,0.006801577239,0.03010530085,0.0
0.1831913379,0.5838600884,0.1474127118,0.0,0.02867919945,0.05685666254,0.0
0.1512320858,0.6556526501,0.1315726092,0.0,0.04151010523,0.02003254967,0.0
0.1842676635,0.4819912985,0.284185115,0.0,0.006207474075,0.04334844887,0.0
0.1202445377,0.5799679221,0.242224167,0.0,0.02471682204,0.03284655119,0.0
0.1881960502,0.6886834464,0.0305543703,0.0,0.03343718733,0.05912894574,0.0
0.1284295198,0.5066878245,0.2642914653,0.0,0.04189385926,0.05869733113,0.0
0.1702048055,0.7739022702,0.0140717542,0.0,0.02863881429,0.0131823558,0.0
0.2422327907,0.5485265141,0.1278165974,0.0,0.01620917018,0.06521492764,0.0
0.2359729482,0.6530959673,0.05104086088,0.0,0.004852996569,0.05503722706,0.0
0.1466305398,0.5938715724,0.2174530009,0.0,0.0361933288,0.005851558145,0.0
0.1912908832,0.6626048654,0.08061396461,0.0,0.02463359949,0.0408566873,0.0
0.1451589514,0.5036723358,0.2753932302,0.0,0.03879217239,0.03698331016,0.0
0.2193975083,0.6122863553,0.138977355,0.0,0.01587486716,0.01346391427,0.0
0.1261701804,0.5702801884,0.1955436201,0.0,0.0419093841,0.06609662697,0.0
0.170640779,0.6819352284,0.09502032597,0.0,0.02896021075,0.02344345584,0.0
0.1374433206,0.6680201706,0.1209036409,0.0,0.03460327204,0.03902959579,0.0
0.2254926885,0.4689978608,0.2797130501,0.0,0.005045137264,0.02075126337,0.0
0.2488030679,0.6408083506,0.06858296805,0.0,0.01699855874,0.02480705468,0.0
0.1293717994,0.563545141,0.2232310067,0.0,0.03184202989,0.05201002305,0.0
0.22075507,0.6908553076,0.04193583536,0.0,0.03854981472,0.0079039723,0.0
0.1872547023,0.5708828726,0.1809710197,0.0,0.01894361491,0.04194779048,0.0
0.1667912775,0.7443396409,0.07334639069,0.0,0.00802878547,0.007493905444,0.0
0.1808688802,0.4960649836,0.2210962426,0.0,0.04020826834,0.06176162517,0.0
0.2469045781,0.5489161647,0.116965624,0.0,0.02561259074,0.06160104253,0.0
0.2037887211,0.7222570423,0.02583870497,0.0,0.002828073423,0.04528745815,0.0
0.1373481605,0.5249965515,0.2558679824,0.0,0.008220128367,0.0735671772,0.0
0.1587619964,0.7395378822,0.05319206461,0.0,0.01838282223,0.03012523464,0.0
0.21724619,0.5161165159,0.1926602793,0.0,0.0289776224,0.04499939237,0.0
0.2367317862,0.6871223665,0.01166261305,0.0,0.03402770337,0.03045553083,0.0
0.1595797389,0.667734251,0.1469931862,0.0,0.002225537396,0.02346728649,0.0
0.1911408872,0.6370744176,0.1044598266,0.0,0.01344806324,0.05387680543,0.0
0.1832350649,0.5964638199,0.1490372934,0.0,0.01995793573,0.05130588612,0.0
0.166532116,0.7047187469,0.1039136863,0.0,0.00693912305,0.01789632776,0.0
0.157065776,0.4632641419,0.2614557203,0.0,0.04519731967,0.07301704206,0.0
0.2441096399,0.5989927924,0.0837337703,0.0,0.02123752131,0.05192627607,0.0
0.1250942373,0.5924368685,0.2566043135,0.0,0.01570598071,0.0101586,0.0
0.1335403277,0.4837261975,0.3086347799,0.0,0.01002048058,0.06407821428,0.0
0.160526709,0.7859269653,0.01692208234,0.0,0.01686342845,0.01976081494,0.0
0.2479781421,0.5395727195,0.1455278074,0.0,0.03240586536,0.03451546555,0.0
0.2442915655,0.6510297845,0.03494843705,0.0,0.03062232095,0.039107892,0.0
0.145206547,0.6366992419,0.1818999011,0.0,0.003529240894,0.03266506907,0.0
0.2090575567,0.6471636853,0.0737468031,0.0,0.0118046697,0.05822728522,0.0
0.1707407697,0.547586402,0.2215685096,0.0,0.03634045832,0.02376386045,0.0
0.1667379028,0.7183983176,0.03470452183,0.0,0.02397994084,0.05617931691,0.0
0.2277225052,0.5758102612,0.1788285242,0.0,0.01191689684,0.005721812613,0.0
0.1256678152,0.6009884953,0.1611810517,0.0,0.03969896287,0.07246367492,0.0
0.173487376,0.6412739872,0.1234078546,0.0,0.03083061361,0.03100016862,0.0
0.1529734165,0.5993933164,0.2113629607,0.0,0.02475291708,0.01151738936,0.0
0.1487842055,0.6794068541,0.08928304869,0.0,0.035077689,0.04744820275,0.0
0.2206060811,0.632867367,0.1077759319,0.0,0.02160921809,0.01714140188,0.0
0.1276019849,0.5214824817,0.2742694834,0.0,0.03141396831,0.04523208167,0.0
0.159743826,0.5444840602,0.2164266804,0.0,0.01331145966,0.06603397373,0.0
0.1832696612,0.7463236075,0.04426161574,0.0,0.003804058498,0.02234105708,0.0
0.1955135384,0.5580972139,0.1686377749,0.0,0.03366555952,0.04408591329,0.0
0.1378106092,0.6317850025,0.1768231719,0.0,0.01861785947,0.03496335684,0.0
0.1626862185,0.6403518461,0.1173012107,0.0,0.00916633638,0.07049438829,0.0
0.1505610339,0.7226229942,0.1012880144,0.0,0.01461467919,0.01091327828,0.0
0.228846593,0.4619977913,0.221218044,0.0,0.02307642566,0.06486114608,0.0
0.2319535184,0.5834254492,0.09314522579,0.0,0.04185685264,0.04961895399,0.0
0.1306765187,0.5613496881,0.297582942,0.0,0.008323715098,0.002067136026,0.0
0.2251390831,0.7190961274,0.002905195767,0.0,0.01887375,0.03398584372,0.0
0.1961747694,0.6106552041,0.1352214748,0.0,0.04155995831,0.01638859335,0.0
0.1501812985,0.661016266,0.1103748292,0.0,0.02805155546,0.05037605082,0.0
0.1871797521,0.5019880345,0.2519785692,0.0,0.02272909619,0.03612454798,0.0
0.199222083,0.7189563041,0.05192675375,0.0,0.02248149589,0.007413363289,0.0
0.1362680617,0.5125178874,0.2937265024,0.0,0.03386735355,0.02362019494,0.0
0.1553871115,0.7336389598,0.02445299827,0.0,0.03667996215,0.04984096829,0.0
0.2443788928,0.5962105645,0.1449969753,0.0,0.01076345069,0.003650116655,0.0
0.2390628688,0.7094282805,0.02991576576,0.0,0.01041835797,0.01117472697,0.0
0.1372663869,0.5834188924,0.186381677,0.0,0.02567455671,0.06725848706,0.0
0.2046635947,0.6699701006,0.06595990819,0.0,0.03266503746,0.02674135906,0.0
0.1806744561,0.5998396197,0.1710850768,0.0,0.04121678231,0.007184065121,0.0
0.1647340725,0.6872068384,0.07986554809,0.0,0.02884950488,0.03934403617,0.0
0.1890883923,0.54630525,0.2188271849,0.0,0.01804385385,0.02773531892,0.0
0.250428498,0.5992457825,0.1135177481,0.0,0.004350974728,0.03245699671,0.0
0.1950515674,0.748829093,0.01840970064,0.0,0.02324286385,0.01446677513,0.0
0.1529448613,0.5447910005,0.2376882554,0.0,0.03123298093,0.0333429019,0.0
0.141064919,0.6997419425,0.05964660594,0.0,0.03846384155,0.06108269103,0.0
0.2461014734,0.5515052164,0.1845633489,0.0,0.006668248461,0.01116171288,0.0
0.1405690909,0.6252817069,0.1527798865,0.0,0.02400838479,0.05736093096,0.0
0.2115178948,0.6418511216,0.09216120142,0.0,0.0346242308,0.01984555139,0.0
0.1552419472,0.488563177,0.2620032868,0.0,0.01521409632,0.07897749265,0.0
0.1781693253,0.7793346432,0.009167691674,0.0,0.002527388675,0.03080095116,0.0
0.2204297139,0.5717108199,0.123124137,0.0,0.03677707897,0.04795825026,0.0
0.1261370984,0.6112610661,0.2150055241,0.0,0.02049020248,0.02710610889,0.0
0.1828580271,0.6646625161,0.08487558278,0.0,0.007594841012,0.06000903306,0.0
0.1579784734,0.6292207869,0.1679740431,0.0,0.003266934218,0.04155976233,0.0
0.1957268466,0.4479558219,0.2665784512,0.0,0.02820521325,0.06153366707,0.0
0.2215097182,0.6219983747,0.06119868448,0.0,0.03703248752,0.05826073513,0.0
0.1470342842,0.5918690348,0.2402375417,0.0,0.009447648457,0.01141149084,0.0
0.2011596321,0.7013757564,0.03642963191,0.0,0.01778685439,0.04324812513,0.0
0.1815750802,0.6258349155,0.165215548,0.0,0.007238078985,0.02013637728,0.0
0.1589585145,0.641004604,0.1225795678,0.0,0.01967239373,0.05778491992,0.0
0.1853752246,0.7337930438,0.04064750322,0.0,0.01375660018,0.02642762824,0.0
0.1460822112,0.5366985771,0.2820504547,0.0,0.01941818136,0.01575057565,0.0
0.1605840629,0.7768521541,0.006198154383,0.0,0.008216351747,0.04814927684,0.0
0.2494787718,0.648037374,0.05642048904,0.0,0.02575860265,0.02030476261,0.0
0.1371232475,0.5920469997,0.2106159877,0.0,0.0130778301,0.04713593501,0.0
0.2164556072,0.6859521498,0.08943453809,0.0,0.003681231519,0.004476473379,0.0
0.2418099705,0.4562429893,0.2088421166,0.0,0.03404422318,0.05906070037,0.0
0.1673321341,0.5060611738,0.2500763069,0.0,0.02722527157,0.04930511376,0.0
0.1650537539,0.7403381791,0.05050231809,0.0,0.03292705494,0.011178694,0.0
0.1964024282,0.5312694581,0.2004932824,0.0,0.005378660322,0.06645617103,0.0
0.1375984162,0.685373545,0.1424935071,0.0,0.03156714808,0.002967383661,0.0
0.1809835908,0.634135754,0.1106506283,0.0,0.03920097038,0.03502905658,0.0
0.1468777597,0.5647191201,0.1882617289,0.0,0.03723958116,0.06290181014,0.0
0.157178438,0.7282756649,0.06556574934,0.0,0.02286955423,0.0261105935,0.0
0.2133317253,0.5153483762,0.2121294494,0.0,0.01707793503,0.04211251399,0.0
0.2097003803,0.6138309734,0.1220541496,0.0,0.005817611743,0.04859688488,0.0
0.1216572215,0.5042188292,0.2879431731,0.0,0.04518832738,0.04099244889,0.0
0.2028560779,0.6839262418,0.02601862893,0.0,0.02676476213,0.06043428927,0.0
0.1466788381,0.4830511478,0.300230694,0.0,0.02653020817,0.04350911183,0.0
0.1812804191,0.7598173945,0.02133148713,0.0,0.03351038756,0.004060311687,0.0
0.1339462898,0.6311834597,0.1892421155,0.0,0.03101442573,0.01461370923,0.0
0.17600357,0.6683992687,0.07249223315,0.0,0.03942466067,0.04368026753,0.0
0.1655370094,0.5930183817,0.1395056464,0.0,0.03478039656,0.0671585659,0.0
0.1404246375,0.6928070204,0.1072852385,0.0,0.02460846478,0.03487463884,0.0
0.2139489062,0.4607718075,0.2585766004,0.0,0.01305419245,0.0536484935,0.0
0.238665222,0.6268711733,0.0866037938,0.0,0.009709895102,0.03814991586,0.0
0.1260630364,0.5555466721,0.2469810506,0.0,0.04309602914,0.02831321177,0.0
0.212961132,0.6539843976,0.05228391147,0.0,0.02864738224,0.05212317672,0.0
0.1767772746,0.5740258537,0.2111299483,0.0,0.00892127424,0.02914564918,0.0
0.1589566386,0.6788700056,0.08097445924,0.0,0.01789206454,0.06330683197,0.0
0.2033311761,0.518713345,0.2336563536,0.0,0.0336709842,0.01062814114,0.0
0.2033718223,0.7566453983,0.01149986817,0.0,0.01213991256,0.01634299864,0.0
0.1499320823,0.5817163456,0.2409993205,0.0,0.02066800966,0.006684241901,0.0
0.1632030057,0.7517575607,0.03561757362,0.0,0.007163717227,0.04225814275,0.0
0.2306670718,0.5361370819,0.1684736617,0.0,0.04306638983,0.02165579477,0.0
0.2424309392,0.6858340632,0.0234771195,0.0,0.02124750356,0.02701037448,0.0
0.1507271478,0.6197029139,0.1598510617,0.0,0.01401798225,0.0557008944,0.0
0.1928032583,0.6555987487,0.1342052048,0.0,0.002260901165,0.01513188703,0.0
0.2387058659,0.4011493748,0.2526503129,0.0,0.03894551513,0.06854893127,0.0
0.1419191745,0.4818711786,0.2923883219,0.0,0.03034511831,0.05347620672,0.0
0.1804079759,0.7436268573,0.02455799532,0.0,0.03943873644,0.0119684351,0.0
0.2030625721,0.5769365932,0.1496502657,0.0,0.007634195018,0.06271637402,0.0
0.138724142,0.6373313334,0.1954067329,0.0,0.02385900992,0.00467878176,0.0
0.1762576663,0.6844192639,0.06839430864,0.0,0.03532838225,0.03560037888,0.0
0.1621281379,0.6049856262,0.1361868579,0.0,0.03845093124,0.05824844668,0.0
0.1445485981,0.6872653962,0.1113639461,0.0,0.03103029808,0.02579176145,0.0
0.2304864761,0.4694639179,0.2374267651,0.0,0.01975974971,0.04286309117,0.0
0.2465444136,0.6301347599,0.07480842928,0.0,0.002749901871,0.04576249539,0.0
0.127409494,0.5444453086,0.2537162995,0.0,0.03564955858,0.03877933928,0.0
0.2043693672,0.6610259139,0.04968703397,0.0,0.02438938902,0.06052829598,0.0
0.1920798754,0.5893359056,0.1946159054,0.0,0.004992920473,0.01897539319,0.0
0.154221007,0.6816456548,0.09604397146,0.0,0.01188237897,0.05620698777,0.0
0.1547507668,0.5895978583,0.2225130376,0.0,0.01644028929,0.01669804802,0.0
0.2197298733,0.5468972465,0.1664724863,0.0,0.03641273774,0.03048765624,0.0
0.2346930812,0.6986588974,0.01943400279,0.0,0.02786050908,0.01935350946,0.0
0.1457230124,0.6116242716,0.174462458,0.0,0.0214254306,0.04676482748,0.0
0.2029438219,0.6662183237,0.1180174992,0.0,0.006726324925,0.006094030237,0.0
0.1532120566,0.6357942002,0.1276217822,0.0,0.01604086745,0.06733109347,0.0
0.174052011,0.5099421372,0.2796811496,0.0,0.02592091446,0.01040378774,0.0
0.1226821174,0.5681017867,0.2373741694,0.0,0.006224937761,0.06561698877,0.0
0.1906199324,0.7352796237,0.03564503469,0.0,0.02048569997,0.01796970927,0.0
0.1563486134,0.5486999896,0.2774029076,0.0,0.01239162724,0.005156862158,0.0
0.1581564489,0.786002369,0.01059837227,0.0,0.00478904071,0.04045376913,0.0
0.2413093793,0.6552078992,0.04591984136,0.0,0.02962601761,0.02793686255,0.0
0.1288703215,0.5796722814,0.2164132429,0.0,0.01768172054,0.0573624337,0.0
0.2219848962,0.6706573194,0.08409691607,0.0,0.01068113773,0.01257973067,0.0
0.2391720757,0.4308518079,0.221060154,0.0,0.04144845926,0.06746750322,0.0
0.1667045337,0.526263345,0.2342059336,0.0,0.0338345752,0.03899161245,0.0
0.1686536203,0.7286882711,0.06300960229,0.0,0.03679435069,0.00285415558,0.0
0.20543875,0.5347532964,0.1940262279,0.0,0.009248087998,0.05653363764,0.0
0.1375250882,0.6646251481,0.1578281416,0.0,0.02727787226,0.0127437498,0.0
0.1761056375,0.6488005517,0.09951532591,0.0,0.03199867132,0.04357981351,0.0
0.1440256329,0.5705202486,0.1713223449,0.0,0.04309057911,0.07104119446,0.0
0.1552374527,0.7058836707,0.07755915263,0.0,0.02653478924,0.03478493472,0.0
0.2227127419,0.5048060452,0.2019596786,0.0,0.02079312525,0.04972840901,0.0
0.1229648936,0.4972387145,0.3075738556,0.0,0.04109465659,0.03112787972,0.0
0.2054405952,0.7071314812,0.01457382704,0.0,0.02014502138,0.05270907512,0.0
0.1689085242,0.5910343924,0.1882745033,0.0,0.03489730528,0.0168852748,0.0
0.1715468656,0.6900633408,0.06631574248,0.0,0.02504681527,0.0470272358,0.0
0.1909049484,0.5350601908,0.2228030399,0.0,0.01409714093,0.03713467998,0.0
0.1877845327,0.7460317131,0.02942506556,0.0,0.03013705704,0.006621631568,0.0
0.1493664626,0.5425093654,0.2592969972,0.0,0.02480821025,0.02401896448,0.0
0.1476794689,0.7175988331,0.04768614407,0.0,0.03487273228,0.05216282166,0.0
0.2623026396,0.5446868941,0.1877729359,0.0,0.002805417564,0.002432112736,0.0
0.1434922904,0.6260826127,0.1370725195,0.0,0.02805420147,0.06529837598,0.0
0.1985186041,0.6257675497,0.1057273243,0.0,0.04165547926,0.02833104261,0.0
0.2402875933,0.4642872909,0.2412608625,0.0,0.008523291306,0.04564096191,0.0
0.1589263092,0.4839770493,0.2662586042,0.0,0.02214293953,0.06869509781,0.0
0.1774089713,0.7883496707,0.005638614297,0.0,0.005987148533,0.02261559521,0.0
0.2093065119,0.5705428628,0.1384772431,0.0,0.04086087692,0.04081250525,0.0
0.1233957096,0.6124542678,0.2109215138,0.0,0.01579933009,0.03742917869,0.0
0.1592207196,0.6104535791,0.1697910456,0.0,0.009882950321,0.05065170536,0.0
0.1485008396,0.6958104635,0.128095417,0.0,0.01725211874,0.01034116121,0.0
0.1791789893,0.4309846861,0.285171417,0.0,0.03231281432,0.07235209337,0.0
0.2170573658,0.6248978228,0.07320197282,0.0,0.03329043637,0.05155240227,0.0
0.2113824246,0.7024520567,0.03965869779,0.0,0.01116221531,0.03534460564,0.0
0.158371539,0.518813875,0.2296244669,0.0,0.01725897446,0.07593114453,0.0
0.1772532543,0.7510104508,0.03159936868,0.0,0.009890491397,0.03024643482,0.0
0.1856047503,0.5487528667,0.1726490288,0.0,0.04003463767,0.05295871653,0.0
0.1396489449,0.6609123731,0.1630638687,0.0,0.01126540682,0.02510940645,0.0
0.1686631298,0.6335221409,0.1306146277,0.0,0.004905268609,0.06229483304,0.0
0.1595694075,0.5739218713,0.2171106229,0.0,0.005791593012,0.04360650525,0.0
0.1511316488,0.7384184115,0.08771287739,0.0,0.02084673684,0.001890325505,0.0
0.2156119519,0.4673998887,0.229842873,0.0,0.02997353783,0.05717174861,0.0
0.2190285251,0.5867650112,0.09991671738,0.0,0.03511670532,0.05917304102,0.0
0.2253046493,0.7036103685,0.01423310587,0.0,0.01486268337,0.04198919296,0.0
0.1933468675,0.6185448366,0.1422022276,0.0,0.038201071,0.0077049973,0.0
0.1570383302,0.6728970801,0.1066439653,0.0,0.02184225842,0.04157836596,0.0
0.196223585,0.4911568145,0.2695967718,0.0,0.01607857444,0.02694425422,0.0
0.111055582,0.5343594917,0.2520353249,0.0,0.04566515329,0.05688444818,0.0
0.1913153767,0.709768935,0.05664173574,0.0,0.02664604007,0.0156279124,0.0
0.1287721047,0.5054652541,0.3013436355,0.0,0.02983035311,0.03458865262,0.0
0.1594973635,0.7319717544,0.02018972385,0.0,0.03061754426,0.05772361402,0.0
0.2448430761,0.5802767384,0.1584741329,0.0,0.004141720032,0.01226433255,0.0
0.243986304,0.6953057281,0.04016333434,0.0,0.0173321079,0.003212525696,0.0
0.1443547912,0.5875249718,0.1786189679,0.0,0.03281307034,0.05668819869,0.0
0.1977163307,0.6764574132,0.06984576557,0.0,0.03703546861,0.01894502187,0.0
0.1815273497,0.6236383296,0.1363581378,0.0,0.01615217604,0.04232400678,0.0
0.1661732908,0.4759226274,0.2559391814,0.0,0.03854216068,0.06342273978,0.0
0.1230557436,0.5625844861,0.2700205986,0.0,0.02352096844,0.02081820327,0.0
0.1826954489,0.7138062843,0.04938049104,0.0,0.005724418473,0.04839335735,0.0
0.134036801,0.4950403688,0.2911246007,0.0,0.005831788844,0.07396644067,0.0
0.1606542715,0.7703158282,0.02969857389,0.0,0.01090611771,0.02842520872,0.0
0.1450427915,0.623455811,0.1975860774,0.0,0.01104962721,0.02286569295,0.0
0.207066202,0.6651158149,0.06214256609,0.0,0.01597501831,0.04970039878,0.0
0.2545567498,0.5072630973,0.2017626407,0.0,0.03249871777,0.003918794529,0.0
0.1736951163,0.5394750708,0.2140758816,0.0,0.03986608712,0.03288784412,0.0
0.1610964467,0.7055240462,0.03914840225,0.0,0.02992110496,0.06430999988,0.0
0.2191092555,0.5832540116,0.1648140538,0.0,0.01838163816,0.01444104093,0.0
0.1243854219,0.609310871,0.1691863226,0.0,0.03296344091,0.06415394368,0.0
0.1804461801,0.6513448532,0.1194160939,0.0,0.0265487935,0.02224407928,0.0
0.1438086664,0.6826469723,0.09318300445,0.0,0.04138101894,0.03898033785,0.0
0.2142193705,0.5284537122,0.2306749933,0.0,0.007335192362,0.01931673165,0.0
0.2195477703,0.6451325109,0.09535961177,0.0,0.01441651616,0.02554359086,0.0
0.122208864,0.5155609552,0.2820668791,0.0,0.02381723858,0.05634606312,0.0
0.2230783361,0.726772812,0.006360767652,0.0,0.03498386437,0.008804219922,0.0
0.15558908,0.5191164033,0.2539638466,0.0,0.04527513321,0.02605553691,0.0
0.1752179218,0.7310472886,0.01211883201,0.0,0.02584970137,0.05576625624,0.0
0.2160688838,0.6248700742,0.1345627659,0.0,0.01965082496,0.00484745106,0.0
0.1186990723,0.5542103092,0.2121485809,0.0,0.03768491022,0.07725712729,0.0
0.1796800354,0.6858522835,0.08114894489,0.0,0.02180119383,0.03151754237,0.0
0.1772472554,0.6259074302,0.155444236,0.0,0.03201987667,0.009381201706,0.0
0.1307663243,0.6467151019,0.1355826257,0.0,0.0384255509,0.04851039723,0.0
0.211818619,0.4718509256,0.2768620584,0.0,0.009067712552,0.03040068448,0.0
0.2416385786,0.6621088857,0.06638427619,0.0,0.01274078785,0.01712747162,0.0
0.1255769696,0.5598408385,0.2437586666,0.0,0.02766857538,0.04315494985,0.0
0.1833995019,0.5747597182,0.1780913199,0.0,0.01229039238,0.05145906753,0.0
0.1685784451,0.7325188278,0.07829379127,0.0,0.004363073338,0.01624586248,0.0
0.1941851779,0.4975975968,0.2032775897,0.0,0.035984243,0.0689553925,0.0
0.2003652828,0.7306156732,0.02234753412,0.0,0.0095254156,0.03714609427,0.0
0.1640917644,0.7424525987,0.056820522,0.0,0.01491525428,0.02171986062,0.0
0.2307860013,0.5319514557,0.1765908531,0.0,0.02501828751,0.03565340236,0.0
0.1620876664,0.6492278719,0.1491644154,0.0,0.00673767633,0.03278236995,0.0
0.1825390933,0.6356064107,0.09956602212,0.0,0.02025390778,0.06203456609,0.0
0.2656342339,0.4515500003,0.2391234241,0.0,0.03182114888,0.01187119288,0.0
0.1635768786,0.5658927317,0.2563685235,0.0,0.01126690913,0.002894957069,0.0
0.1769330306,0.7185060912,0.05440916408,0.0,0.01573357459,0.0344181395,0.0
0.1964744807,0.5463657594,0.2029043562,0.0,0.0320600697,0.02219533406,0.0
0.1444134693,0.6547410049,0.147832151,0.0,0.0050240918,0.04798928302,0.0
0.1748186139,0.6901563361,0.1123032845,0.0,0.01112064461,0.01160112096,0.0
0.1617423103,0.5935531673,0.1858419919,0.0,0.02205066197,0.03681186859,0.0
0.1471183211,0.7088763404,0.07068118273,0.0,0.005547434186,0.06777672161,0.0
0.237228784,0.4983570694,0.2056859753,0.0,0.04352670298,0.01520146823,0.0
0.2342257307,0.6138756625,0.1222791163,0.0,0.02327463298,0.006344857514,0.0
0.1142893467,0.4959139114,0.3022638632,0.0,0.01710437295,0.07042850584,0.0
0.1870797555,0.5625894408,0.1615250386,0.0,0.0224294831,0.06637628209,0.0
0.1485988161,0.6662645884,0.1189618949,0.0,0.03744481974,0.02872988082,0.0
0.120648793,0.6018161307,0.2261805854,0.0,0.02922695116,0.0221275397,0.0
0.1913913293,0.6750158077,0.04196601315,0.0,0.04035951088,0.05126733893,0.0
0.1294169353,0.5014479997,0.2838597242,0.0,0.0356594705,0.04961587037,0.0
0.2315880273,0.5623052636,0.1347526251,0.0,0.01260426101,0.058749823,0.0
0.2227038198,0.6495436917,0.05496722586,0.0,0.009013293213,0.06377196945,0.0
0.1450357423,0.5999132945,0.1993504495,0.0,0.04019500078,0.01550551299,0.0
0.1903984468,0.6373441586,0.09169011119,0.0,0.03154010258,0.04902718083,0.0
0.1656449265,0.5467123137,0.2008113247,0.0,0.02730458571,0.05952684937,0.0
0.1655889048,0.697906765,0.08501991581,0.0,0.03300594048,0.01847847393,0.0
0.1749829676,0.524027325,0.2527884618,0.0,0.003661963597,0.04453928205,0.0
0.2402234167,0.594502307,0.1024020347,0.0,0.01837077078,0.04450147079,0.0
0.1152696807,0.541167798,0.2767271069,0.0,0.03427734355,0.03255807082,0.0
0.1876145279,0.712156161,0.007366411107,0.0,0.03560881631,0.05725408369,0.0
0.1483681984,0.5302401198,0.2254808248,0.0,0.03870690067,0.05720395632,0.0
0.1563299904,0.767617293,0.03960938776,0.0,0.02177931561,0.01466401322,0.0
0.2381287551,0.5066285352,0.1740500851,0.0,0.01436593978,0.06682668478,0.0
0.144627201,0.6416552735,0.1636341619,0.0,0.04354568521,0.00653767841,0.0
0.1973281862,0.608805684,0.1231656526,0.0,0.02812082438,0.04257965285,0.0
0.2431137229,0.4535678825,0.2584000736,0.0,0.02124859304,0.02366972802,0.0
0.1576093285,0.5076621105,0.3129614235,0.0,0.006947864648,0.01481927286,0.0
0.175035818,0.7457107054,0.01804635274,0.0,0.01902053963,0.04218658419,0.0
0.2227239324,0.5663110684,0.1533253786,0.0,0.02966624798,0.02797337258,0.0
0.19011399,0.7126562899,0.07871600938,0.0,0.01501707437,0.003496636419,0.0
0.1643720372,0.6412314519,0.1509803209,0.0,0.01752726745,0.02588892263,0.0
0.1477221466,0.6812756142,0.1020276473,0.0,0.009497043831,0.05947754801,0.0
0.2091191163,0.4876614141,0.2512628637,0.0,0.04331699119,0.008639614729,0.0
0.229078298,0.6476327605,0.08349200121,0.0,0.02404376532,0.01575317501,0.0
0.1308610663,0.5375465537,0.2430544468,0.0,0.0123658871,0.07617204603,0.0
0.2065306193,0.698273814,0.05950454429,0.0,0.004038679699,0.03165234279,0.0
0.1367453439,0.6509160958,0.0,0.1749670077,0.01601083112,0.02136072146,0.0
0.1436460478,0.5195715895,0.0,0.2784423755,0.008303915424,0.05003607174,0.0
0.1600506716,0.5503731405,0.0,0.2227000617,0.009794958076,0.05708116813,0.0
0.1811595914,0.7580460453,0.0,0.02873225702,0.002777362585,0.02928474374,0.0
0.1247910099,0.5350226886,0.0,0.3298841627,0.004685599207,0.005616539542,0.0
0.2035727473,0.6289496352,0.0,0.1178231064,0.0175541524,0.0321003586,0.0
0.1772843852,0.4898967814,0.0,0.2886209133,0.02785470783,0.01634321228,0.0
0.1360746317,0.6315815134,0.0,0.204535139,0.01376262965,0.01404608619,0.0
0.1645177959,0.7533764398,0.0,0.01820242067,0.02740344782,0.03649989582,0.0
0.146612409,0.5561828946,0.0,0.2602958542,0.03350072345,0.003408118701,0.0
0.2056236037,0.606438544,0.0,0.1227160414,0.01270559058,0.05251622031,0.0
0.163331582,0.514557697,0.0,0.2886116952,0.02229847951,0.01120054631,0.0
0.1424182653,0.6375124604,0.0,0.1458059091,0.03034740843,0.04391595671,0.0
0.1386476292,0.5715375906,0.0,0.2015448254,0.03661136328,0.05165859144,0.0
0.2135238016,0.6941473567,0.0,0.048062144,0.02632678503,0.01793991258,0.0
0.2032684644,0.5019023711,0.0,0.2523945282,0.004462919735,0.03797171649,0.0
0.2050647757,0.5300620726,0.0,0.2194539003,0.01510867148,0.03031057991,0.0
0.1801466899,0.6625797071,0.0,0.09947867844,0.03199918787,0.02579573674,0.0
0.09562821731,0.4732105647,0.0,0.3522550425,0.01818046539,0.0607257101,0.0
0.1147236545,0.5614664914,0.0,0.2534736802,0.02521697952,0.04511919439,0.0
0.1851324915,0.4654802327,0.0,0.2936885837,0.01069770557,0.04500098646,0.0
0.2229538178,0.5417317641,0.0,0.1758636627,0.007550518451,0.05190023704,0.0
0.192306318,0.6416376104,0.0,0.1426928532,0.02047702707,0.002886191429,0.0
0.1258155629,0.5078100565,0.0,0.2992968005,0.03087837155,0.03619920854,0.0
0.1549637291,0.6876975975,0.0,0.06268959408,0.03500907438,0.05964000497,0.0
0.1757042322,0.5604499465,0.0,0.2109565454,0.02671247071,0.02617680519,0.0
0.2344682849,0.6787473788,0.0,0.03090260205,0.01875114175,0.03713059253,0.0
0.1260513278,0.48710538,0.0,0.338181909,0.02977154054,0.0188898427,0.0
0.1492989234,0.6732411785,0.0,0.1016746759,0.02371295173,0.05207227045,0.0
0.1176027203,0.5522788982,0.0,0.2827413436,0.01745781775,0.02991922016,0.0
0.1558223071,0.611921395,0.0,0.1689646994,0.005514380252,0.05777721818,0.0
0.2028573644,0.5748295916,0.0,0.1984306561,0.0221822922,0.001700095651,0.0
0.1993311139,0.4429045701,0.0,0.3157006081,0.03366560693,0.008398100942,0.0
0.2247514503,0.6751017013,0.0,0.03833302443,0.01479064238,0.04702318155,0.0
0.1626635916,0.6869486999,0.0,0.1280090692,0.009483236215,0.01289540313,0.0
0.1421621998,0.4832781247,0.0,0.3173124783,0.01594331546,0.04130388172,0.0
0.2225800725,0.601465987,0.0,0.1284659711,0.02478853879,0.02269943063,0.0
0.1714993299,0.6082528093,0.0,0.1821934642,0.003241246962,0.03481314965,0.0
0.1556455333,0.7517417411,0.0,0.07653265265,0.01098911719,0.005090955784,0.0
0.1808934504,0.6353157473,0.0,0.1543637853,0.01344244141,0.01598457552,0.0
0.199068962,0.5437454692,0.0,0.1820746945,0.03543457262,0.0396763017,0.0
0.1964723941,0.4593842113,0.0,0.2907958281,0.02148255848,0.03186500799,0.0
0.2174928598,0.7465118192,0.0,0.006587704132,0.005634105366,0.02377351154,0.0
0.1284436529,0.5387646521,0.0,0.2538491352,0.01632694319,0.06261561661,0.0
0.1606462319,0.6973941795,0.0,0.09286585833,0.009976141028,0.03911758921,0.0
0.1968442859,0.564081379,0.0,0.1597525133,0.0330077984,0.0463140234,0.0
0.1547166197,0.6029125774,0.0,0.2173445282,0.01580500446,0.009221270273,0.0
0.1534185159,0.7256273473,0.0,0.06382173697,0.009032236335,0.04810016349,0.0
0.1300929123,0.5908344994,0.0,0.2410686581,0.03097370383,0.007030226448,0.0
0.1879648948,0.7208442447,0.0,0.03888558124,0.02026928169,0.03203599762,0.0
0.160480891,0.4701028646,0.0,0.3361120344,0.007672882657,0.02563132731,0.0
0.1837118398,0.5916305668,0.0,0.1494467355,0.03713663055,0.03807422728,0.0
0.1272287519,0.5601344959,0.0,0.2725325861,0.02493305656,0.01517110957,0.0
0.1756733144,0.7038315808,0.0,0.0742527944,0.02398743997,0.02225487045,0.0
0.1702194816,0.5737026789,0.0,0.1792812913,0.02964848531,0.04714806278,0.0
0.1267311041,0.4690531292,0.0,0.3236691413,0.02539123536,0.05515538996,0.0
0.1349044956,0.6639934606,0.0,0.1371101812,0.03364474283,0.03034711988,0.0
0.1544753801,0.7687979296,0.0,0.03030438378,0.03183335864,0.01458894788,0.0
0.1527791224,0.5570690486,0.0,0.2265756549,0.02343284835,0.04014332577,0.0
0.1540295979,0.5059004085,0.0,0.2750930747,0.03312295937,0.03185395959,0.0
0.1544781205,0.6321704161,0.0,0.179344449,0.02767562601,0.006331388452,0.0
0.1381540803,0.6136624153,0.0,0.1968752295,0.01997305739,0.0313352175,0.0
0.1998292167,0.635777785,0.0,0.07921966632,0.03228580059,0.05288753142,0.0
0.1870262413,0.5581375589,0.0,0.240487974,0.003799773622,0.01054845219,0.0
0.1710834038,0.6441379564,0.0,0.1112920282,0.02638159787,0.04710501372,0.0
0.1117301239,0.5153130677,0.0,0.3139999643,0.03637168751,0.02258515661,0.0
0.1396023735,0.6526935202,0.0,0.14004612,0.003466449348,0.0641915369,0.0
0.1353296672,0.5348659659,0.0,0.2945768118,0.01021740831,0.0250101469,0.0
0.229009626,0.6401460801,0.0,0.06219736323,0.03711677725,0.03153015343,0.0
0.1750540967,0.5457306666,0.0,0.2536017441,0.009279782428,0.01633371024,0.0
0.1734570943,0.7381493277,0.0,0.0166578028,0.01697637871,0.05475939648,0.0
0.1133625998,0.4710601825,0.0,0.3555298707,0.01320544831,0.04684189876,0.0
0.1963541784,0.6815945573,0.0,0.1115559556,0.002465583627,0.00802972512,0.0
0.2187676296,0.4926595423,0.0,0.2162210825,0.02711750721,0.04523423829,0.0
0.1805963384,0.4833134504,0.0,0.2534884444,0.0283301297,0.05427163719,0.0
0.1271135961,0.608985758,0.0,0.2172842803,0.005858998004,0.04075736758,0.0
0.1529656328,0.7341505413,0.0,0.04747573721,0.03928632354,0.02612176518,0.0
0.1571669674,0.5622121887,0.0,0.1956652165,0.02536618726,0.05958944016,0.0
0.2287002647,0.6110078084,0.0,0.1505593327,0.004176380429,0.005556213742,0.0
0.1294002414,0.4520895866,0.0,0.3369238816,0.03040296126,0.05118332904,0.0
0.1671081632,0.6899938015,0.0,0.104967829,0.02027123376,0.01765897254,0.0
0.1318954948,0.5645078771,0.0,0.2684339984,0.02666472184,0.008497907912,0.0
0.2202138042,0.6820195735,0.0,0.01865478457,0.03556286206,0.04354897568,0.0
0.2134466546,0.4544026775,0.0,0.3019771345,0.01188250497,0.01829102842,0.0
0.2078481663,0.5824097747,0.0,0.1763358373,0.006468283052,0.02693793869,0.0
0.1607363883,0.6363349065,0.0,0.1407090027,0.02364667202,0.03857303039,0.0
0.1477716686,0.6802186914,0.0,0.1243054024,0.005653581171,0.04205065639,0.0
0.1368218738,0.5157952171,0.0,0.3160074649,0.01720330132,0.01417214281,0.0
0.2290723935,0.6847756394,0.0,0.007238560457,0.02995599634,0.04895741029,0.0
0.191027123,0.6034437905,0.0,0.1967834906,0.002102046191,0.006643549703,0.0
0.1576318035,0.7042719086,0.0,0.08974213475,0.01453905092,0.03381510223,0.0
0.1275062499,0.5187199981,0.0,0.282425709,0.01603119122,0.05531685186,0.0
0.1840692281,0.6082909187,0.0,0.1677695951,0.009090887117,0.03077937104,0.0
0.2159673102,0.5315942804,0.0,0.1988564498,0.02081149939,0.03277046014,0.0
0.1714005852,0.446940086,0.0,0.3076270473,0.03431444741,0.03971783398,0.0
0.2028456126,0.7382426025,0.0,0.02424475095,0.01126450499,0.02340252893,0.0
0.1193112016,0.5950476971,0.0,0.2332498743,0.003023916279,0.04936731076,0.0
0.1049954631,0.5163124649,0.0,0.3378771353,0.008188154905,0.03262678182,0.0
0.1803628677,0.6690978615,0.0,0.1264186693,0.01659149959,0.007529101993,0.0
0.1901727318,0.4855522441,0.0,0.2384717385,0.03196356836,0.05383971725,0.0
0.1970135617,0.4680568834,0.0,0.2639618947,0.02432981071,0.04663784945,0.0
0.210224178,0.7030487929,0.0,0.06854877358,0.002565901625,0.01561235389,0.0
0.1528469895,0.6158387729,0.0,0.1810226146,0.01012549414,0.04016612885,0.0
0.1425289642,0.6245688635,0.0,0.1664688958,0.01715245575,0.04928082077,0.0
0.1658760163,0.538242939,0.0,0.2688840921,0.004998652604,0.0219983,0.0
0.2112833632,0.6166621884,0.0,0.1021260165,0.03604614492,0.03388228695,0.0
0.1476532134,0.5647006401,0.0,0.2442255824,0.01334390539,0.03007665866,0.0
0.1263349543,0.5981016018,0.0,0.2253798226,0.03338781629,0.01679580497,0.0
0.1749318173,0.6802054783,0.0,0.06392401199,0.02701893732,0.05391975502,0.0
0.2021509537,0.6181770523,0.0,0.09071991401,0.03060296338,0.0583491166,0.0
0.1150791531,0.4970365915,0.0,0.341687693,0.0220554654,0.02414109701,0.0
0.1570055941,0.535091844,0.0,0.2354037493,0.03664670391,0.03585210869,0.0
0.2387344276,0.6545972631,0.0,0.07771173284,0.008600936545,0.02035563997,0.0
0.1410739709,0.4969894274,0.0,0.2987883638,0.01856111324,0.04458712468,0.0
0.1376358739,0.6681300484,0.0,0.1522269698,0.0319709562,0.01003615167,0.0
0.1246283815,0.6009091732,0.0,0.1920994742,0.0233380355,0.05902493562,0.0
0.1903349514,0.6759759974,0.0,0.0739831598,0.03148959683,0.02821629463,0.0
0.1791171327,0.4849357107,0.0,0.2822682647,0.01776986964,0.03590902222,0.0
0.1886324863,0.6369779352,0.0,0.1264798821,0.02768770953,0.02022198682,0.0
0.1132409184,0.4812553576,0.0,0.3240924111,0.03245401711,0.04895729572,0.0
0.1660674988,0.72224708,0.0,0.03576141627,0.03263556796,0.043288437,0.0
0.1848203333,0.5589463421,0.0,0.2247058444,0.02023772917,0.01128975107,0.0
0.2309084186,0.6528167319,0.0,0.04550583821,0.01167942067,0.05908959063,0.0
0.140450659,0.5506252986,0.0,0.2677764342,0.03691369027,0.004233917934,0.0
0.1357786869,0.6391042657,0.0,0.163025013,0.02616698807,0.03592504627,0.0
0.11458876,0.5176997025,0.0,0.3476684136,0.00987254492,0.010170579,0.0
0.1764270436,0.6808973822,0.0,0.09364356268,0.003577502473,0.04545450903,0.0
0.1902538003,0.549855193,0.0,0.2155050442,0.02386288306,0.02052307944,0.0
0.2116303905,0.6798242068,0.0,0.05571017639,0.01679032957,0.03604489672,0.0
0.1420107296,0.6263999131,0.0,0.219668143,0.009603484341,0.002317729981,0.0
0.1608296535,0.653058419,0.0,0.1562969261,0.002143802872,0.02767119855,0.0
0.1460731919,0.4843500377,0.0,0.2981797398,0.01336020422,0.05803682633,0.0
0.1450072076,0.5422439505,0.0,0.2553802505,0.005625234391,0.05174335696,0.0
0.1619010279,0.7906625822,0.0,0.009055474128,0.0184783789,0.01990253683,0.0
0.1459840503,0.7232568357,0.0,0.1135521205,0.01388005072,0.003326942734,0.0
0.2285280416,0.5702635573,0.0,0.150355389,0.0299669466,0.02088606548,0.0
0.1720028854,0.5637112594,0.0,0.2046050731,0.01681017288,0.04287060932,0.0
0.1819174614,0.7458279543,0.0,0.05523550885,0.005388150872,0.01163092462,0.0
0.1226289013,0.5513868815,0.0,0.3044867245,0.002892997458,0.01860449524,0.0
0.1955373202,0.6112600723,0.0,0.1322861912,0.00979480432,0.05112161203,0.0
0.1676011145,0.496094973,0.0,0.3101095803,0.02056256662,0.005631765616,0.0
0.190839522,0.7260285372,0.0,0.01293019244,0.009228668717,0.06097307967,0.0
0.1248267762,0.5707711901,0.0,0.2629246248,0.01534681498,0.02613059396,0.0
0.1499894036,0.6954105544,0.0,0.08220305973,0.02002251712,0.05237446515,0.0
0.1523556739,0.6079979228,0.0,0.1887988716,0.03106384637,0.01978368531,0.0
0.2125418178,0.5891589725,0.0,0.1385102807,0.01565466977,0.04413425925,0.0
0.1592660954,0.4878345038,0.0,0.3017137696,0.02485718781,0.02632844338,0.0
0.1488159192,0.6413762228,0.0,0.1144568827,0.03714339035,0.05820758489,0.0
0.136406871,0.5680162863,0.0,0.2320850936,0.02952457357,0.03396717546,0.0
0.2106411802,0.7294793566,0.0,0.03065073917,0.02423685918,0.004991864812,0.0
0.1870983631,0.4317308473,0.0,0.3178460241,0.006623859737,0.05670090574,0.0
0.2014377023,0.5312169394,0.0,0.2042139313,0.01282294609,0.05030848095,0.0
0.1698443465,0.6124916934,0.0,0.1708926646,0.03387646557,0.01289482998,0.0
0.1117080544,0.532515196,0.0,0.2874546651,0.02577550728,0.04254657717,0.0
0.1250154274,0.5971664709,0.0,0.2477255192,0.0186638827,0.01142869988,0.0
0.1974132649,0.7106321327,0.0,0.04079381821,0.00700756118,0.04415322294,0.0
0.172873201,0.4549253191,0.0,0.3285482977,0.02229712143,0.02135606076,0.0
0.177221319,0.6120799441,0.0,0.1622958962,0.01303973982,0.03536310088,0.0
0.1683041273,0.7244568988,0.0,0.07252284323,0.00810445795,0.02661167268,0.0
0.1844792409,0.5668118621,0.0,0.1753712003,0.01533105079,0.05800664593,0.0
0.1234390757,0.4934131896,0.0,0.3257807356,0.004118993673,0.05324800542,0.0
0.1491883974,0.6901628471,0.0,0.1295410017,0.01218209521,0.01892565863,0.0
0.1107328569,0.5052737188,0.0,0.3018156234,0.02348122393,0.05869657706,0.0
0.1645651882,0.6269675637,0.0,0.1441682944,0.03711374542,0.0271852083,0.0
0.1940110443,0.5755536492,0.0,0.1833629418,0.009642441141,0.03742992352,0.0
0.2134867995,0.449369133,0.0,0.2860354442,0.008697382635,0.04241124061,0.0
0.1216078038,0.5461013341,0.0,0.2491466414,0.03226663178,0.05087758884,0.0
0.1615196505,0.6631806384,0.0,0.09754744137,0.03601475722,0.0417375124,0.0
0.1472543808,0.4810421791,0.0,0.3317679588,0.02734104783,0.01259443344,0.0
0.2142837158,0.5506345115,0.0,0.1614461676,0.0169582031,0.05667740195,0.0
0.1611060852,0.5902428598,0.0,0.2142050818,0.0295512613,0.004894711891,0.0
0.1468366201,0.7287707585,0.0,0.06598547262,0.02292688059,0.03548026824,0.0
0.1319312896,0.643486576,0.0,0.1462052682,0.02762533439,0.05075153184,0.0
0.1375553951,0.5158141329,0.0,0.292542012,0.03388267299,0.02020578706,0.0
0.1610882352,0.5350967137,0.0,0.2545273003,0.02137937503,0.02790837585,0.0
0.1769327398,0.7168633251,0.0,0.01851134522,0.02992954799,0.0577630419,0.0
0.10858374,0.4799169789,0.0,0.3421288842,0.03448016259,0.03489023424,0.0
0.2072481558,0.6646048161,0.0,0.09911094481,0.02476383716,0.004272246051,0.0
0.1736584155,0.5001949153,0.0,0.2585845075,0.01576865083,0.051793511,0.0
0.186933651,0.7194986685,0.0,0.04757609825,0.03413048377,0.01186109855,0.0
0.1316987529,0.5958198836,0.0,0.2086300369,0.0202179314,0.04363339516,0.0
0.1671698859,0.7877476863,0.0,0.02682656281,0.01576231433,0.002493550636,0.0
0.1477333559,0.5777652222,0.0,0.2296606481,0.007249805019,0.0375909689,0.0
0.2263085667,0.6373863638,0.0,0.08744975351,0.02080674971,0.0280485663,0.0
0.168546797,0.5086095326,0.0,0.2687119868,0.01099834868,0.0431333349,0.0
0.1512063751,0.6591150004,0.0,0.175530034,0.003706679491,0.01044191098,0.0
0.1475571151,0.6256111643,0.0,0.201260742,0.00632350035,0.01924747815,0.0
0.1933617014,0.6542982873,0.0,0.08321352992,0.01873742265,0.05038905874,0.0
0.2023594091,0.4759255114,0.0,0.2783373945,0.030006968,0.01337071695,0.0
0.1956447889,0.5317160159,0.0,0.2388276865,0.02711675909,0.006694749656,0.0
0.1081794313,0.5210663376,0.0,0.3312861563,0.01189987708,0.02756819769,0.0
0.1604837824,0.7773976193,0.0,0.01523415238,0.004895323153,0.04198912282,0.0
0.1577123942,0.5565545387,0.0,0.2590549422,0.01126703661,0.01541108818,0.0
0.2133410685,0.5861091776,0.0,0.1158390865,0.03772472179,0.04698594563,0.0
0.1578044039,0.5391926063,0.0,0.2874541956,0.008211372545,0.007337421672,0.0
0.1562407328,0.6577670075,0.0,0.1385873252,0.01525185092,0.03215308359,0.0
0.135379693,0.5854517146,0.0,0.209647589,0.01256424768,0.05695675572,0.0
0.2174817347,0.4794470091,0.0,0.2444907463,0.0260581553,0.03252235464,0.0
0.1816821602,0.518076594,0.0,0.2290279484,0.02955444263,0.0416588547,0.0
0.1737329306,0.6744096091,0.0,0.1100149758,0.01923827742,0.02260420707,0.0
0.1010832534,0.479580765,0.0,0.3631221173,0.00662221849,0.04959164573,0.0
0.1381022438,0.6294332067,0.0,0.1784456883,0.02946257205,0.0245562891,0.0
0.1314505521,0.5019847988,0.0,0.2840425574,0.0215906821,0.06093140963,0.0
0.2369609867,0.690162725,0.0,0.06325606761,0.005197456371,0.004422764337,0.0
0.1645202636,0.5321372177,0.0,0.2171839074,0.0345414553,0.05161715598,0.0
0.1713005723,0.7517400644,0.0,0.03029404004,0.02957758264,0.01708774061,0.0
0.1306962581,0.5256874837,0.0,0.3131027768,0.02090105071,0.009612430641,0.0
0.1870969527,0.627525286,0.0,0.1084458006,0.03325449883,0.04367746183,0.0
0.2183170291,0.5206555623,0.0,0.2254777122,0.01595070508,0.01959899141,0.0
0.1913073099,0.4895987156,0.0,0.2892259112,0.002447143327,0.02742092005,0.0
0.1818131978,0.6754188023,0.0,0.08028303671,0.02555148028,0.03693348288,0.0
0.1291824917,0.6340098175,0.0,0.1987530518,0.03646217498,0.001592464023,0.0
0.1130661081,0.5646389955,0.0,0.2732334329,0.03151808312,0.01754338032,0.0
0.1667643089,0.6052167893,0.0,0.1549947717,0.02078820782,0.05223592225,0.0
0.2192796898,0.5697740058,0.0,0.1892237508,0.009230346292,0.01249220724,0.0
0.1899638488,0.4664597376,0.0,0.3277906035,0.01044590159,0.005339908544,0.0
0.2024135685,0.6679081958,0.0,0.03474059191,0.0367315687,0.05820607515,0.0
0.1401500672,0.5714867433,0.0,0.23886158,0.0241277017,0.02537390775,0.0
0.1482366858,0.4690411305,0.0,0.3181528977,0.02766448001,0.03690480606,0.0
0.2100828782,0.6298599231,0.0,0.1381912357,0.002045051423,0.01982091159,0.0
0.1559422982,0.5894258348,0.0,0.181414414,0.02766660929,0.04555084373,0.0
0.1571096324,0.7222450337,0.0,0.07584191629,0.03599867587,0.00880474178,0.0
0.195728444,0.7766382709,0.0,0.007605138932,0.01299812562,0.007030020518,0.0
0.1614758476,0.4540859095,0.0,0.295716806,0.03282189722,0.05589953966,0.0
0.202071939,0.6270371088,0.0,0.1503453164,0.006506719231,0.01403891653,0.0
0.1194766492,0.5101314191,0.0,0.312294243,0.01745879282,0.04063889584,0.0
0.1712606208,0.7089395163,0.0,0.06036202899,0.01124134608,0.04819648785,0.0
0.1686735972,0.5883085121,0.0,0.2157485982,0.004186748036,0.02308254444,0.0
0.1369120802,0.4885568964,0.0,0.329870745,0.01391127567,0.03074900277,0.0
0.1445348711,0.6944848919,0.0,0.09529391251,0.007835910338,0.05785041418,0.0
0.1063802326,0.5089858296,0.0,0.3446627693,0.0337660875,0.006205081059,0.0
0.1839814573,0.6610038159,0.0,0.094327608,0.02812206668,0.03256505212,0.0
0.2044820074,0.5492345652,0.0,0.2194833823,0.002266625105,0.02453342002,0.0
0.2166000888,0.4892515949,0.0,0.2607740487,0.01724946305,0.01612480458,0.0
0.1933677416,0.672356966,0.0,0.06476985807,0.02984192929,0.03966350498,0.0
0.1440252768,0.597188307,0.0,0.2233560754,0.02144924556,0.01398109524,0.0
0.1519544189,0.6480817609,0.0,0.152543203,0.02436803683,0.02305258041,0.0
0.1539404548,0.4790555392,0.0,0.2871428358,0.03477441664,0.04508675355,0.0
0.2325980537,0.6479771837,0.0,0.1065016683,0.00970444119,0.003218653084,0.0
0.1374092303,0.5415709981,0.0,0.245656403,0.01995852796,0.05540484071,0.0
0.1336283355,0.6169728198,0.0,0.1867477146,0.007276682137,0.05537444794,0.0
0.1891158761,0.7102010961,0.0,0.06841897073,0.01523932466,0.0170247324,0.0
0.1649357302,0.4905220822,0.0,0.2742884709,0.0308897808,0.03936393588,0.0
0.2027077162,0.6435468761,0.0,0.1252886263,0.003933872639,0.02452290874,0.0
0.1093953745,0.4869510268,0.0,0.3306358264,0.01060241207,0.06241536015,0.0
0.1763800791,0.7200568439,0.0,0.04484678662,0.01907642848,0.03963986193,0.0
0.1512860408,0.5530646733,0.0,0.2754109589,0.01238094469,0.007857382305,0.0
0.1406917438,0.6939449999,0.0,0.09312446767,0.006808228996,0.06543055959,0.0
0.161837751,0.5979294557,0.0,0.1976465886,0.01909706913,0.02348913554,0.0
0.2252032154,0.5716865106,0.0,0.1411735946,0.03016895991,0.03176771957,0.0
0.1621072782,0.6503636102,0.0,0.1190078356,0.01319171582,0.0553295602,0.0
0.131349246,0.5776232371,0.0,0.2291518343,0.01513065387,0.04674502877,0.0
0.2268255439,0.732608952,0.0,0.02288059375,0.008555514024,0.009129396342,0.0
0.2124339506,0.4273403585,0.0,0.2972353421,0.01881936972,0.04417097902,0.0
0.1804874201,0.5296947034,0.0,0.1997187367,0.03652090727,0.05357823251,0.0
0.1203752448,0.5454971965,0.0,0.2907443205,0.004295583692,0.03908765454,0.0
0.1466587961,0.6923192355,0.0,0.1081224036,0.03743452555,0.01546503928,0.0
0.1209432633,0.4719905995,0.0,0.3439768276,0.02347955992,0.03960974966,0.0
0.2433757475,0.6989669595,0.0,0.03631716156,0.002989079905,0.01835105149,0.0
0.1843398454,0.5607412831,0.0,0.1916470823,0.03301629488,0.0302554943,0.0
0.1730581366,0.7502967704,0.0,0.04717533255,0.02216172388,0.007308036564,0.0
0.1243796841,0.5224706105,0.0,0.2965801534,0.02721172183,0.0293578301,0.0
0.1753529182,0.6001076987,0.0,0.1347644085,0.03560939321,0.05416558145,0.0
0.179163277,0.4881549688,0.0,0.3177721402,0.005185218703,0.009724395295,0.0
0.201328361,0.7059967457,0.0,0.02168575078,0.02305692796,0.0479322146,0.0
0.1155324177,0.5626925089,0.0,0.2703119261,0.02913488375,0.02232826342,0.0
0.140566847,0.6798636846,0.0,0.1206696782,0.02097284586,0.03792694428,0.0
0.145010245,0.5128039378,0.0,0.3078469237,0.03162596506,0.00271292847,0.0
0.1770475117,0.6009649141,0.0,0.1875394516,0.02436356304,0.01008455954,0.0
0.1605676386,0.6796696067,0.0,0.07898538117,0.03653030628,0.04424706718,0.0
0.1185074922,0.5171672407,0.0,0.2857070242,0.02765328249,0.05096496044,0.0
0.197919132,0.5955370548,0.0,0.1658002893,0.02229294536,0.01845057852,0.0
0.1637526604,0.4655134153,0.0,0.3265894613,0.01378718722,0.0303572758,0.0
0.1831095083,0.7209484008,0.0,0.03278341066,0.0358729691,0.02728571116,0.0
0.1192924257,0.5594173881,0.0,0.2343218284,0.02713202806,0.05983632973,0.0
0.1648776683,0.7425499358,0.0,0.05790551302,0.01247391588,0.02219296702,0.0
0.206609571,0.6002001645,0.0,0.1568328107,0.02737773482,0.008979718947,0.0
0.1401148341,0.4477787015,0.0,0.3398616095,0.01711825256,0.05512660236,0.0
0.1568567474,0.6944041142,0.0,0.111491962,0.006679198013,0.03056797835,0.0
0.1439316295,0.5824616984,0.0,0.2649071742,0.003895341695,0.004804156316,0.0
0.217590786,0.7246327802,0.0,0.01214898118,0.01149394267,0.03413350991,0.0
0.1889973476,0.4582663146,0.0,0.2940130378,0.0367451974,0.02197810255,0.0
0.2276313617,0.5700509961,0.0,0.1671755349,0.0201474615,0.0149946458,0.0
0.1715111754,0.6385662324,0.0,0.1398008154,0.007682887264,0.04243888952,0.0
0.1134784724,0.5560552748,0.0,0.303362082,0.01429811504,0.01280605577,0.0
0.1239730906,0.6122619192,0.0,0.2230510657,0.01156729746,0.02914662693,0.0
0.1878126721,0.6919836046,0.0,0.0571601908,0.004735608774,0.05830792372,0.0
0.2168682705,0.5376499838,0.0,0.2060904602,0.03149088005,0.007900405481,0.0
0.1980130052,0.6455176329,0.0,0.09208309302,0.01546051275,0.04892575609,0.0
0.1229489357,0.5061165414,0.0,0.3423298599,0.0078543631,0.02075029995,0.0
0.1691982447,0.5315870645,0.0,0.2463809858,0.01249983941,0.04033386559,0.0
0.2214075458,0.6518320273,0.0,0.07931628322,0.02353380334,0.02391034034,0.0
0.1358359357,0.5144964922,0.0,0.3092110885,0.006884050729,0.03357243285,0.0
0.1463498451,0.6716695224,0.0,0.1572427776,0.01893221394,0.005805640881,0.0
0.1062435313,0.4940911596,0.0,0.3342053437,0.02154907572,0.04391088971,0.0
0.1666604313,0.6627096877,0.0,0.1290374575,0.02986258626,0.01172983729,0.0
0.1838496582,0.5068879191,0.0,0.2476475915,0.01698123247,0.04463359871,0.0
0.2188029406,0.6738548414,0.0,0.07416671096,0.02971105294,0.003464454111,0.0
0.1401765883,0.6019337025,0.0,0.1873954762,0.03499604361,0.03549818931,0.0
0.1445076987,0.6036868815,0.0,0.1596911345,0.03268382188,0.05943046343,0.0
0.1546859995,0.5334844234,0.0,0.2654612449,0.02085373174,0.0255146004,0.0
0.2347115234,0.6229000446,0.0,0.09425512836,0.01018745045,0.0379458532,0.0
0.1548790827,0.5609867115,0.0,0.2300383223,0.03619837798,0.01789750556,0.0
0.153857027,0.7309786514,0.0,0.03552838267,0.02561603989,0.05401989906,0.0
0.1477696377,0.6375309601,0.1448217425,0.0247126575,0.0199701191,0.02519488302,0.0
0.0995292152,0.3822146752,0.1262767356,0.3133555579,0.008011530563,0.07061228554,0.0
0.2217166393,0.6314154652,0.05967382579,0.04521395636,0.02980655698,0.01217355635,0.0
0.1665796023,0.2281950889,0.1819287566,0.3423712153,0.04076232148,0.04016301537,0.0
0.1358522566,0.6132274676,0.0449392532,0.1757018644,0.003593971398,0.02668518681,0.0
0.1446055272,0.3796020882,0.1517717633,0.2669881282,0.02214332089,0.03488917215,0.0
0.1936697202,0.6757646774,0.005624156676,0.07698406535,0.01504975178,0.03290762855,0.0
0.1764587206,0.4322543898,0.05444009782,0.2836976366,0.03542966893,0.01771948619,0.0
0.2304937164,0.4507648714,0.190111897,0.03877453192,0.02993208679,0.05992289649,0.0
0.1349976286,0.5619107194,0.08216424915,0.203031111,0.01109691827,0.006799373651,0.0
0.193753882,0.3550605313,0.08625523264,0.3371313292,0.002052685166,0.02574633968,0.0
0.2056329333,0.4776692444,0.1631619208,0.08809680388,0.01262691464,0.05281218297,0.0
0.1487640014,0.5297226028,0.04772024308,0.2342105329,0.02483238096,0.01475023882,0.0
0.1023541051,0.3440644564,0.1608658195,0.3573355089,0.03092284338,0.004457266726,0.0
0.1343051381,0.6521917924,0.1067137428,0.03793535511,0.02226779311,0.04658617847,0.0
0.1810129357,0.5695791016,0.07425384779,0.120243162,0.03829556455,0.01661538829,0.0
0.1170299462,0.4638354175,0.27177501,0.08357376126,0.02651457812,0.03727128699,0.0
0.1806459256,0.3921612063,0.1107348971,0.2610238266,0.01941162464,0.03602251983,0.0
0.1034983831,0.4597767309,0.023871755,0.3267251402,0.03050018485,0.05562780593,0.0
0.1311346493,0.2911293669,0.1281950443,0.3724139002,0.0138827777,0.06324426159,0.0
0.1657695781,0.6458314905,0.01816388266,0.1402457038,0.02748926938,0.002500075583,0.0
0.1647595646,0.5293536335,0.1990736974,0.05269038976,0.0366330608,0.01748965395,0.0
0.1838033085,0.5365348541,0.03712434758,0.1852388456,0.008822171805,0.04847647238,0.0
0.09569127869,0.4492191563,0.06763688075,0.3246036629,0.02260168113,0.04024734023,0.0
0.1035519047,0.4954419755,0.1595063438,0.1506413381,0.02757548292,0.06328295503,0.0
0.139551214,0.4619524785,0.1100295097,0.2225501409,0.03551518946,0.03040146751,0.0
0.2144248911,0.4835264887,0.0762385397,0.1626843866,0.0169115843,0.04621410964,0.0
0.1912957289,0.3399975542,0.1676256032,0.2879165096,0.007365049649,0.005799554457,0.0
0.1558554839,0.6403212818,0.05481188298,0.05660554606,0.03090406927,0.06150173596,0.0
0.1415012462,0.3366191445,0.2156941358,0.2559603568,0.03435296184,0.01587215495,0.0
0.1761311922,0.6589835688,0.09251815123,0.01013924824,0.005890997314,0.0563368422,0.0
0.1533011293,0.428120613,0.1942159069,0.1765798968,0.02600498155,0.02177747245,0.0
0.1362960203,0.4215571944,0.03560546003,0.3455072632,0.01649600994,0.04453805215,0.0
0.122143253,0.4603668969,0.1500119851,0.2273116052,0.003067134667,0.03709912518,0.0
0.1227532721,0.1986852213,0.2364136038,0.3511470658,0.03114403048,0.05985680659,0.0
0.1420712344,0.6057110695,0.1183456095,0.1073697289,0.01422081972,0.01228153795,0.0
0.1720670858,0.3580751992,0.1901261743,0.2007478529,0.02924641422,0.04973727364,0.0
0.1851122385,0.701067296,0.04242206637,0.03917973078,0.01154218932,0.02067647902,0.0
0.1620342973,0.5029298169,0.1318921623,0.1631863766,0.006035845099,0.03392150177,0.0
0.1561268744,0.4340390623,0.01444389444,0.3351022995,0.02949589214,0.0307919772,0.0
0.1151977279,0.5634717346,0.1964217625,0.06134958111,0.01432659197,0.04923260194,0.0
0.1349453474,0.3703897481,0.2111577748,0.1825169973,0.04241296155,0.05857717079,0.0
0.1224398033,0.4149531155,0.08707332105,0.3583148256,0.003269249931,0.01394968465,0.0
0.2309090331,0.5607243141,0.1007890576,0.01951121831,0.02606117264,0.06200520417,0.0
0.1791626297,0.3430199619,0.1365075223,0.2855097313,0.03459989136,0.02120026335,0.0
0.1406334127,0.5016378236,0.09738102139,0.1903314367,0.03380445755,0.03621184807,0.0
0.1608267791,0.5240316548,0.2203352083,0.006557691667,0.03207070096,0.05617796523,0.0
0.1832471768,0.4803694254,0.0833659184,0.2208891926,0.01476048889,0.01736779792,0.0
0.1050433796,0.5012298502,0.05033805634,0.3009851293,0.03646198363,0.005941600919,0.0
0.2049802127,0.5942070127,0.1467705142,0.03232127774,0.01878196453,0.00293901815,0.0
0.1637916882,0.5292050215,0.02843999365,0.1990897431,0.01997565493,0.0594978986,0.0
0.170378959,0.2893416145,0.2267292588,0.2591244114,0.01230505672,0.04212069951,0.0
0.1439894387,0.6386643337,0.07240438793,0.08959599247,0.0257254043,0.02962044294,0.0
0.2185532781,0.4703098097,0.2231741559,0.060717354,0.008306978487,0.01893842375,0.0
0.1162512035,0.4630915924,0.06324373973,0.2792381638,0.02980158688,0.04837371368,0.0
0.1762776798,0.5218830009,0.1214014372,0.1353205611,0.01275944826,0.0323578728,0.0
0.1612916446,0.7557469165,0.02035227475,0.01706650115,0.03593430052,0.009608362432,0.0
0.1238302622,0.3158422798,0.1826957718,0.3410481834,0.02034707421,0.01623642856,0.0
0.1747042589,0.5799918484,0.05860863094,0.1145380596,0.02338402655,0.04877317563,0.0
0.1460534142,0.5127992688,0.1532358764,0.07886178936,0.04085878059,0.06819087057,0.0
0.2276243847,0.5406112576,0.004292350607,0.2198471968,0.004699523715,0.002925286578,0.0
0.1741554367,0.3212646481,0.2745294844,0.1647510327,0.01570233003,0.0495970681,0.0
0.2260161591,0.4467356393,0.09050607112,0.1862538007,0.03946093564,0.01102739424,0.0
0.1946321091,0.4852461696,0.1532335362,0.09908956935,0.03207052142,0.03572809431,0.0
0.1383824089,0.503519806,0.009866414465,0.3047962181,0.01280495533,0.03063019725,0.0
0.1168181566,0.4017775116,0.1745642745,0.2768308928,0.008627291396,0.02138187315,0.0
0.2173602916,0.5818847955,0.0435565994,0.08102422496,0.03447108898,0.04170299961,0.0
0.182848758,0.2135215132,0.2024560428,0.3683702406,0.02546374628,0.007339699128,0.0
0.1082149738,0.5376559999,0.09677279112,0.1761072928,0.01817513459,0.06307380784,0.0
0.1131144961,0.4358275195,0.2613055568,0.1554205163,0.01836888318,0.0159630281,0.0
0.1930326496,0.3916193072,0.06856916466,0.2767583556,0.02167802594,0.04834249691,0.0
0.1280830382,0.5593129203,0.03253559231,0.2349284101,0.005115366058,0.04002467308,0.0
0.14400651,0.5573145402,0.002411730659,0.209179036,0.03580117122,0.05128701182,0.0
0.1945145725,0.5474993733,0.05320100614,0.1786206503,0.01995526972,0.006209127989,0.0
0.2022432562,0.271099116,0.193873209,0.2760980326,0.009380180043,0.04730620619,0.0
0.1424650143,0.6467244871,0.08677437439,0.06939576955,0.03384913848,0.02079121618,0.0
0.142312042,0.4918432237,0.1288740737,0.1621117164,0.02695134381,0.04790760032,0.0
0.1370037354,0.5006849482,0.2427338888,0.0368548685,0.03518097515,0.04754158392,0.0
0.2025993648,0.5022507953,0.06392552866,0.199714024,0.007156397448,0.02435388972,0.0
0.2120326474,0.4217185237,0.1856719026,0.1079946948,0.01820060313,0.05438162841,0.0
0.1179545678,0.4866211075,0.03985369542,0.3235524144,0.01950760561,0.01251060938,0.0
0.1273354951,0.5102154046,0.2063174471,0.09330939572,0.00596186173,0.05686039577,0.0
0.1495783609,0.352419042,0.2359219182,0.1693723475,0.02421597714,0.06849235429,0.0
0.1172113242,0.4130253184,0.07235930683,0.3773124605,0.01528554688,0.004806043237,0.0
0.2156442687,0.5460353104,0.1050736101,0.03847991318,0.03897283189,0.05579406577,0.0
0.1398961045,0.6746837709,0.02877789435,0.1093030398,0.01020910547,0.03713008497,0.0
0.130071607,0.3826691336,0.1715204369,0.2390919773,0.03646449529,0.04018234995,0.0
0.2146017081,0.6807375342,0.05109954278,0.01776114423,0.009037387887,0.02676268281,0.0
0.1195568114,0.4777553264,0.1719267333,0.1892403087,0.01415773643,0.0273630838,0.0
0.2012189182,0.4293306132,0.01100350686,0.2943639272,0.02739694125,0.03668609322,0.0
0.2473062853,0.4071968199,0.2431782577,0.0533693483,0.04511685037,0.003832438509,0.0
0.09821593685,0.4391809731,0.09959593721,0.2915917455,0.002963592265,0.0684518151,0.0
0.1039387609,0.2281240415,0.2850004023,0.2895783865,0.02699326518,0.06636514358,0.0
0.1548873967,0.6079735845,0.110761928,0.09760704396,0.01938799437,0.009382052454,0.0
0.1555609253,0.5055317647,0.2166361705,0.1120000214,0.004044551923,0.006226566183,0.0
0.1335628131,0.3854475802,0.07376843397,0.3103202441,0.03793718895,0.05896373979,0.0
0.1167517828,0.5510955349,0.06011685784,0.2079976871,0.01257079472,0.05146734267,0.0
0.1833475804,0.4782670757,0.1312614743,0.1303241317,0.03391280807,0.04288692982,0.0
0.1550078132,0.5079829986,0.02113254387,0.287495307,0.005883138189,0.0224981992,0.0
0.1311715988,0.237482907,0.2159007045,0.3595705604,0.03854705232,0.01732717697,0.0
0.1404171219,0.3387030871,0.191546414,0.3182079169,0.00213351545,0.008991944675,0.0
0.159275138,0.5899622641,0.03266627927,0.1261590303,0.03485814783,0.05707914061,0.0
0.1633922018,0.5561091945,0.1409040949,0.05816919457,0.02258298677,0.05884232744,0.0
0.1855228566,0.5061642538,0.02192704547,0.2594343334,0.01670951945,0.01024199134,0.0
0.2453653039,0.3046064529,0.2268401498,0.181549748,0.007040591222,0.03459775426,0.0
0.1076872412,0.4954923188,0.1790101001,0.1611886744,0.04049967726,0.01612198833,0.0
0.1693187822,0.4678777264,0.2290836491,0.08714470252,0.01675020004,0.02982493969,0.0
0.1433412778,0.4469853156,0.09219692152,0.2484206094,0.02827014847,0.04078572725,0.0
0.227208168,0.3619601891,0.1402744575,0.1887539937,0.01991211906,0.06189107261,0.0
0.1192478224,0.252110109,0.2061402361,0.3603075906,0.0170641217,0.04513012018,0.0
0.1607021264,0.6026113554,0.08247172401,0.1058668354,0.0207633295,0.02758462925,0.0
0.1335721073,0.4106906823,0.2878276979,0.1008677424,0.04109385272,0.02594791734,0.0
0.1031116829,0.4723749211,0.003680275215,0.3361950304,0.02325441642,0.06138367399,0.0
0.1720716262,0.4673040142,0.2057526813,0.07832298174,0.01012862429,0.06642007227,0.0
0.1496700331,0.5110334622,0.04394990723,0.2563464819,0.03190854916,0.007091566455,0.0
0.1068314866,0.3977205457,0.1364158312,0.31928241,0.02817092283,0.0115788037,0.0
0.1527970576,0.2886866553,0.2559596853,0.2604877504,0.005379221053,0.0366896303,0.0
0.1614904576,0.3668688459,0.1343439153,0.2745487666,0.03951453234,0.02323348228,0.0
0.1917429578,0.6895528471,0.02634566064,0.04868450644,0.002718003207,0.04095602477,0.0
0.1378424555,0.4542487602,0.1910867572,0.1538141403,0.01949225968,0.04351562714,0.0
0.1825708079,0.4725214538,0.02857357829,0.267619783,0.02311814675,0.02559623028,0.0
0.1142366013,0.5480459219,0.07876161048,0.2331704778,0.008457193236,0.01732819532,0.0
0.1357404138,0.3985294165,0.2886943984,0.1349673412,0.03112499051,0.0109434396,0.0
0.1221812964,0.3907290747,0.1024496631,0.3157046134,0.0103926567,0.0585426957,0.0
0.1432161152,0.2479678963,0.1566350022,0.3801201999,0.02238700459,0.04967378194,0.0
0.1417001403,0.6232776204,0.04775272024,0.1525579271,0.01616590589,0.01854568603,0.0
0.1208778197,0.5391751454,0.2339465671,0.07537087409,0.01261673819,0.01801285558,0.0
0.1819146946,0.3975036874,0.1686094351,0.1850872792,0.03856506354,0.02831984026,0.0
0.1306992837,0.4090834248,0.1505308447,0.2471790458,0.01598545697,0.04652194404,0.0
0.1072824048,0.1591487319,0.278282696,0.3486252105,0.03447964267,0.07218131416,0.0
0.1296163972,0.6029791758,0.118057289,0.139208673,0.006252972292,0.003885492818,0.0
0.1409227487,0.3552914564,0.2338734997,0.2325427345,0.03231776815,0.005051792613,0.0
0.1920819695,0.6425317966,0.06773342705,0.02391406201,0.01353054936,0.0602081955,0.0
0.142018417,0.3320148205,0.1207973495,0.3620567089,0.03353982335,0.009572880714,0.0
0.1385871567,0.5614030169,0.01648951999,0.2360583809,0.01781326547,0.02964866006,0.0
0.1194794541,0.4990306925,0.1492765693,0.1247927044,0.0352396007,0.07218097905,0.0
0.1809935679,0.4466642683,0.248170329,0.05109180841,0.02167526314,0.05140476324,0.0
0.1349133555,0.4948642143,0.1159544806,0.2077288034,0.02327599306,0.02326315309,0.0
0.2052069421,0.5425383497,0.06832081024,0.1413440466,0.004319814018,0.03827003731,0.0
0.1350769586,0.6745522493,0.03623963362,0.07272797516,0.02806728346,0.05333589984,0.0
0.09900903727,0.2838188122,0.1658493191,0.383945075,0.006661230971,0.06071652545,0.0
0.1974525851,0.5930613806,0.01254520704,0.1560617378,0.0296216042,0.01125748532,0.0
0.1590146091,0.6086700514,0.1807673034,0.01537033503,0.02836240382,0.007815297245,0.0
0.228562001,0.4703975833,0.04545519258,0.1918111906,0.01127389961,0.05250013286,0.0
0.2533338763,0.3892765488,0.1987066393,0.1367904284,0.002587771908,0.01930473525,0.0
0.1008197725,0.4365127928,0.08814295376,0.2921761611,0.03506485136,0.0472834684,0.0
0.1426356091,0.2920168047,0.1648956776,0.3439235312,0.03103756756,0.02549080983,0.0
0.148512268,0.5668876287,0.05212801669,0.1824189658,0.006595784402,0.04345733645,0.0
0.1912378687,0.5754107827,0.1664855919,0.01238635613,0.01270189127,0.04177750929,0.0
0.1882677101,0.5405568928,0.01266643718,0.2092411975,0.0241767094,0.0250910531,0.0
0.2305618435,0.3104613209,0.2401429283,0.1272958333,0.03995353805,0.05158453595,0.0
0.09938657501,0.4493748045,0.103033034,0.3302372399,0.002203881971,0.01576446456,0.0
0.1905002099,0.5045913473,0.2393915566,0.02858692778,0.0261146151,0.01081534339,0.0
0.1445019466,0.5030384534,0.07061028864,0.2059845593,0.01856838976,0.05729636235,0.0
0.1999296177,0.4912845476,0.107524901,0.1573019335,0.03947806361,0.004480936609,0.0
0.1869758305,0.3642584396,0.1343457884,0.2383362604,0.02883232627,0.04725135486,0.0
0.1632303811,0.6831899384,0.02963435985,0.09187217885,0.01459555627,0.01747758553,0.0
0.1321674469,0.308042935,0.2673931188,0.231348994,0.01456882702,0.04647867824,0.0
0.1687714383,0.5970408526,0.1277382703,0.04822668672,0.03137021725,0.0268525348,0.0
0.1206740189,0.4047496174,0.240216109,0.1712428036,0.03762966714,0.02548778403,0.0
0.1506295348,0.3810625773,0.06513695983,0.3526663045,0.007284122072,0.04322050148,0.0
0.1053822461,0.5125420207,0.04045856856,0.2516323687,0.02372877838,0.06625601753,0.0
0.1073801516,0.4230710242,0.1863779099,0.2461676329,0.02307066151,0.01393261982,0.0
0.1686893752,0.2807664284,0.2044675166,0.3049065918,0.006229583865,0.03494050411,0.0
0.1291786951,0.5768302494,0.08676528418,0.1387255265,0.03260395346,0.03589629127,0.0
0.1255106502,0.5514738625,0.1730070078,0.03747924985,0.03984575576,0.07268347384,0.0
0.1883575909,0.4225571235,0.2163280262,0.1120804563,0.01173450051,0.04894230257,0.0
0.1072022486,0.416838331,0.09127096956,0.3365357704,0.02615882635,0.02199385407,0.0
0.1950288728,0.5708858449,0.1017135905,0.08490705293,0.00534886712,0.04211577173,0.0
0.1985766279,0.2814778151,0.1450538647,0.344898979,0.0165419728,0.0134507404,0.0
0.1330427834,0.6277028364,0.01037100526,0.1554624579,0.02160665551,0.05181426159,0.0
0.1277314041,0.3294134887,0.1872666871,0.2930146672,0.002938465081,0.05963528781,0.0
0.1997346171,0.6565467564,0.02930603888,0.06517514271,0.03924873078,0.009988714106,0.0
0.1494789512,0.5385747766,0.1458522511,0.1321368842,0.02581417791,0.00814295891,0.0
0.1968542765,0.448560124,0.02314470765,0.2619661031,0.01687510321,0.05259968556,0.0
0.1079997121,0.4445926921,0.1212142051,0.2411092465,0.03479863795,0.05028550618,0.0
0.1682446027,0.3163256003,0.1115593094,0.3310993242,0.02306594673,0.04970521671,0.0
0.2241889293,0.5385209849,0.1261929763,0.04801171557,0.03519417664,0.02789121727,0.0
0.1414894044,0.5282520874,0.0194016488,0.2646380933,0.008720195531,0.03749857061,0.0
0.2108842559,0.5717034896,0.04238659172,0.1259164235,0.0277266001,0.02138263919,0.0
0.2213253678,0.2648083317,0.1984149678,0.2135005477,0.04068597023,0.0612648148,0.0
0.1508240992,0.7443861752,0.07109618806,0.02534004582,0.005015753152,0.003337738535,0.0
0.1046314701,0.480007752,0.1642807536,0.2225216579,0.007878909905,0.02067945647,0.0
0.1733202528,0.5320569048,0.1022966323,0.1125833336,0.01679367063,0.06294920588,0.0
0.2073628302,0.4406128271,0.07405979884,0.2343892678,0.03541340496,0.008161871146,0.0
0.2420772588,0.3860736172,0.1638739445,0.1457064034,0.02753943104,0.03472934503,0.0
0.0975468678,0.4166611917,0.06229525869,0.3823649055,0.01137658713,0.02975518921,0.0
0.1109689044,0.4751551548,0.1669468769,0.1860219417,0.00429615762,0.05661096461,0.0
0.1730602535,0.3587398012,0.2649687964,0.1014063959,0.03230073387,0.06952401914,0.0
0.1286522379,0.4903104234,0.1018669111,0.2583799793,0.01505312129,0.005737326882,0.0
0.1946292363,0.5365592307,0.08849436254,0.09183913141,0.03411045969,0.0543675794,0.0
0.1537391633,0.7081754178,0.05120952416,0.03010529106,0.01959987856,0.03717072511,0.0
0.1296439338,0.3527805353,0.1339879042,0.3078859877,0.03568474239,0.0400168966,0.0
0.1447225519,0.5373660189,0.199309507,0.07199734629,0.01954624658,0.02705832928,0.0
0.1976712976,0.478511094,0.03049998953,0.234860153,0.02042499053,0.03803247532,0.0
0.1824017386,0.3505707522,0.2346730567,0.1964081956,0.03348448946,0.00246176743,0.0
0.09731449096,0.4079748117,0.07869268532,0.3451252377,0.00610731701,0.06478545734,0.0
0.133395066,0.5422536678,0.2430482023,0.01898622135,0.02449883529,0.03781800721,0.0
0.194311462,0.4448316939,0.1984128175,0.1435303555,0.006856247087,0.0120574239,0.0
0.1310738455,0.4706467235,0.04112291239,0.273999181,0.03065915276,0.0524981849,0.0
0.1116401735,0.3646206497,0.1372865521,0.2964875245,0.02699673405,0.06296836611,0.0
0.1073087778,0.5111909087,0.1294680486,0.1921428031,0.03806563348,0.02182382828,0.0
0.1203743755,0.3460974993,0.2097290241,0.2802202247,0.0197838033,0.02379507315,0.0
0.1837500827,0.5952215687,0.07728956151,0.07496694346,0.02537424017,0.04339760343,0.0
0.1742792922,0.3833200007,0.1023397998,0.3107241152,0.003490512182,0.02584627995,0.0
0.1402164034,0.6186729024,0.00735010528,0.1923074462,0.02785719469,0.01359594792,0.0
0.188719709,0.4017444119,0.1577061284,0.2357563028,0.009188376087,0.006885071758,0.0
0.1266906888,0.4032454294,0.1745031769,0.2045509749,0.03091476598,0.06009496404,0.0
0.1515544932,0.4474801502,0.05116246384,0.325898866,0.01278948441,0.01111454226,0.0
0.09856789898,0.4595303407,0.09010351843,0.2792186737,0.03856775408,0.03401181415,0.0
0.1202574364,0.5790014704,0.1538045779,0.09874565405,0.03412279023,0.01406807101,0.0
0.1466987656,0.3730070063,0.252691729,0.1798397571,0.0179227378,0.02984000411,0.0
0.1037674738,0.346857621,0.1135478887,0.3723409203,0.0216614881,0.041824608,0.0
0.1343925136,0.2511178496,0.1872648154,0.3469983799,0.01048436447,0.06974207704,0.0
0.1623756522,0.5920256997,0.06811284748,0.1545998658,0.01254197631,0.01034395858,0.0
0.1448288435,0.5015622646,0.2877247773,0.05128380926,0.008467378512,0.006132926787,0.0
0.1621093494,0.4326851282,0.1218998124,0.1905238259,0.03137812208,0.06140376206,0.0
0.1031936017,0.5102137418,0.01739672932,0.3063667985,0.01543149451,0.04739763411,0.0
0.1883984061,0.5316281821,0.1724845653,0.02028370432,0.04180533803,0.04539980415,0.0
0.1720596431,0.5265096569,0.05390996714,0.2196180215,0.004376409039,0.02352630228,0.0
0.1432887493,0.2188354628,0.2760886796,0.3084224775,0.0359910189,0.01737361186,0.0
0.142610458,0.6215747914,0.1160633987,0.05521252274,0.009384604106,0.05515422511,0.0
0.1637242318,0.6297498271,0.0747831275,0.05638157483,0.03814829124,0.0372129475,0.0
0.1236384554,0.3765641888,0.2625578236,0.1545776959,0.02494124557,0.05772059076,0.0
0.1438021318,0.4080833954,0.117248387,0.2969280358,0.01615732987,0.01778072005,0.0
0.1317025933,0.5988577817,0.0249304607,0.2097316785,0.03057507364,0.004202412093,0.0
0.1865037358,0.5009319915,0.1673957802,0.1268137545,0.01494778408,0.003406953929,0.0
0.1271081498,0.4382329813,0.04537768366,0.3002182588,0.02809610788,0.06096681852,0.0
0.1036196548,0.3762985964,0.1603590488,0.270412044,0.03524869416,0.05406196172,0.0
0.1338613395,0.5553743688,0.1045717143,0.1516151171,0.02512446948,0.02945299076,0.0
0.1325959731,0.3134762392,0.1491897019,0.3339913436,0.02331008187,0.04743666032,0.0
0.1924670116,0.6736639321,0.005282251795,0.09139054148,0.01920572576,0.01799053727,0.0
0.1536080831,0.5106913703,0.1916776651,0.1017956063,0.005501931099,0.03672534409,0.0
0.1820511473,0.4651737511,0.05552870687,0.2276634243,0.03767792592,0.03190504445,0.0
0.1050712352,0.491561473,0.1438309403,0.1979639112,0.01727422591,0.0442982145,0.0
0.1422092544,0.4217350591,0.2632005862,0.07555759571,0.0352992139,0.06199829069,0.0
0.1387958794,0.4391321124,0.1241499958,0.2764586582,0.007525490895,0.01393786334,0.0
0.1969686972,0.3228295946,0.1852517338,0.2350669306,0.03747388611,0.02240915772,0.0
0.2234553077,0.495648943,0.1819504308,0.04036457796,0.02293347143,0.03564726907,0.0
0.1483010851,0.5809965769,0.03506664847,0.1877844462,0.0165876307,0.03126361263,0.0
0.09860974379,0.3181186074,0.1512074559,0.4068714609,0.00250762397,0.02268510808,0.0
0.1939398927,0.5612158549,0.02777842666,0.1386258589,0.03531195969,0.04312800714,0.0
0.1912459419,0.2654973715,0.2326411035,0.2751741199,0.02745479711,0.007986666165,0.0
0.1241128627,0.5887960057,0.1232304945,0.0863561537,0.01195716864,0.06554731472,0.0
0.1409754493,0.5043966801,0.2950675438,0.02489760939,0.01749523666,0.01716748078,0.0
0.1868310914,0.4311991666,0.09162972961,0.2112082679,0.02827848194,0.05085326257,0.0
0.2343069394,0.4186707747,0.1473440509,0.1340694191,0.04010089879,0.02550791711,0.0
0.1293573279,0.5277196376,0.0145427377,0.2842724822,0.003855607361,0.0402522072,0.0
0.1403124514,0.5908542754,0.1553479477,0.07523413948,0.03178759382,0.006463592149,0.0
0.130858974,0.3186771032,0.2970261569,0.2277121929,0.003920583481,0.02180498948,0.0
0.09803811008,0.3623931368,0.1061674601,0.344723051,0.03838684565,0.05029139634,0.0
0.1035755012,0.3500531108,0.2208334212,0.2583405938,0.02653517361,0.04066219947,0.0
0.2184763602,0.2694993734,0.158915629,0.2903462891,0.007929526054,0.05483282228,0.0
0.1311177912,0.6427725207,0.05882305964,0.1234075663,0.03434848305,0.009530579134,0.0
0.1649779962,0.4571810883,0.1289408366,0.2199885471,0.01163550825,0.01727602358,0.0
0.2158916856,0.6681973515,0.01443005348,0.02706582628,0.02731665075,0.04709843233,0.0
0.1071639051,0.4065746715,0.2042312913,0.1762357988,0.03420128726,0.07159304613,0.0
0.2044608077,0.4268326535,0.03756043346,0.3232676458,0.005525474313,0.002352985272,0.0
0.2480703664,0.3893352332,0.2128653833,0.08913807305,0.01746380001,0.04312714408,0.0
0.1205093557,0.5182793551,0.070600555,0.2452287134,0.02163983952,0.02374218129,0.0
0.2103388614,0.4430089021,0.133907888,0.1432662972,0.0186337848,0.05084426648,0.0
0.1221096849,0.4608197045,0.02635686445,0.3530850817,0.0224881064,0.01514055807,0.0
0.133232903,0.4106027835,0.1956763788,0.2157063725,0.04208914582,0.002692416483,0.0
0.2272590425,0.632280864,0.03585129393,0.04330581038,0.002883877162,0.05841911208,0.0
0.1705182198,0.223472088,0.2259658096,0.3403579233,0.01427258751,0.02541337182,0.0
0.1314817289,0.6013316628,0.0756527223,0.117755997,0.02993241547,0.04384547356,0.0
0.1060535728,0.285479964,0.2802732139,0.2621928578,0.006207488198,0.05979290335,0.0
0.189938254,0.6500474155,0.09505380823,0.0121981344,0.03374849114,0.01901389668,0.0
0.10625133,0.3980743845,0.2294083927,0.202729604,0.02889528124,0.03464100761,0.0
0.1553397709,0.3702793949,0.08598632956,0.3432096775,0.009882070558,0.03530275662,0.0
0.1111834321,0.4693129145,0.05298999119,0.2753219048,0.03558947457,0.05560228283,0.0
0.1233138788,0.505283451,0.1874089063,0.1461186198,0.0135820704,0.02429307369,0.0
0.1898402671,0.4869443654,0.1064584575,0.1809994241,0.02130519165,0.01445229425,0.0
0.155945607,0.7468736258,0.003276056527,0.06059784537,0.006991922079,0.02631494328,0.0
0.1816808032,0.5824514397,0.03704925652,0.1529097234,0.01401084241,0.03189793477,0.0
0.1569886901,0.6130262344,0.1396458006,0.02847547244,0.009723975985,0.05213982652,0.0
0.2009705386,0.3494910842,0.2505932304,0.107249936,0.02637769036,0.06531752044,0.0
0.1032779535,0.4598661868,0.1471737635,0.2454914615,0.01548091562,0.0287097192,0.0
0.1147265194,0.2480601119,0.2500052989,0.3320964578,0.04048351492,0.01462809699,0.0
0.1344237609,0.5315228641,0.1229650748,0.1505448807,0.003925621126,0.05661779831,0.0
0.1427202554,0.4501020696,0.2514713954,0.05641313192,0.02197763585,0.0773155119,0.0
0.2387814955,0.3561653946,0.164033634,0.1622349247,0.03520241347,0.04358213779,0.0
0.1051736692,0.4868316284,0.03308903147,0.3433148989,0.008969296184,0.02262147592,0.0
0.2034538745,0.5114043662,0.1524526298,0.08507850244,0.02756956582,0.02004106118,0.0
0.1599419536,0.5387325565,0.00831425083,0.2382450143,0.01107301373,0.04369321107,0.0
0.1770236888,0.3262822786,0.2112036455,0.2040964662,0.02261256675,0.05878135405,0.0
0.1652619022,0.6680826456,0.0964413262,0.03928760803,0.01832584041,0.01260067762,0.0
0.1387885176,0.3392975268,0.1795449428,0.2578591875,0.01593911669,0.06857070858,0.0
0.1771007321,0.6509400603,0.05972684778,0.08600614325,0.02222797839,0.003998238169,0.0
0.1505197396,0.5268155338,0.1574297302,0.1094186276,0.03934663741,0.01646973136,0.0
0.1003618532,0.4988143066,0.1104594879,0.2224175376,0.02737810729,0.04056870746,0.0
0.1476105332,0.4220366211,0.2350095453,0.143632853,0.009027949251,0.04268249818,0.0
0.1473658153,0.4460456212,0.06080457523,0.283808884,0.03304977032,0.02892533395,0.0
0.210193242,0.327994961,0.1254010816,0.3278196022,0.003804933114,0.004786179958,0.0
0.1326791616,0.5734054213,0.02105754244,0.1765721172,0.03802854616,0.05825721126,0.0
0.1880830513,0.8012047952,0.0,0.0,0.0,0.0,0.0107121535
0.1987725265,0.7864536905,0.0,0.0,0.0,0.0,0.01477378299
0.2400062651,0.7427001687,0.0,0.0,0.0,0.0,0.01729356624
0.1733976822,0.8117278342,0.0,0.0,0.0,0.0,0.01487448361
0.2487724304,0.742366358,0.0,0.0,0.0,0.0,0.008861211609
0.1715186861,0.8210716155,0.0,0.0,0.0,0.0,0.007409698426
0.2221174715,0.7766849687,0.0,0.0,0.0,0.0,0.001197559825
0.217911906,0.7795181895,0.0,0.0,0.0,0.0,0.00256990452
0.1927194421,0.7991247277,0.0,0.0,0.0,0.0,0.008155830175
0.1945931641,0.789780729,0.0,0.0,0.0,0.0,0.01562610688
0.2096377846,0.7806745374,0.0,0.0,0.0,0.0,0.00968767797
0.2277359956,0.7594003229,0.0,0.0,0.0,0.0,0.01286368146
0.1663555931,0.8135392849,0.0,0.0,0.0,0.0,0.02010512204
0.2578052189,0.7265106897,0.0,0.0,0.0,0.0,0.01568409136
0.1807563865,0.8169139151,0.0,0.0,0.0,0.0,0.00232969834
0.2368318307,0.7573486676,0.0,0.0,0.0,0.0,0.005819501766
0.2038978015,0.7888133416,0.0,0.0,0.0,0.0,0.007288856895
0.1843320527,0.8122307596,0.0,0.0,0.0,0.0,0.00343718763
0.1799657288,0.805667293,0.0,0.0,0.0,0.0,0.0143669782
0.2040049327,0.7774992789,0.0,0.0,0.0,0.0,0.01849578836
0.2382221526,0.7475224441,0.0,0.0,0.0,0.0,0.01425540327
0.177244347,0.8121427931,0.0,0.0,0.0,0.0,0.01061285988
0.1668376669,0.8250008357,0.0,0.0,0.0,0.0,0.008161497443
0.2337321535,0.7635539286,0.0,0.0,0.0,0.0,0.002713917909
0.2142991552,0.784132197,0.0,0.0,0.0,0.0,0.001568647777
0.1939477551,0.7992369267,0.0,0.0,0.0,0.0,0.006815318188
0.188414802,0.7922641967,0.0,0.0,0.0,0.0,0.01932100132
0.2188685121,0.7679085305,0.0,0.0,0.0,0.0,0.01322295748
0.223364873,0.7667606468,0.0,0.0,0.0,0.0,0.009874480222
0.1683722712,0.8159112057,0.0,0.0,0.0,0.0,0.01571652305
0.2512635011,0.7322081182,0.0,0.0,0.0,0.0,0.01652838074
0.1734348375,0.8234725574,0.0,0.0,0.0,0.0,0.003092605069
0.2458347753,0.7469091954,0.0,0.0,0.0,0.0,0.007256029257
0.2029966558,0.7907067301,0.0,0.0,0.0,0.0,0.006296614082
0.1873609845,0.8105663926,0.0,0.0,0.0,0.0,0.002072622955
0.1845683423,0.8062618702,0.0,0.0,0.0,0.0,0.00916978752
0.202992446,0.7929376834,0.0,0.0,0.0,0.0,0.004069870612
0.1744945175,0.8197024341,0.0,0.0,0.0,0.0,0.005803048425
0.2537283959,0.73657586,0.0,0.0,0.0,0.0,0.009695744087
0.1691028728,0.8175205923,0.0,0.0,0.0,0.0,0.01337653493
0.2239453625,0.7593280094,0.0,0.0,0.0,0.0,0.01672662804
0.2158633991,0.7681701003,0.0,0.0,0.0,0.0,0.01596650055
0.1892076723,0.7991951817,0.0,0.0,0.0,0.0,0.01159714602
0.1961008788,0.799638276,0.0,0.0,0.0,0.0,0.004260845266
0.2133445875,0.7779549461,0.0,0.0,0.0,0.0,0.008700466476
0.2321071821,0.7629289184,0.0,0.0,0.0,0.0,0.004963899496
0.1666128294,0.8325519913,0.0,0.0,0.0,0.0,0.0008351793181
0.1754730708,0.8062682323,0.0,0.0,0.0,0.0,0.0182586969
0.2363088688,0.7518400807,0.0,0.0,0.0,0.0,0.01185105047
0.2077428421,0.7810646609,0.0,0.0,0.0,0.0,0.01119249705
0.1801767528,0.8029628146,0.0,0.0,0.0,0.0,0.0168604326
0.184253675,0.8097788432,0.0,0.0,0.0,0.0,0.005967481783
0.2345697329,0.761865432,0.0,0.0,0.0,0.0,0.00356483506
0.1788104136,0.8115559925,0.0,0.0,0.0,0.0,0.009633593856
0.2555955091,0.7312017002,0.0,0.0,0.0,0.0,0.01320279072
0.1664658691,0.8212020414,0.0,0.0,0.0,0.0,0.01233208959
0.2265592735,0.7580409312,0.0,0.0,0.0,0.0,0.01539979538
0.20897326,0.7741965266,0.0,0.0,0.0,0.0,0.01683021339
0.1970378552,0.789793476,0.0,0.0,0.0,0.0,0.01316866881
0.1936099713,0.8052026253,0.0,0.0,0.0,0.0,0.001187403412
0.215370344,0.7799071505,0.0,0.0,0.0,0.0,0.004722505452
0.2230570487,0.7685600997,0.0,0.0,0.0,0.0,0.008382851611
0.1725980765,0.8227790494,0.0,0.0,0.0,0.0,0.004622874123
0.2517300819,0.7462043156,0.0,0.0,0.0,0.0,0.002065602567
0.1743077859,0.808469344,0.0,0.0,0.0,0.0,0.01722287011
0.242403603,0.7471162609,0.0,0.0,0.0,0.0,0.01048013612
0.1985224496,0.7894108987,0.0,0.0,0.0,0.0,0.01206665164
0.184806362,0.796744071,0.0,0.0,0.0,0.0,0.01844956699
0.1882023852,0.8076905924,0.0,0.0,0.0,0.0,0.00410702243
0.1986781757,0.7921980002,0.0,0.0,0.0,0.0,0.0091238241
0.2448183961,0.749976427,0.0,0.0,0.0,0.0,0.005205176981
0.2494724545,0.7366315675,0.0,0.0,0.0,0.0,0.01389597798
0.1706092296,0.8113804763,0.0,0.0,0.0,0.0,0.01801029411
0.2211226692,0.766376414,0.0,0.0,0.0,0.0,0.01250091678
0.2145519187,0.7741763138,0.0,0.0,0.0,0.0,0.0112717675
0.1899634033,0.7936552042,0.0,0.0,0.0,0.0,0.01638139249
0.1971126159,0.7938896625,0.0,0.0,0.0,0.0,0.008997721636
0.2122289459,0.7836334358,0.0,0.0,0.0,0.0,0.004137618301
0.2288566754,0.7703356938,0.0,0.0,0.0,0.0,0.0008076307109
0.167991977,0.8267432432,0.0,0.0,0.0,0.0,0.005264779826
0.177875703,0.8094093001,0.0,0.0,0.0,0.0,0.01271499685
0.2323893859,0.7505068722,0.0,0.0,0.0,0.0,0.01710374181
0.2033669505,0.7803655411,0.0,0.0,0.0,0.0,0.0162675084
0.1838939911,0.8045489501,0.0,0.0,0.0,0.0,0.01155705886
0.2079697037,0.7861947396,0.0,0.0,0.0,0.0,0.005835556698
0.2377227756,0.7533694457,0.0,0.0,0.0,0.0,0.00890777866
0.1774309495,0.8186159679,0.0,0.0,0.0,0.0,0.003953082638
0.2598113267,0.723194419,0.0,0.0,0.0,0.0,0.01699425426
0.164524641,0.8188068423,0.0,0.0,0.0,0.0,0.0166685167
0.2300465717,0.7586686303,0.0,0.0,0.0,0.0,0.01128479805
0.2132760549,0.7737172996,0.0,0.0,0.0,0.0,0.0130066455
0.1931210974,0.7897484346,0.0,0.0,0.0,0.0,0.01713046804
0.1900581636,0.8050394192,0.0,0.0,0.0,0.0,0.004902417246
0.2200364299,0.7789278125,0.0,0.0,0.0,0.0,0.001035757615
0.2261989257,0.7693748715,0.0,0.0,0.0,0.0,0.004426202799
0.1704461309,0.8206477302,0.0,0.0,0.0,0.0,0.008906138893
0.1729232438,0.8157457892,0.0,0.0,0.0,0.0,0.011330967
0.245634423,0.7385867796,0.0,0.0,0.0,0.0,0.01577879744
0.1993144653,0.7825963635,0.0,0.0,0.0,0.0,0.01808917124
0.184346201,0.8032493074,0.0,0.0,0.0,0.0,0.01240449161
0.1845746947,0.8005084721,0.0,0.0,0.0,0.0,0.01491683314
0.2029551183,0.7864851442,0.0,0.0,0.0,0.0,0.01055973742
0.2435343849,0.7428843997,0.0,0.0,0.0,0.0,0.01358121538
0.1712336879,0.809787873,0.0,0.0,0.0,0.0,0.01897843915
0.2533102901,0.7433150289,0.0,0.0,0.0,0.0,0.003374680997
0.1702439345,0.8284360605,0.0,0.0,0.0,0.0,0.001320004981
0.2246259628,0.7685547695,0.0,0.0,0.0,0.0,0.0068192677
0.2190877925,0.7729165764,0.0,0.0,0.0,0.0,0.007995631126
0.1920741974,0.8053094459,0.0,0.0,0.0,0.0,0.002616356785
0.1938124318,0.7962798112,0.0,0.0,0.0,0.0,0.009907756918
0.210510947,0.7742902268,0.0,0.0,0.0,0.0,0.01519882622
0.2306036387,0.7507330507,0.0,0.0,0.0,0.0,0.0186633106
0.1653026279,0.8208332414,0.0,0.0,0.0,0.0,0.01386413073
0.1786398591,0.8152106592,0.0,0.0,0.0,0.0,0.006149481666
0.2404275508,0.7573737254,0.0,0.0,0.0,0.0,0.002198723731
0.2080215377,0.788673584,0.0,0.0,0.0,0.0,0.003304878317
0.1808428903,0.8115435909,0.0,0.0,0.0,0.0,0.007613518725
0.1807789873,0.8002292609,0.0,0.0,0.0,0.0,0.01899175178
0.2029975839,0.7829326996,0.0,0.0,0.0,0.0,0.01406971652
0.2348238789,0.7554159328,0.0,0.0,0.0,0.0,0.009760188287
0.1788023494,0.8058019276,0.0,0.0,0.0,0.0,0.015395723
0.1689295356,0.8280067646,0.0,0.0,0.0,0.0,0.003063699799
0.2300289635,0.7624566312,0.0,0.0,0.0,0.0,0.007514405328
0.2097307247,0.7835386225,0.0,0.0,0.0,0.0,0.006730652784
0.1981123795,0.8003956107,0.0,0.0,0.0,0.0,0.001492009799
0.1923350184,0.7938720116,0.0,0.0,0.0,0.0,0.01379296994
0.2138210049,0.7674919321,0.0,0.0,0.0,0.0,0.01868706301
0.22007032,0.765140148,0.0,0.0,0.0,0.0,0.014789532
0.1706726411,0.8189002273,0.0,0.0,0.0,0.0,0.01042713168
0.2473267815,0.7408197035,0.0,0.0,0.0,0.0,0.01185351501
0.1749984214,0.8171091196,0.0,0.0,0.0,0.0,0.007892458967
0.2423731424,0.7546927294,0.0,0.0,0.0,0.0,0.002934128196
0.2018338928,0.7962454031,0.0,0.0,0.0,0.0,0.001920704052
0.1881743192,0.8053768994,0.0,0.0,0.0,0.0,0.006448781378
0.2008556923,0.7936073931,0.0,0.0,0.0,0.0,0.005536914532
0.2404633247,0.7509285395,0.0,0.0,0.0,0.0,0.008608135861
0.175918456,0.8199467627,0.0,0.0,0.0,0.0,0.004134781297
0.2463986353,0.7359603233,0.0,0.0,0.0,0.0,0.01764104136
0.1693457153,0.8138071438,0.0,0.0,0.0,0.0,0.01684714092
0.2211903984,0.7675948031,0.0,0.0,0.0,0.0,0.01121479845
0.2155783746,0.7718634765,0.0,0.0,0.0,0.0,0.01255814895
0.1912875426,0.7911982287,0.0,0.0,0.0,0.0,0.01751422872
0.1976788115,0.797207011,0.0,0.0,0.0,0.0,0.005114177553
0.2106849235,0.7884506784,0.0,0.0,0.0,0.0,0.0008643980912
0.2303312333,0.7656542673,0.0,0.0,0.0,0.0,0.004014499409
0.1681204335,0.8226061744,0.0,0.0,0.0,0.0,0.009273392031
0.1792310944,0.809105828,0.0,0.0,0.0,0.0,0.01166307754
0.2337612915,0.7505519044,0.0,0.0,0.0,0.0,0.01568680407
0.2026229704,0.7796519127,0.0,0.0,0.0,0.0,0.01772511688
0.1816660126,0.8057058638,0.0,0.0,0.0,0.0,0.01262812353
0.1812879119,0.814825689,0.0,0.0,0.0,0.0,0.003886399159
0.2070540813,0.7837141302,0.0,0.0,0.0,0.0,0.009231788561
0.2401320573,0.7542307876,0.0,0.0,0.0,0.0,0.005637155087
0.164868587,0.8174485109,0.0,0.0,0.0,0.0,0.01768290215
0.231662487,0.7556681734,0.0,0.0,0.0,0.0,0.01266933967
0.2108623361,0.7775357736,0.0,0.0,0.0,0.0,0.01160189029
0.1929108989,0.7909526136,0.0,0.0,0.0,0.0,0.01613648749
0.1906487505,0.8007028618,0.0,0.0,0.0,0.0,0.008648387728
0.2201916347,0.7753826645,0.0,0.0,0.0,0.0,0.004425700835
0.2264049344,0.7725306392,0.0,0.0,0.0,0.0,0.001064426395
0.169366644,0.8255602737,0.0,0.0,0.0,0.0,0.005073082272
0.2529311847,0.7403615906,0.0,0.0,0.0,0.0,0.006707224695
0.1725723903,0.8148894079,0.0,0.0,0.0,0.0,0.01253820181
0.2422905411,0.7406320988,0.0,0.0,0.0,0.0,0.01707736015
0.2012985478,0.7819524425,0.0,0.0,0.0,0.0,0.01674900972
0.185562092,0.8032403764,0.0,0.0,0.0,0.0,0.01119753158
0.1834985337,0.7978349858,0.0,0.0,0.0,0.0,0.01866648047
0.1997210727,0.7859457583,0.0,0.0,0.0,0.0,0.01433316901
0.2466081873,0.7433673899,0.0,0.0,0.0,0.0,0.01002442281
0.1724510102,0.8123708932,0.0,0.0,0.0,0.0,0.01517809661
0.1712479918,0.826108066,0.0,0.0,0.0,0.0,0.002643942219
0.2258309657,0.7662786539,0.0,0.0,0.0,0.0,0.007890380386
0.2191027638,0.7739919504,0.0,0.0,0.0,0.0,0.006905285881
0.1905102911,0.8081691984,0.0,0.0,0.0,0.0,0.001320510542
0.1942063643,0.7924498379,0.0,0.0,0.0,0.0,0.01334379779
0.2115718777,0.7693362568,0.0,0.0,0.0,0.0,0.01909186546
0.228824843,0.7562949032,0.0,0.0,0.0,0.0,0.01488025374
0.1657720958,0.823937559,0.0,0.0,0.0,0.0,0.01029034515
0.1764985001,0.8158886061,0.0,0.0,0.0,0.0,0.007612893769
0.2395849066,0.7572803793,0.0,0.0,0.0,0.0,0.003134714094
0.2090436218,0.7886349733,0.0,0.0,0.0,0.0,0.002321404897
0.1823048993,0.8115259631,0.0,0.0,0.0,0.0,0.006169137655
0.182856862,0.8017756717,0.0,0.0,0.0,0.0,0.01536746632
0.2049907627,0.7848277365,0.0,0.0,0.0,0.0,0.01018150077
0.2336604871,0.7528488623,0.0,0.0,0.0,0.0,0.01349065065
0.1765327829,0.8044176543,0.0,0.0,0.0,0.0,0.01904956285
0.1688696479,0.8295440188,0.0,0.0,0.0,0.0,0.001586333278
0.2270883025,0.766294447,0.0,0.0,0.0,0.0,0.006617250488
0.2111452099,0.7811886536,0.0,0.0,0.0,0.0,0.007666136545
0.198566915,0.798510932,0.0,0.0,0.0,0.0,0.002922153013
0.1907994671,0.7989829507,0.0,0.0,0.0,0.0,0.01021758221
0.2141307323,0.7709342969,0.0,0.0,0.0,0.0,0.01493497075
0.2201390135,0.7613595623,0.0,0.0,0.0,0.0,0.01850142425
0.1711070497,0.8147730145,0.0,0.0,0.0,0.0,0.01411993581
0.2509363418,0.7386012727,0.0,0.0,0.0,0.0,0.01046238542
0.1761180337,0.8172999528,0.0,0.0,0.0,0.0,0.006582013554
0.245139294,0.7530051818,0.0,0.0,0.0,0.0,0.001855524225
0.1995907443,0.7973437806,0.0,0.0,0.0,0.0,0.003065475084
0.1877636327,0.8045060745,0.0,0.0,0.0,0.0,0.007730292724
0.1857745337,0.7995336992,0.0,0.0,0.0,0.0,0.01469176705
0.1970211738,0.7846731867,0.0,0.0,0.0,0.0,0.01830563948
0.241018934,0.7450285575,0.0,0.0,0.0,0.0,0.01395250847
0.1757082016,0.8134558917,0.0,0.0,0.0,0.0,0.01083590671
0.251425468,0.7431861323,0.0,0.0,0.0,0.0,0.005388399651
0.1717273262,0.8198689641,0.0,0.0,0.0,0.0,0.008403709753
0.2246853414,0.7727253318,0.0,0.0,0.0,0.0,0.002589326733
0.2165814134,0.7822496993,0.0,0.0,0.0,0.0,0.001168887271
0.1921351309,0.8006740292,0.0,0.0,0.0,0.0,0.00719083998
0.1960722063,0.7844950935,0.0,0.0,0.0,0.0,0.0194327002
0.2094495072,0.7773396572,0.0,0.0,0.0,0.0,0.01321083553
0.2274556011,0.7631152403,0.0,0.0,0.0,0.0,0.009429158663
0.1660575057,0.8178043671,0.0,0.0,0.0,0.0,0.01613812718
0.2541986525,0.7290947267,0.0,0.0,0.0,0.0,0.01670662077
0.1796813174,0.8168244522,0.0,0.0,0.0,0.0,0.003494230354
0.2340818896,0.7588662451,0.0,0.0,0.0,0.0,0.007051865321
0.2063589067,0.78762304,0.0,0.0,0.0,0.0,0.006018053332
0.1846482425,0.8130790901,0.0,0.0,0.0,0.0,0.002272667416
0.1811058665,0.8083678781,0.0,0.0,0.0,0.0,0.01052625546
0.2072609308,0.7779433103,0.0,0.0,0.0,0.0,0.01479575893
0.2354150214,0.7467797745,0.0,0.0,0.0,0.0,0.01780520413
0.1759110542,0.8096153764,0.0,0.0,0.0,0.0,0.01447356937
0.1657916705,0.8271848154,0.0,0.0,0.0,0.0,0.007023514048
0.2325617757,0.7659452437,0.0,0.0,0.0,0.0,0.001492980637
0.2141805626,0.783001484,0.0,0.0,0.0,0.0,0.002817953341
0.1957019697,0.7963735196,0.0,0.0,0.0,0.0,0.007924510745
0.1882305526,0.7964691048,0.0,0.0,0.0,0.0,0.01530034258
0.2174914113,0.7725964001,0.0,0.0,0.0,0.0,0.009912188582
0.2252383912,0.7616054698,0.0,0.0,0.0,0.0,0.01315613908
0.1677440134,0.8123980442,0.0,0.0,0.0,0.0,0.01985794241
0.2527457885,0.7318566282,0.0,0.0,0.0,0.0,0.01539758331
0.1753569551,0.822570892,0.0,0.0,0.0,0.0,0.002072152922
0.246926029,0.7471571558,0.0,0.0,0.0,0.0,0.005916815183
0.201859093,0.7904278594,0.0,0.0,0.0,0.0,0.00771304764
0.1859851431,0.8109310689,0.0,0.0,0.0,0.0,0.003083787922
0.1870193315,0.8073011381,0.0,0.0,0.0,0.0,0.005679530349
0.2462123326,0.7498965008,0.0,0.0,0.0,0.0,0.003891166615
0.1725442039,0.8181138667,0.0,0.0,0.0,0.0,0.009341929477
0.252544002,0.7343810614,0.0,0.0,0.0,0.0,0.01307493664
0.1687782063,0.8193761151,0.0,0.0,0.0,0.0,0.01184567856
0.2224293841,0.7617692447,0.0,0.0,0.0,0.0,0.0158013712
0.2184187089,0.7646988251,0.0,0.0,0.0,0.0,0.01688246599
0.1893781831,0.7975331726,0.0,0.0,0.0,0.0,0.01308864429
0.195476827,0.803763569,0.0,0.0,0.0,0.0,0.0007596039534
0.2131798779,0.7817716313,0.0,0.0,0.0,0.0,0.005048490873
0.2319662509,0.7595043952,0.0,0.0,0.0,0.0,0.008529353895
0.167621774,0.8279281903,0.0,0.0,0.0,0.0,0.004450035694
0.1758196769,0.8072622197,0.0,0.0,0.0,0.0,0.0169181034
0.2395571241,0.74973975,0.0,0.0,0.0,0.0,0.0107031259
0.2055861442,0.7820433945,0.0,0.0,0.0,0.0,0.01237046131
0.1790540509,0.8027255078,0.0,0.0,0.0,0.0,0.01822044126
0.1828632676,0.8075120898,0.0,0.0,0.0,0.0,0.009624642584
0.2049825611,0.791282409,0.0,0.0,0.0,0.0,0.003735029958
0.1798768269,0.8141561848,0.0,0.0,0.0,0.0,0.005966988315
0.1676970478,0.8186141427,0.0,0.0,0.0,0.0,0.01368880958
0.2264499666,0.7570490797,0.0,0.0,0.0,0.0,0.0165009537
0.2080366833,0.7762350123,0.0,0.0,0.0,0.0,0.01572830439
0.1955746681,0.7925541766,0.0,0.0,0.0,0.0,0.01187115532
0.1930831673,0.8023688379,0.0,0.0,0.0,0.0,0.004547994845
0.2170074408,0.7745139692,0.0,0.0,0.0,0.0,0.008478589908
0.2216978797,0.7736557772,0.0,0.0,0.0,0.0,0.004646343111
0.1724144444,0.8263986276,0.0,0.0,0.0,0.0,0.001186927997
0.2507667802,0.7459926367,0.0,0.0,0.0,0.0,0.003240583145
0.1729879826,0.8082504251,0.0,0.0,0.0,0.0,0.01876159233
0.240941138,0.7475964833,0.0,0.0,0.0,0.0,0.01146237875
0.1992399308,0.7897152249,0.0,0.0,0.0,0.0,0.01104484428
0.1871355771,0.7959427019,0.0,0.0,0.0,0.0,0.01692172097
0.2338755404,0.7439640886,0.008302681345,0.0,0.0,0.0,0.01385768973
0.1426814914,0.6101544656,0.2230962135,0.0,0.0,0.0,0.0240678295
0.1636537072,0.7506812886,0.06894577149,0.0,0.0,0.0,0.01671923275
0.2155998333,0.6165019363,0.1640860364,0.0,0.0,0.0,0.00381219395
0.1308466077,0.5227349566,0.3324044401,0.0,0.0,0.0,0.0140139956
0.1865725394,0.6778417906,0.1297448034,0.0,0.0,0.0,0.005840866547
0.130734347,0.6263908211,0.2422501982,0.0,0.0,0.0,0.0006246336658
0.1856318377,0.7614284986,0.04897996229,0.0,0.0,0.0,0.003959701432
0.2131422451,0.493147913,0.2743183298,0.0,0.0,0.0,0.0193915121
0.1874662086,0.6463556751,0.1565327595,0.0,0.0,0.0,0.009645356734
0.20349056,0.6786270776,0.09774215634,0.0,0.0,0.0,0.02014020612
0.1320391937,0.5597028529,0.2903750685,0.0,0.0,0.0,0.01788288486
0.1632833031,0.8047207495,0.02174905666,0.0,0.0,0.0,0.01024689081
0.2065328899,0.5485004705,0.2358287974,0.0,0.0,0.0,0.009137842287
0.1735611917,0.611019921,0.1978350715,0.0,0.0,0.0,0.01758381582
0.196692577,0.7574634474,0.0448864246,0.0,0.0,0.0,0.0009575509548
0.2750488572,0.4337183515,0.2712182773,0.0,0.0,0.0,0.02001451405
0.2296946929,0.6847579258,0.07262486642,0.0,0.0,0.0,0.01292251488
0.1444413852,0.6779643041,0.1704871192,0.0,0.0,0.0,0.007107191406
0.1632955388,0.7156572333,0.1105246953,0.0,0.0,0.0,0.01052253257
0.2466406922,0.535401074,0.2049426748,0.0,0.0,0.0,0.01301555896
0.1826967287,0.5548857418,0.2572527169,0.0,0.0,0.0,0.005164812664
0.2161463477,0.6632552644,0.1092740248,0.0,0.0,0.0,0.01132436315
0.1299617014,0.5813453765,0.268341093,0.0,0.0,0.0,0.02035182913
0.1666971771,0.777208277,0.03580030502,0.0,0.0,0.0,0.02029424092
0.1790763988,0.5175508817,0.3006157958,0.0,0.0,0.0,0.00275692376
0.1691881413,0.6351125816,0.1791894398,0.0,0.0,0.0,0.01650983726
0.2091702713,0.7564751047,0.02539495174,0.0,0.0,0.0,0.008959672293
0.2270656797,0.6236032865,0.1322820908,0.0,0.0,0.0,0.01704894303
0.1344532399,0.6665635762,0.1940347496,0.0,0.0,0.0,0.004948434261
0.2447450844,0.5961455121,0.1406826393,0.0,0.0,0.0,0.01842676422
0.1638065989,0.5408674831,0.2890266043,0.0,0.0,0.0,0.006299313744
0.2084434773,0.7119868198,0.06418407793,0.0,0.0,0.0,0.01538562488
0.1683697732,0.6754419303,0.1444645897,0.0,0.0,0.0,0.01172370679
0.1455266508,0.701712815,0.1368413852,0.0,0.0,0.0,0.01591914902
0.224629085,0.5827903886,0.1855202171,0.0,0.0,0.0,0.007060309275
0.1543337859,0.5757563066,0.2469961196,0.0,0.0,0.0,0.02291378786
0.1862341566,0.7261895686,0.08249514105,0.0,0.0,0.0,0.00508113375
0.2515796562,0.6966969554,0.04046042486,0.0,0.0,0.0,0.01126296354
0.1837932333,0.8028308589,0.007822604943,0.0,0.0,0.0,0.005553302855
0.2400829124,0.4992973605,0.2454319493,0.0,0.0,0.0,0.01518777774
0.1873944546,0.6022009208,0.2093704584,0.0,0.0,0.0,0.001034166143
0.218549474,0.7039638147,0.0693871119,0.0,0.0,0.0,0.008099599463
0.1261528264,0.5440690574,0.3255103011,0.0,0.0,0.0,0.004267815048
0.1788665607,0.8053352737,0.01344841697,0.0,0.0,0.0,0.002349748642
0.1901271601,0.5308395482,0.2559575823,0.0,0.0,0.0,0.02307570942
0.1591844568,0.6218259171,0.2104372157,0.0,0.0,0.0,0.008552410419
0.1984904193,0.7356093164,0.05444913186,0.0,0.0,0.0,0.01145113241
0.2411664986,0.4810186793,0.2676031892,0.0,0.0,0.0,0.01021163296
0.2563021178,0.6628358071,0.07687868709,0.0,0.0,0.0,0.003983388028
0.1393825842,0.6775228955,0.1640131503,0.0,0.0,0.0,0.01908136992
0.1660722829,0.6725508646,0.1412804798,0.0,0.0,0.0,0.02009637266
0.1715702002,0.5819794831,0.2311308109,0.0,0.0,0.0,0.01531950576
0.2304541299,0.7520936227,0.01510737934,0.0,0.0,0.0,0.002344868052
0.2589026092,0.6166058437,0.1143747828,0.0,0.0,0.0,0.01011676424
0.1519470732,0.6337886833,0.2051272524,0.0,0.0,0.0,0.009136991108
0.1498183976,0.7464012892,0.09637493706,0.0,0.0,0.0,0.007405376146
0.2302664326,0.6198665422,0.1356593057,0.0,0.0,0.0,0.01420771954
0.1567876636,0.5609870843,0.2802861228,0.0,0.0,0.0,0.001939129334
0.1825994275,0.6956252512,0.1034259476,0.0,0.0,0.0,0.0183493737
0.2511687699,0.7357016872,0.00415688551,0.0,0.0,0.0,0.008972657377
0.123875895,0.576668899,0.2842689646,0.0,0.0,0.0,0.01518624143
0.1728541629,0.7718918782,0.04143995674,0.0,0.0,0.0,0.01381400216
0.220523282,0.493991899,0.2787617441,0.0,0.0,0.0,0.006723074887
0.1971909599,0.6159874226,0.1662113596,0.0,0.0,0.0,0.02061025791
0.2374203299,0.7190120884,0.0369498401,0.0,0.0,0.0,0.006617741589
0.1512879379,0.6712238487,0.1752471933,0.0,0.0,0.0,0.002241020134
0.1518726683,0.7209446477,0.1232485489,0.0,0.0,0.0,0.003934135073
0.1959990166,0.5796177602,0.2064946121,0.0,0.0,0.0,0.01788861112
0.151695235,0.58303734,0.2548045882,0.0,0.0,0.0,0.01046283676
0.1972557632,0.698972759,0.09072337634,0.0,0.0,0.0,0.0130481014
0.1829339848,0.7682001664,0.03187013705,0.0,0.0,0.0,0.01699571183
0.2245526644,0.555504339,0.2157217437,0.0,0.0,0.0,0.004221252917
0.1848352426,0.6205943608,0.1815022443,0.0,0.0,0.0,0.01306815238
0.1957302662,0.6825141859,0.1201484468,0.0,0.0,0.0,0.001607101075
0.1464865597,0.5975239189,0.248371723,0.0,0.0,0.0,0.007617798409
0.1611663517,0.768473684,0.06213433493,0.0,0.0,0.0,0.008225629433
0.204717006,0.5237345119,0.2597363612,0.0,0.0,0.0,0.01181212091
0.1824385086,0.6700799568,0.1441748773,0.0,0.0,0.0,0.003306657292
0.198292133,0.7815122362,0.002492981522,0.0,0.0,0.0,0.01770264931
0.2334657006,0.6586073152,0.1019727655,0.0,0.0,0.0,0.005954218611
0.1344194183,0.6177479781,0.2314645866,0.0,0.0,0.0,0.01636801694
0.1716695641,0.7356443244,0.07952774887,0.0,0.0,0.0,0.01315836254
0.1624301084,0.5078800446,0.3081506911,0.0,0.0,0.0,0.02153915586
0.2076494986,0.6554123847,0.1333605604,0.0,0.0,0.0,0.003577556204
0.142352749,0.6136101836,0.2341842397,0.0,0.0,0.0,0.00985282776
0.1662048319,0.7687187284,0.05758312841,0.0,0.0,0.0,0.007493311262
0.1805964638,0.511936924,0.2897618967,0.0,0.0,0.0,0.01770471554
0.1703351112,0.6756256868,0.1513578421,0.0,0.0,0.0,0.002681359992
0.2075366804,0.7617838308,0.01487053008,0.0,0.0,0.0,0.01580895873
0.267728195,0.5040273208,0.2237163156,0.0,0.0,0.0,0.004528168586
0.2503209585,0.6349923778,0.1057612185,0.0,0.0,0.0,0.008925445161
0.1338282265,0.6373670765,0.2149096402,0.0,0.0,0.0,0.01389505681
0.1795738999,0.7320846419,0.07467837854,0.0,0.0,0.0,0.01366307966
0.2486973507,0.5847945752,0.1613990083,0.0,0.0,0.0,0.005109065776
0.1463674029,0.5095205195,0.3212360593,0.0,0.0,0.0,0.02287601827
0.2181075211,0.7327855767,0.04169022274,0.0,0.0,0.0,0.007416679403
0.2605296979,0.6501224151,0.07461930715,0.0,0.0,0.0,0.0147285799
0.1592141596,0.6694887742,0.1683781635,0.0,0.0,0.0,0.002918902782
0.1511419949,0.739244765,0.1077547952,0.0,0.0,0.0,0.001858444938
0.2095154059,0.5616653665,0.2075864024,0.0,0.0,0.0,0.02123282518
0.1590939113,0.5646365121,0.2680818054,0.0,0.0,0.0,0.008187771181
0.1851273984,0.7060078307,0.09624130434,0.0,0.0,0.0,0.0126234666
0.237102052,0.6988234778,0.05950810327,0.0,0.0,0.0,0.004566366946
0.1779491901,0.7842954666,0.01889419458,0.0,0.0,0.0,0.01886114872
0.2517122091,0.5368938275,0.2106063649,0.0,0.0,0.0,0.0007875985854
0.197630853,0.5935948218,0.1936487068,0.0,0.0,0.0,0.01512561839
0.2370926552,0.7336533062,0.02747278537,0.0,0.0,0.0,0.001781253222
0.2683739803,0.5984728868,0.1187933207,0.0,0.0,0.0,0.01435981222
0.1470535829,0.652970533,0.1916030094,0.0,0.0,0.0,0.008372874697
0.1595832877,0.7382120649,0.09287117035,0.0,0.0,0.0,0.009333476994
0.2135661281,0.6226974087,0.1524497526,0.0,0.0,0.0,0.01128671061
0.1468582933,0.5557573193,0.2930866042,0.0,0.0,0.0,0.004297783239
0.188355747,0.6743095456,0.1182258366,0.0,0.0,0.0,0.0191088708
0.1835860734,0.7662404863,0.03848022391,0.0,0.0,0.0,0.01169321637
0.2012363093,0.4828110314,0.305213181,0.0,0.0,0.0,0.01073947832
0.1889083995,0.6175236319,0.1747890451,0.0,0.0,0.0,0.01877892362
0.2098876766,0.7114091921,0.07239477808,0.0,0.0,0.0,0.00630835328
0.13607223,0.5502919367,0.3118238689,0.0,0.0,0.0,0.001811964334
0.2040466533,0.5241221084,0.2543002978,0.0,0.0,0.0,0.01753094059
0.163015083,0.6032943378,0.2243527063,0.0,0.0,0.0,0.009337872958
0.1881640342,0.7405916348,0.05766095921,0.0,0.0,0.0,0.01358337179
0.2389102971,0.6695181385,0.09050545068,0.0,0.0,0.0,0.00106611373
0.1490633015,0.6748188622,0.155135441,0.0,0.0,0.0,0.02098239524
0.1600284685,0.6949062582,0.1257837497,0.0,0.0,0.0,0.01928152365
0.2639758462,0.5585985926,0.1727927875,0.0,0.0,0.0,0.004632773713
0.1742843028,0.5658148662,0.2452392377,0.0,0.0,0.0,0.01466159329
0.2220485854,0.7088613731,0.0497418818,0.0,0.0,0.0,0.0193481597
0.1534549187,0.6675839182,0.1618201886,0.0,0.0,0.0,0.01714097447
0.1535593218,0.6965355459,0.1376814417,0.0,0.0,0.0,0.01222369068
0.2174701266,0.6008948462,0.1725497803,0.0,0.0,0.0,0.009085246939
0.1521981961,0.5907784592,0.2380574132,0.0,0.0,0.0,0.01896593157
0.1967770789,0.7359634339,0.06669520342,0.0,0.0,0.0,0.0005642837426
0.1954743923,0.7860153359,0.009980786655,0.0,0.0,0.0,0.008529485154
0.2280534211,0.5266701082,0.2321535611,0.0,0.0,0.0,0.01312290958
0.1784288726,0.6118949918,0.2050936501,0.0,0.0,0.0,0.00458248548
0.2041536718,0.6721254055,0.108928198,0.0,0.0,0.0,0.01479272476
0.1361595861,0.5628895846,0.276570825,0.0,0.0,0.0,0.02438000424
0.1569407731,0.7766608536,0.05039897929,0.0,0.0,0.0,0.01599939409
0.1892486184,0.5149326494,0.2923709436,0.0,0.0,0.0,0.003447788575
0.1796075184,0.6470767726,0.162111054,0.0,0.0,0.0,0.01120465497
0.2033063866,0.7675475332,0.02320455434,0.0,0.0,0.0,0.005941525811
0.2212344106,0.6397627134,0.1200114085,0.0,0.0,0.0,0.01899146752
0.1407268839,0.6585974275,0.1994123894,0.0,0.0,0.0,0.00126329923
0.1623420531,0.7296408175,0.1032110509,0.0,0.0,0.0,0.004806078454
0.264964997,0.5846051144,0.1331791534,0.0,0.0,0.0,0.01725073513
0.1755549963,0.5417951492,0.2712239613,0.0,0.0,0.0,0.01142589325
0.2224272449,0.6801908197,0.08116020508,0.0,0.0,0.0,0.01622173033
0.1253625015,0.5516866524,0.3088565453,0.0,0.0,0.0,0.01409430083
0.1679321962,0.791668264,0.02563989869,0.0,0.0,0.0,0.01475964114
0.1933022865,0.5774051819,0.2208281143,0.0,0.0,0.0,0.008464417339
0.1602804295,0.6201138875,0.1965496544,0.0,0.0,0.0,0.02305602862
0.2138782807,0.7508235753,0.03137006744,0.0,0.0,0.0,0.003928076527
0.250718773,0.4474448583,0.2832571676,0.0,0.0,0.0,0.01857920118
0.2549350202,0.6696694285,0.06475064033,0.0,0.0,0.0,0.01064491096
0.1354010321,0.6655281109,0.1880961744,0.0,0.0,0.0,0.01097468265
0.1684303387,0.7122868875,0.1135718534,0.0,0.0,0.0,0.00571092048
0.230777355,0.5633509939,0.1920678214,0.0,0.0,0.0,0.0138038297
0.2210459012,0.7642245453,0.004853923008,0.0,0.0,0.0,0.009875630493
0.1475991646,0.6074610262,0.2263467958,0.0,0.0,0.0,0.01859301335
0.1542453011,0.7404673472,0.08472877748,0.0,0.0,0.0,0.02055857426
0.2388078249,0.6039004459,0.155544702,0.0,0.0,0.0,0.00174702717
0.1444806353,0.52692439,0.3108974978,0.0,0.0,0.0,0.01769747686
0.173106177,0.6879862154,0.1281982023,0.0,0.0,0.0,0.01070940539
0.2508631534,0.7169281526,0.01657833475,0.0,0.0,0.0,0.01563035926
0.1337531566,0.6111129355,0.2491628301,0.0,0.0,0.0,0.005971077848
0.1781687148,0.7581788137,0.06282292298,0.0,0.0,0.0,0.0008295485033
0.2350370164,0.4802321515,0.2637380204,0.0,0.0,0.0,0.02099281172
0.2053537243,0.6495923623,0.1390429174,0.0,0.0,0.0,0.006010995981
0.2180222261,0.6903730987,0.08911974308,0.0,0.0,0.0,0.002484932039
0.1327647562,0.5653965513,0.2927311829,0.0,0.0,0.0,0.009107509619
0.1748309783,0.7994953762,0.01752637429,0.0,0.0,0.0,0.008147271212
0.1956748063,0.5571406352,0.2343657546,0.0,0.0,0.0,0.01281880384
0.1592914048,0.6336043483,0.2032306263,0.0,0.0,0.0,0.003873620686
0.20227214,0.7387253818,0.04117311933,0.0,0.0,0.0,0.01782935881
0.1388534744,0.6674173547,0.178358706,0.0,0.0,0.0,0.01537046501
0.1722986426,0.7100727713,0.1052612027,0.0,0.0,0.0,0.01236738343
0.2369097627,0.5521704842,0.2012330711,0.0,0.0,0.0,0.009686682
0.1575938021,0.5456887554,0.2766694881,0.0,0.0,0.0,0.02004795444
0.2274195054,0.754456175,0.01184478417,0.0,0.0,0.0,0.006279535355
0.2544115114,0.6236100583,0.1033539907,0.0,0.0,0.0,0.01862443951
0.1509840659,0.6380907344,0.2090075797,0.0,0.0,0.0,0.001917620013
0.156356523,0.7678535689,0.07299272004,0.0,0.0,0.0,0.002797188067
0.2236720664,0.5898238156,0.1699149853,0.0,0.0,0.0,0.01658913277
0.1492219192,0.5233198166,0.3177487819,0.0,0.0,0.0,0.009709482277
0.1741956142,0.6730695786,0.1378315707,0.0,0.0,0.0,0.01490323658
0.2442854954,0.7326570305,0.02238272179,0.0,0.0,0.0,0.0006747523182
0.1284318156,0.6047847388,0.2435905618,0.0,0.0,0.0,0.02319288384
0.1717807183,0.7549593119,0.05540425387,0.0,0.0,0.0,0.01785571599
0.2277423495,0.4975796407,0.2692727607,0.0,0.0,0.0,0.00540524912
0.2067994714,0.6313361035,0.1490461576,0.0,0.0,0.0,0.01281826756
0.2299279577,0.7090705799,0.0576521707,0.0,0.0,0.0,0.003349291684
0.1525736096,0.6853416787,0.1522041653,0.0,0.0,0.0,0.009880546395
0.1519944881,0.7109369055,0.1291509275,0.0,0.0,0.0,0.007917678904
0.2038880601,0.5918211673,0.1880167508,0.0,0.0,0.0,0.0162740219
0.1577760534,0.5952580577,0.2447228125,0.0,0.0,0.0,0.002243076428
0.1965848955,0.7073953734,0.07864321156,0.0,0.0,0.0,0.01737651952
0.2538569269,0.6940391037,0.04373935767,0.0,0.0,0.0,0.008364611735
0.1918586161,0.7923027013,0.003657301838,0.0,0.0,0.0,0.01218138072
0.2193148691,0.5306663963,0.2438016358,0.0,0.0,0.0,0.006217098775
0.1763358343,0.5797902458,0.2230762671,0.0,0.0,0.0,0.02079765277
0.1975266562,0.6779263193,0.1162689236,0.0,0.0,0.0,0.008278101031
0.1482080431,0.5963315187,0.2518576212,0.0,0.0,0.0,0.003602816935
0.1643620437,0.7952280617,0.03892053397,0.0,0.0,0.0,0.001489360616
0.1832974137,0.4788743889,0.3140863727,0.0,0.0,0.0,0.02374182463
0.1733818542,0.6488405061,0.1706449456,0.0,0.0,0.0,0.00713269402
0.1959963931,0.7615860349,0.0302067303,0.0,0.0,0.0,0.01221084171
0.2322912344,0.6388441355,0.1242813765,0.0,0.0,0.0,0.004583253536
0.1423212122,0.6461547688,0.1910022255,0.0,0.0,0.0,0.0205217934
0.1655648663,0.7209755685,0.09369649973,0.0,0.0,0.0,0.01976306549
0.1663283808,0.5316651953,0.2856656421,0.0,0.0,0.0,0.01634078179
0.2280867589,0.7380623254,0.01905682541,0.0,0.0,0.0,0.0147940902
0.1473699061,0.6383687533,0.201446856,0.0,0.0,0.0,0.01281448465
0.1599170682,0.7224042362,0.1013277336,0.0,0.0,0.0,0.01635096201
0.2241903292,0.6289948668,0.1396361442,0.0,0.0,0.0,0.007178659788
0.1392927664,0.5468290943,0.2887929388,0.0,0.0,0.0,0.02508520052
0.1900619906,0.701012468,0.1047666395,0.0,0.0,0.0,0.004158901961
0.2624466256,0.5191738439,0.2010040579,0.0,0.0,0.0,0.01737547257
0.121789942,0.5901861546,0.2769256652,0.0,0.0,0.0,0.01109823819
0.1887812728,0.7612389226,0.04463102613,0.0,0.0,0.0,0.005348778469
0.2132177667,0.4817215105,0.2900826752,0.0,0.0,0.0,0.01497804755
0.1921444205,0.6489881098,0.1582086387,0.0,0.0,0.0,0.0006588310766
0.2160597043,0.7085598317,0.06535568421,0.0,0.0,0.0,0.01002477985
0.1617567104,0.8084376981,0.01010985985,0.0,0.0,0.0,0.01969573161
0.2048935493,0.5552966327,0.2382867817,0.0,0.0,0.0,0.001523036221
0.167093544,0.5998751393,0.2164464579,0.0,0.0,0.0,0.01658485879
0.1960840215,0.7443631166,0.04997667768,0.0,0.0,0.0,0.009576184237
0.2293628182,0.6675556275,0.08571314405,0.0,0.0,0.0,0.01736841032
0.1472941127,0.6831363455,0.1644180086,0.0,0.0,0.0,0.00515153312
0.1585262255,0.7058477758,0.1345019873,0.0,0.0,0.0,0.001124011439
0.2513439968,0.5591329561,0.1704864811,0.0,0.0,0.0,0.01903656598
0.1856586552,0.5767465007,0.2305664941,0.0,0.0,0.0,0.007028350084
0.2126024728,0.6409454236,0.1257643211,0.0,0.0,0.0,0.02068778242
0.1352547009,0.5975865325,0.2493992,0.0,0.0,0.0,0.0177595666
0.1607768203,0.7609868552,0.0665852237,0.0,0.0,0.0,0.01165110083
0.181881874,0.5356364736,0.272490982,0.0,0.0,0.0,0.009990670415
0.1738381866,0.6649332108,0.1432372433,0.0,0.0,0.0,0.01799135936
0.2682598589,0.4754774466,0.2369320132,0.0,0.0,0.0,0.01933068133
0.242124602,0.6479867239,0.09721390588,0.0,0.0,0.0,0.01267476823
0.1303244401,0.6390932274,0.2242442412,0.0,0.0,0.0,0.006338091277
0.1737917381,0.7331444951,0.08321180115,0.0,0.0,0.0,0.00985196572
0.2390449831,0.5954975423,0.1538045731,0.0,0.0,0.0,0.01165290153
0.159825922,0.5390229925,0.2961167841,0.0,0.0,0.0,0.005034301459
0.2128966362,0.7387346725,0.03474233046,0.0,0.0,0.0,0.01362636081
0.1566788535,0.6369466412,0.1843667993,0.0,0.0,0.0,0.02200770602
0.1499340171,0.7123931885,0.1204174215,0.0,0.0,0.0,0.0172553729
0.2282087348,0.5794406298,0.1895210082,0.0,0.0,0.0,0.002829627207
0.156189552,0.5715261713,0.25959921,0.0,0.0,0.0,0.01268506663
0.1830820258,0.7237331387,0.08718755432,0.0,0.0,0.0,0.005997281185
0.241851016,0.6866071239,0.05370257617,0.0,0.0,0.0,0.017839284
0.1241854535,0.5727129577,0.3020482439,0.0,0.0,0.0,0.001053344948
0.182766085,0.7853607381,0.0270423119,0.0,0.0,0.0,0.00483086503
0.2563985989,0.5191379003,0.2064900874,0.0,0.0,0.0,0.01797341341
0.19443231,0.6110963087,0.1836546193,0.0,0.0,0.0,0.01081676209
0.2283287484,0.716218691,0.04503200871,0.0,0.0,0.0,0.0104205519
0.1538378146,0.6607890633,0.1672534459,0.0,0.0,0.0,0.0181196762
0.1538609486,0.7085538592,0.1154707264,0.0,0.0,0.0,0.02211446586
0.2069510808,0.5831098824,0.2076862975,0.0,0.0,0.0,0.00225273942
0.1434929263,0.5670263828,0.2710221761,0.0,0.0,0.0,0.0184585149
0.1902407818,0.7009779574,0.09948753977,0.0,0.0,0.0,0.009293721022
0.2615862705,0.6678770434,0.05490921476,0.0,0.0,0.0,0.01562747134
0.1229612509,0.587747881,0.2843029456,0.0,0.0,0.0,0.004987922433
0.1919430856,0.7852825365,0.02229301024,0.0,0.0,0.0,0.0004813676159
0.2232464878,0.5276143164,0.2294734728,0.0,0.0,0.0,0.01966572292
0.1784992271,0.6245684696,0.1908589966,0.0,0.0,0.0,0.006073306802
0.1957527156,0.6552299654,0.1326344754,0.0,0.0,0.0,0.01638284353
0.1441775973,0.6040354929,0.2396803304,0.0,0.0,0.0,0.01210657939
0.1582854153,0.7722126517,0.05457618607,0.0,0.0,0.0,0.01492574692
0.1957347054,0.5220315531,0.2745896735,0.0,0.0,0.0,0.00764406806
0.1808475909,0.6388999245,0.158648418,0.0,0.0,0.0,0.02160406664
0.2039422343,0.781258031,0.01060565684,0.0,0.0,0.0,0.004194077958
0.2200808468,0.6520458166,0.115336803,0.0,0.0,0.0,0.01253653361
0.1340595225,0.6348033028,0.2195336179,0.0,0.0,0.0,0.01160355678
0.1701299827,0.7527490423,0.07062303996,0.0,0.0,0.0,0.006497934986
0.2638087832,0.5677449507,0.1552045644,0.0,0.0,0.0,0.01324170173
0.171621033,0.5176160418,0.3095564155,0.0,0.0,0.0,0.001206509659
0.2209807435,0.6878565552,0.07668273755,0.0,0.0,0.0,0.01447996367
0.1736048826,0.8061499144,0.004121135914,0.0,0.0,0.0,0.01612406706
0.1870488781,0.5483609785,0.2608221838,0.0,0.0,0.0,0.003767959591
0.1597688277,0.6067754035,0.2204445378,0.0,0.0,0.0,0.01301123103
0.2047354968,0.729782483,0.06031849907,0.0,0.0,0.0,0.005163521105
0.2569839025,0.476665713,0.252247094,0.0,0.0,0.0,0.01410329049
0.2419619842,0.6524056591,0.08786272373,0.0,0.0,0.0,0.01776963298
0.168454368,0.7004769801,0.1265670819,0.0,0.0,0.0,0.004501570064
0.2345440041,0.5596077364,0.1882544054,0.0,0.0,0.0,0.01759385406
0.1769057526,0.575036563,0.2372569811,0.0,0.0,0.0,0.01080070337
0.2172894157,0.7394800464,0.02506469631,0.0,0.0,0.0,0.01816584155
0.1553473267,0.630827355,0.1974326616,0.0,0.0,0.0,0.01639265672
0.1532033085,0.7463950639,0.08892029927,0.0,0.0,0.0,0.01148132835
0.2370110767,0.6123275325,0.1429304957,0.0,0.0,0.0,0.007730895099
0.1429439689,0.5313685703,0.3061338306,0.0,0.0,0.0,0.0195536302
0.1802799737,0.7066233404,0.1121806936,0.0,0.0,0.0,0.0009159923094
0.2576292747,0.7181410228,0.01188052903,0.0,0.0,0.0,0.01234917344
0.1312265949,0.5924925754,0.2692642982,0.0,0.0,0.0,0.007016531447
0.1795113642,0.7765742292,0.03409928194,0.0,0.0,0.0,0.009815124615
0.223701881,0.4694723794,0.2927159083,0.0,0.0,0.0,0.01410983128
0.1934787849,0.6257098588,0.1753456486,0.0,0.0,0.0,0.005465707598
0.2115241384,0.6789896724,0.1020676921,0.0,0.0,0.0,0.007418497072
0.1345650996,0.5873237286,0.2751809122,0.0,0.0,0.0,0.002930259622
0.171383379,0.7804500057,0.04477880097,0.0,0.0,0.0,0.003387814395
0.1812375051,0.5038100989,0.295348148,0.0,0.0,0.0,0.01960424795
0.1677362953,0.6535067209,0.1694600381,0.0,0.0,0.0,0.00929694569
0.2049164675,0.7633114733,0.01918024793,0.0,0.0,0.0,0.01259181127
0.2660932361,0.5194981616,0.2091344157,0.0,0.0,0.0,0.00527418669
0.1317136254,0.634353821,0.2121336192,0.0,0.0,0.0,0.02179893445
0.1765147073,0.707122641,0.09881984226,0.0,0.0,0.0,0.01754280938
0.2638591114,0.6058443067,0.126130545,0.0,0.0,0.0,0.004166036966
0.1591931947,0.54292382,0.2837752427,0.0,0.0,0.0,0.01410774265
0.2197410406,0.7263051152,0.05240115661,0.0,0.0,0.0,0.001552687583
0.2651568681,0.6431587588,0.07864434635,0.0,0.0,0.0,0.01304002684
0.1629987282,0.6766780602,0.1526742417,0.0,0.0,0.0,0.007648969909
0.1420668647,0.7048526586,0.14428188,0.0,0.0,0.0,0.008798596664
0.2170966161,0.5939800582,0.1778037754,0.0,0.0,0.0,0.0111195503
0.1673549974,0.6058125924,0.2239063569,0.0,0.0,0.0,0.002926053305
0.1906642464,0.7168251031,0.0730891262,0.0,0.0,0.0,0.0194215243
0.2481804839,0.7142198138,0.03215927422,0.0,0.0,0.0,0.00544042806
0.1777327882,0.7958987791,0.01450853473,0.0,0.0,0.0,0.01185989792
0.2369722134,0.5185089768,0.2336400677,0.0,0.0,0.0,0.01087874203
0.1913480234,0.5882075321,0.2010022688,0.0,0.0,0.0,0.01944217566
0.1423204046,0.624024037,0.2294512378,0.0,0.0,0.0,0.004204320615
0.1616391407,0.758979297,0.07725704762,0.0,0.0,0.0,0.002124514692
0.2055461726,0.6105002387,0.1622512224,0.0,0.0,0.0,0.02170236635
0.1392351391,0.5365421113,0.315246719,0.0,0.0,0.0,0.008976030613
0.191469472,0.6748171207,0.1213062911,0.0,0.0,0.0,0.01240711614
0.1757888835,0.7459189903,0.05979280291,0.0,0.0,0.0,0.01849932332
0.1934080431,0.6458007128,0.1471053644,0.0,0.0,0.0,0.01368587972
0.2049036346,0.705931158,0.0860207557,0.0,0.0,0.0,0.003144451733
0.1357826064,0.5565623889,0.2977522907,0.0,0.0,0.0,0.009902714003
0.1665765869,0.7977080676,0.02933380794,0.0,0.0,0.0,0.00638153758
0.2167242075,0.5448926584,0.2224115839,0.0,0.0,0.0,0.01597155017
0.1762754826,0.6399772786,0.1820813254,0.0,0.0,0.0,0.001665913474
0.1893956811,0.7557991525,0.03739546056,0.0,0.0,0.0,0.01740970588
0.2636919702,0.4531816796,0.2780537531,0.0,0.0,0.0,0.005072597088
0.2399770794,0.6893818859,0.06160204887,0.0,0.0,0.0,0.009038985858
0.1438792472,0.659345505,0.1821767301,0.0,0.0,0.0,0.01459851774
0.1641411219,0.7011731507,0.1199842289,0.0,0.0,0.0,0.01470149849
0.2635174882,0.543481279,0.1869436143,0.0,0.0,0.0,0.006057618472
0.1734908476,0.5511603974,0.253609369,0.0,0.0,0.0,0.02173938601
0.2169508762,0.7315577349,0.0,0.04933930029,0.0,0.0,0.002152088606
0.1324981769,0.5977167206,0.0,0.2647255262,0.0,0.0,0.005059576307
0.1217321338,0.5418182413,0.0,0.3288354311,0.0,0.0,0.007614193778
0.2527889027,0.7023299875,0.0,0.03291972029,0.0,0.0,0.01196138956
0.1760150378,0.6482517188,0.0,0.171397947,0.0,0.0,0.004335296452
0.1542874784,0.6150607137,0.0,0.2159654812,0.0,0.0,0.01468632665
0.1825759349,0.4714502947,0.0,0.340297757,0.0,0.0,0.005676013379
0.1910858699,0.7890410449,0.0,0.008260381554,0.0,0.0,0.01161270358
0.1481728788,0.7134389799,0.0,0.1237865931,0.0,0.0,0.01460154818
0.2262148931,0.5412376879,0.0,0.2245839849,0.0,0.0,0.00796343409
0.1739946709,0.5308142458,0.0,0.2790847429,0.0,0.0,0.01610634041
0.2006279549,0.6503972235,0.0,0.1434676753,0.0,0.0,0.005507146203
0.1099632641,0.5362445197,0.0,0.3525802568,0.0,0.0,0.001211959315
0.1490945344,0.6068321749,0.0,0.2401143669,0.0,0.0,0.003958923839
0.2341090395,0.619949773,0.0,0.1281553149,0.0,0.0,0.01778587269
0.1914478176,0.727157742,0.0,0.07372885391,0.0,0.0,0.00766558649
0.1471964901,0.5325268994,0.0,0.3092888342,0.0,0.0,0.01098777634
0.1685183863,0.7186736544,0.0,0.09736482275,0.0,0.0,0.0154431366
0.1668269601,0.7834616498,0.0,0.03101757954,0.0,0.0,0.0186938106
0.1800508181,0.618624407,0.0,0.1883455897,0.0,0.0,0.01297918522
0.1428420349,0.4988585064,0.0,0.3539269195,0.0,0.0,0.004372539191
0.1474267087,0.6839209087,0.0,0.1613106163,0.0,0.0,0.007341766346
0.1711716529,0.7396068852,0.0,0.08400948843,0.0,0.0,0.005211973421
0.1857673391,0.5384576171,0.0,0.265740587,0.0,0.0,0.01003445684
0.1645322252,0.5858937751,0.0,0.2477992122,0.0,0.0,0.001774787498
0.1792618489,0.6931145549,0.0,0.1102361969,0.0,0.0,0.01738739933
0.1324537275,0.5299971297,0.0,0.3237430541,0.0,0.0,0.01380608868
0.1313002096,0.6493058013,0.0,0.2071293512,0.0,0.0,0.01226463787
0.2259698859,0.7170211416,0.0,0.04304422803,0.0,0.0,0.01396474448
0.1768315301,0.5502797823,0.0,0.2650716998,0.0,0.0,0.00781698782
0.2017855356,0.4959273794,0.0,0.2851242714,0.0,0.0,0.01716281363
0.1622678588,0.7715473886,0.0,0.06226547383,0.0,0.0,0.003919278761
0.1571404115,0.658478741,0.0,0.1826939938,0.0,0.0,0.001686853622
0.2287324721,0.5759934724,0.0,0.1801371709,0.0,0.0,0.01513688465
0.1334481299,0.5239350777,0.0,0.3371529653,0.0,0.0,0.005463827122
0.2028819959,0.7603005409,0.0,0.02342249649,0.0,0.0,0.01339496664
0.2258890985,0.6413543525,0.0,0.1303152799,0.0,0.0,0.002441269159
0.1399081613,0.6137778692,0.0,0.2285416277,0.0,0.0,0.01777234185
0.1219021841,0.5578463498,0.0,0.3047905573,0.0,0.0,0.01546090882
0.1996473329,0.660467286,0.0,0.1294104836,0.0,0.0,0.01047489745
0.1735603401,0.5656341159,0.0,0.243070428,0.0,0.0,0.01773511602
0.1589636418,0.7351239501,0.0,0.09290331596,0.0,0.0,0.0130090922
0.1531881537,0.6787554699,0.0,0.1574045929,0.0,0.0,0.01065178354
0.2069721299,0.5904554961,0.0,0.1976891897,0.0,0.0,0.004883184304
0.1311118505,0.4853657556,0.0,0.3681962037,0.0,0.0,0.01532619025
0.1959209961,0.7603784941,0.0,0.04031579252,0.0,0.0,0.003384717228
0.2353587379,0.5957703051,0.0,0.1561922728,0.0,0.0,0.01267868432
0.1498867684,0.634770063,0.0,0.2066943417,0.0,0.0,0.008648826917
0.116160806,0.557923201,0.0,0.3194456639,0.0,0.0,0.006470329102
0.2192432438,0.6714517793,0.0,0.1085006544,0.0,0.0,0.000804322524
0.1579152313,0.4940331815,0.0,0.336139959,0.0,0.0,0.0119116282
0.1329066999,0.6631789357,0.0,0.1843898664,0.0,0.0,0.019524498
0.1813425038,0.7346171216,0.0,0.06711100937,0.0,0.0,0.01692936521
0.1915478908,0.5214067507,0.0,0.2855970414,0.0,0.0,0.001448317042
0.149319678,0.5700729781,0.0,0.2710287595,0.0,0.0,0.00957858439
0.1895732126,0.6658334936,0.0,0.1354586379,0.0,0.0,0.00913465585
0.2334675528,0.6809125204,0.0,0.06902085673,0.0,0.0,0.01659907009
0.1311479097,0.5730783563,0.0,0.2933856801,0.0,0.0,0.002388053886
0.1351850513,0.6333233267,0.0,0.2310446923,0.0,0.0,0.0004469297121
0.2200387725,0.7587005939,0.0,0.01487967647,0.0,0.0,0.006380957084
0.1869504889,0.6331858613,0.0,0.1641485982,0.0,0.0,0.01571505156
0.1132037841,0.5371538315,0.0,0.3392490532,0.0,0.0,0.01039333118
0.136330772,0.5874587331,0.0,0.2630100051,0.0,0.0,0.01320048979
0.224020776,0.6677279537,0.0,0.1011420233,0.0,0.0,0.007109247041
0.2024600492,0.7232365571,0.0,0.05634848737,0.0,0.0,0.0179549063
0.1518085037,0.5697339337,0.0,0.2775207725,0.0,0.0,0.0009367901208
0.2062548064,0.5488850443,0.0,0.2341972612,0.0,0.0,0.01066288811
0.1700087051,0.6995852731,0.0,0.1243909703,0.0,0.0,0.006015051525
0.1954467038,0.4586638234,0.0,0.3329087044,0.0,0.0,0.01298076845
0.1877404901,0.5993682042,0.0,0.2100310797,0.0,0.0,0.002860226006
0.2281734138,0.6859678613,0.0,0.07654133627,0.0,0.0,0.00931738859
0.1263479051,0.614105865,0.0,0.242809545,0.0,0.0,0.01673668494
0.119663501,0.5000715344,0.0,0.361353657,0.0,0.0,0.01891130756
0.170375171,0.6709930421,0.0,0.146586644,0.0,0.0,0.01204514284
0.1726057546,0.6273413988,0.0,0.1931716807,0.0,0.0,0.006881165868
0.1746727432,0.488490023,0.0,0.3227085286,0.0,0.0,0.01412870518
0.1608651306,0.7330180594,0.0,0.1031783375,0.0,0.0,0.002938472555
0.2269185729,0.5055651595,0.0,0.2515984666,0.0,0.0,0.01591780091
0.1605195772,0.5341765133,0.0,0.2964792753,0.0,0.0,0.008824634164
0.2060708997,0.6869255553,0.0,0.09483748315,0.0,0.0,0.01216606182
0.1195655366,0.5421211984,0.0,0.3196528064,0.0,0.0,0.01866045865
0.1443769636,0.6459608521,0.0,0.1937809749,0.0,0.0,0.01588120942
0.2194343925,0.6148082076,0.0,0.1639688417,0.0,0.0,0.001788558179
0.2061372969,0.7510779212,0.0,0.03235711492,0.0,0.0,0.01042766706
0.1290761531,0.5115577437,0.0,0.3509670851,0.0,0.0,0.008399018082
0.2126487661,0.5574024138,0.0,0.214045875,0.0,0.0,0.01590294512
0.1645041538,0.6857129317,0.0,0.1462688117,0.0,0.0,0.003514102794
0.1581719891,0.7677842376,0.0,0.07320521129,0.0,0.0,0.0008385620174
0.2091394225,0.5085955696,0.0,0.269130448,0.0,0.0,0.0131345599
0.1892780048,0.5730157445,0.0,0.2315906338,0.0,0.0,0.006115616928
0.230037419,0.7403550599,0.0,0.01131213241,0.0,0.0,0.01829538865
0.129965118,0.6388359609,0.0,0.218463384,0.0,0.0,0.01273553712
0.1377176823,0.5658944542,0.0,0.286635011,0.0,0.0,0.009752852484
0.1803557103,0.6809019951,0.0,0.1221816153,0.0,0.0,0.01656067929
0.1616512443,0.5784932534,0.0,0.2574787641,0.0,0.0,0.002376738287
0.1710845433,0.5116792098,0.0,0.3042975175,0.0,0.0,0.01293872934
0.1778813325,0.7627323057,0.0,0.04993898599,0.0,0.0,0.00944737578
0.1429178682,0.6745299638,0.0,0.1757913204,0.0,0.0,0.006760847576
0.17273506,0.5965145516,0.0,0.2206814194,0.0,0.0,0.01006896894
0.2196058007,0.4645446805,0.0,0.3139806487,0.0,0.0,0.001868870107
0.1699663815,0.7924349246,0.0,0.02085792524,0.0,0.0,0.01674076866
0.1584419357,0.6882494609,0.0,0.134680734,0.0,0.0,0.01862786946
0.1975349647,0.5772075232,0.0,0.221293218,0.0,0.0,0.003964294053
0.1530650584,0.5390423893,0.0,0.295189761,0.0,0.0,0.01270279125
0.1923391783,0.7391350268,0.0,0.06249825048,0.0,0.0,0.006027544404
0.2382617076,0.6536219004,0.0,0.09433697494,0.0,0.0,0.01377941703
0.1445679502,0.5841590208,0.0,0.270370046,0.0,0.0,0.0009029829567
0.1093859207,0.5451293569,0.0,0.3423523572,0.0,0.0,0.003132365081
0.1959368444,0.6171051372,0.0,0.1787189671,0.0,0.0,0.008239051275
0.1636438537,0.505439488,0.0,0.315414004,0.0,0.0,0.01550265427
0.2174386024,0.5429179248,0.0,0.2343081113,0.0,0.0,0.005335361511
0.151762879,0.7275095649,0.0,0.1104950021,0.0,0.0,0.01023255403
0.1808151862,0.7647949395,0.0,0.04218322668,0.0,0.0,0.01220664771
0.1926560715,0.4926519284,0.0,0.3074153126,0.0,0.0,0.007276687519
0.1580975209,0.6170570352,0.0,0.2058810415,0.0,0.0,0.0189644024
0.1163875572,0.513288707,0.0,0.3632373511,0.0,0.0,0.007086384672
0.1308644333,0.6019332409,0.0,0.2580023201,0.0,0.0,0.009200005768
0.214361261,0.7008283405,0.0,0.0820028081,0.0,0.0,0.002807590419
0.1659448506,0.5446884583,0.0,0.2846424947,0.0,0.0,0.004724196455
0.1540192953,0.7061495307,0.0,0.1374806639,0.0,0.0,0.002350510045
0.1824304876,0.8011898409,0.0,0.0119319847,0.0,0.0,0.004447686809
0.1698680499,0.4779326725,0.0,0.3351857218,0.0,0.0,0.01701355578
0.1615654751,0.601964621,0.0,0.2289539165,0.0,0.0,0.007515987349
0.1646223295,0.6453120524,0.0,0.1787916803,0.0,0.0,0.01127393771
0.1222371804,0.5147763995,0.0,0.3482350223,0.0,0.0,0.0147513979
0.1216368466,0.5814087662,0.0,0.2798136298,0.0,0.0,0.01714075736
0.2244839479,0.6963108732,0.0,0.06565679955,0.0,0.0,0.0135483793
0.1922180801,0.6089035833,0.0,0.1976766678,0.0,0.0,0.001201668775
0.2128551358,0.4817640968,0.0,0.2963847863,0.0,0.0,0.008995981148
0.1600602782,0.7949351558,0.0,0.03905943932,0.0,0.0,0.005945126646
0.1747900668,0.703934688,0.0,0.1134355601,0.0,0.0,0.007839685145
0.2001095791,0.5400703012,0.0,0.2485133323,0.0,0.0,0.01130678739
0.1408768037,0.5433881783,0.0,0.3119133776,0.0,0.0,0.003821640337
0.1969639354,0.6964376102,0.0,0.0916136926,0.0,0.0,0.01498476174
0.2276784495,0.655151386,0.0,0.1107715748,0.0,0.0,0.006398589644
0.1388218416,0.6012072579,0.0,0.2486968716,0.0,0.0,0.01127402893
0.1085029512,0.5039994598,0.0,0.3739828108,0.0,0.0,0.01351477827
0.1847761351,0.6414095923,0.0,0.1563157831,0.0,0.0,0.01749848957
0.2187431502,0.7459962818,0.0,0.02821206564,0.0,0.0,0.007048502321
0.1399863407,0.6587385037,0.0,0.1967345051,0.0,0.0,0.004540650509
0.1322399958,0.5646326626,0.0,0.3012378115,0.0,0.0,0.001889530124
0.2354521933,0.692598895,0.0,0.05696677881,0.0,0.0,0.01498213295
0.1943848553,0.6990413677,0.0,0.1016352886,0.0,0.0,0.004938488316
0.1565479806,0.5936644744,0.0,0.2359710714,0.0,0.0,0.01381647363
0.1982387059,0.5229211,0.0,0.2758059316,0.0,0.0,0.003034262514
0.1773204848,0.7254578925,0.0,0.07969977916,0.0,0.0,0.01752184351
0.141680725,0.6945175305,0.0,0.1486905685,0.0,0.0,0.01511117595
0.1514220794,0.4893592702,0.0,0.3478720033,0.0,0.0,0.01134664702
0.2167825361,0.6602514023,0.0,0.1194612967,0.0,0.0,0.003504764915
0.1204963339,0.582804807,0.0,0.2882481718,0.0,0.0,0.008450687309
0.1507444937,0.6263093146,0.0,0.2174399142,0.0,0.0,0.0055062774
0.2360114678,0.6081663759,0.0,0.1471079897,0.0,0.0,0.008714166628
0.1389898666,0.5084123964,0.0,0.3354877599,0.0,0.0,0.01710997709
0.214212697,0.5906886825,0.0,0.1863002844,0.0,0.0,0.008798336088
0.1498046674,0.6682899473,0.0,0.1681068544,0.0,0.0,0.01379853087
0.1691584201,0.7641144848,0.0,0.05562967127,0.0,0.0,0.01109742381
0.2219425924,0.4858701286,0.0,0.2862179851,0.0,0.0,0.005969293972
0.1673976642,0.5609869835,0.0,0.2567417368,0.0,0.0,0.01487361543
0.150772139,0.5054650119,0.0,0.3336219658,0.0,0.0,0.01014088333
0.1440445943,0.652610754,0.0,0.1874185065,0.0,0.0,0.01592614532
0.1683768803,0.7513442522,0.0,0.06132660022,0.0,0.0,0.01895226728
0.1895921728,0.5230263469,0.0,0.2830275225,0.0,0.0,0.004353957896
0.1524300091,0.5596260043,0.0,0.2755934265,0.0,0.0,0.01235056013
0.1733271981,0.6889094302,0.0,0.1312745336,0.0,0.0,0.006488838144
0.1369577157,0.567127825,0.0,0.2951759778,0.0,0.0,0.0007384814543
0.1317448748,0.6368642024,0.0,0.2278084421,0.0,0.0,0.00358248066
0.2409421296,0.7303792736,0.0,0.02063392319,0.0,0.0,0.008044673678
0.1741526287,0.5611874128,0.0,0.2485707879,0.0,0.0,0.01608917054
0.2236667576,0.5184583666,0.0,0.2529973147,0.0,0.0,0.004877561036
0.1529347244,0.7488260606,0.0,0.08810942516,0.0,0.0,0.01012978978
0.1626359573,0.663815583,0.0,0.1610724496,0.0,0.0,0.01247601014
0.2179819241,0.5729750875,0.0,0.201602202,0.0,0.0,0.007440786433
0.1287665937,0.4875861367,0.0,0.3650490049,0.0,0.0,0.01859826467
0.2110936364,0.6222930987,0.0,0.1562077733,0.0,0.0,0.01040549156
0.1503733714,0.6430042588,0.0,0.1999394089,0.0,0.0,0.006682960933
0.1161667719,0.5477882535,0.0,0.3267302237,0.0,0.0,0.00931475082
0.2017094434,0.6891827782,0.0,0.1066807854,0.0,0.0,0.002426993046
0.2037580621,0.7091907136,0.0,0.07431475487,0.0,0.0,0.01273646938
0.1296765393,0.6031176452,0.0,0.2485562086,0.0,0.0,0.01864960694
0.1178564936,0.5115330789,0.0,0.354558321,0.0,0.0,0.01605210645
0.1852841034,0.6561535213,0.0,0.1483844554,0.0,0.0,0.01017791991
0.1655443638,0.6368346815,0.0,0.1890309891,0.0,0.0,0.008589965614
0.1777139894,0.478541087,0.0,0.3278280134,0.0,0.0,0.01591691018
0.1924375334,0.7737701739,0.0,0.03074106827,0.0,0.0,0.003051224476
0.1511558143,0.7491487645,0.0,0.09874191239,0.0,0.0,0.0009535087207
0.2280670624,0.5138326254,0.0,0.2447839733,0.0,0.0,0.01331633888
0.1671698127,0.5284912545,0.0,0.2986007621,0.0,0.0,0.005738170726
0.1982499364,0.6146499412,0.0,0.1688102654,0.0,0.0,0.018289857
0.1131674482,0.539420282,0.0,0.3353302273,0.0,0.0,0.01208204253
0.1389856065,0.585095036,0.0,0.265976601,0.0,0.0,0.009942756536
0.1901366799,0.7427936053,0.0,0.05077755563,0.0,0.0,0.01629215915
0.1509631913,0.5628660134,0.0,0.2833230183,0.0,0.0,0.002847777046
0.1970994869,0.5573285414,0.0,0.2331814576,0.0,0.0,0.01239051407
0.1610750264,0.7097497406,0.0,0.1198965279,0.0,0.0,0.009278705097
0.1764105441,0.8093122052,0.0,0.006985531148,0.0,0.0,0.007291719604
0.2106952327,0.4497419388,0.0,0.329648558,0.0,0.0,0.009914270492
0.199486023,0.6540084159,0.0,0.1390768865,0.0,0.0,0.00742867468
0.1137290581,0.523668529,0.0,0.3582987624,0.0,0.0,0.004303650468
0.1405734358,0.6212749613,0.0,0.2358071231,0.0,0.0,0.002344479727
0.222139135,0.6380631207,0.0,0.124712347,0.0,0.0,0.01508539729
0.1946044014,0.7227425745,0.0,0.07779753254,0.0,0.0,0.004855491583
0.1387176876,0.5399771204,0.0,0.3073004059,0.0,0.0,0.01400478609
0.2101486857,0.5360410476,0.0,0.2509165614,0.0,0.0,0.002893705381
0.1685352667,0.7117628091,0.0,0.1025918208,0.0,0.0,0.01711010334
0.1658464724,0.7933015807,0.0,0.0254693111,0.0,0.0,0.01538263575
0.1985778207,0.4937734234,0.0,0.30661286,0.0,0.0,0.001035895883
0.1957730029,0.603413654,0.0,0.189954648,0.0,0.0,0.01085869517
0.226915834,0.7143446191,0.0,0.05505383953,0.0,0.0,0.00368570745
0.1218648937,0.6057662227,0.0,0.2643606524,0.0,0.0,0.008008231297
0.1320606685,0.5333817038,0.0,0.3289937047,0.0,0.0,0.005563923059
0.1725346074,0.6607651458,0.0,0.1654068691,0.0,0.0,0.001293377673
0.1689858307,0.5955151311,0.0,0.2179473368,0.0,0.0,0.01755170137
0.1642560966,0.4823296781,0.0,0.3449067629,0.0,0.0,0.008507462442
0.1516016758,0.7072491586,0.0,0.129621511,0.0,0.0,0.01152765453
0.1579967596,0.5478335578,0.0,0.2793604092,0.0,0.0,0.01480927342
0.1665307747,0.5659917157,0.0,0.2625550762,0.0,0.0,0.00492243341
0.2315138767,0.4770943621,0.0,0.2774310475,0.0,0.0,0.01396071364
0.1621280267,0.7673318807,0.0,0.06862535848,0.0,0.0,0.001914734205
0.1546395515,0.6632495345,0.0,0.1776012725,0.0,0.0,0.004509641414
0.200369477,0.5996124254,0.0,0.1823769543,0.0,0.0,0.01764114329
0.1425125484,0.5118916997,0.0,0.3385639007,0.0,0.0,0.007031851129
0.2036017353,0.7681012013,0.0,0.01652113693,0.0,0.0,0.01177592642
0.235628936,0.6298372342,0.0,0.1338631731,0.0,0.0,0.000670656632
0.1482022871,0.6069343205,0.0,0.2302151007,0.0,0.0,0.01464829171
0.1148761333,0.5644268047,0.0,0.3030713101,0.0,0.0,0.01762575186
0.2024433751,0.6486597095,0.0,0.1353837177,0.0,0.0,0.0135131977
0.1611673001,0.4864463663,0.0,0.3507641801,0.0,0.0,0.001622153556
0.2335617185,0.5667484334,0.0,0.1910281546,0.0,0.0,0.008661693453
0.143161653,0.6941278984,0.0,0.1570348963,0.0,0.0,0.00567555232
0.1749037058,0.7274780866,0.0,0.08928634385,0.0,0.0,0.008331863769
0.1996657515,0.5215018221,0.0,0.2674365362,0.0,0.0,0.01139589029
0.1512415485,0.59859808,0.0,0.2464503848,0.0,0.0,0.00370998675
0.1871214648,0.6837338546,0.0,0.1139230914,0.0,0.0,0.0152215892
0.2488574093,0.6988531279,0.0,0.0460686791,0.0,0.0,0.006220783711
0.1220066252,0.5466705301,0.0,0.3205439938,0.0,0.0,0.01077885086
0.1395874287,0.6344246041,0.0,0.2121918049,0.0,0.0,0.0137961622
0.2175944328,0.7266549762,0.0,0.03877656998,0.0,0.0,0.0169740211
0.1859005268,0.61601069,0.0,0.1938690271,0.0,0.0,0.004219756072
0.212574812,0.4731219858,0.0,0.3027312087,0.0,0.0,0.01157199344
0.1707528782,0.7776301964,0.0,0.04379156003,0.0,0.0,0.007825365456
0.1613735862,0.7238629343,0.0,0.109707663,0.0,0.0,0.00505581647
0.1976847677,0.5500472046,0.0,0.242726666,0.0,0.0,0.009541361619
0.1475359075,0.5358548158,0.0,0.3144008196,0.0,0.0,0.002208457079
0.1806812297,0.7139166346,0.0,0.0883804967,0.0,0.0,0.01702163898
0.2440460407,0.6349084605,0.0,0.1129970036,0.0,0.0,0.008048495236
0.14109938,0.589805982,0.0,0.2550121739,0.0,0.0,0.01408246404
0.1056000556,0.5146286361,0.0,0.368205915,0.0,0.0,0.01156539334
0.2071611565,0.6230855841,0.0,0.1558010477,0.0,0.0,0.01395221173
0.1673863141,0.5354116927,0.0,0.2897602875,0.0,0.0,0.007441705727
0.2284263668,0.5384110107,0.0,0.2157766507,0.0,0.0,0.01738597181
0.1453906573,0.7175871814,0.0,0.1329610867,0.0,0.0,0.004061074551
0.1914071767,0.7887478184,0.0,0.0186063086,0.0,0.0,0.001238696343
0.1768577267,0.4717487111,0.0,0.3361081879,0.0,0.0,0.01528537426
0.1617884407,0.6088525253,0.0,0.2237154054,0.0,0.0,0.005643628574
0.1760223718,0.6278753849,0.0,0.1830409046,0.0,0.0,0.0130613387
0.2452300173,0.72868134,0.0,0.02345635608,0.0,0.0,0.002632286676
0.1199840138,0.5158917756,0.0,0.3461123524,0.0,0.0,0.01801185811
0.1220508257,0.5783827603,0.0,0.284175348,0.0,0.0,0.015391066
0.2121679247,0.7165827944,0.0,0.06024180712,0.0,0.0,0.01100747377
0.1987474095,0.6839881351,0.0,0.1155283232,0.0,0.0,0.001736132171
0.1241174163,0.5801248676,0.0,0.290564552,0.0,0.0,0.005193164142
0.1451263654,0.6332780049,0.0,0.2144186689,0.0,0.0,0.007176960762
0.2154536691,0.6270566276,0.0,0.1455152365,0.0,0.0,0.01197446681
0.2189809019,0.766849746,0.0,0.009696991437,0.0,0.0,0.004472360625
0.1357800244,0.5191798518,0.0,0.3306829322,0.0,0.0,0.01435719161
0.21566558,0.5890567581,0.0,0.1894213587,0.0,0.0,0.005856303145
0.1613573003,0.6550955322,0.0,0.1716657315,0.0,0.0,0.01188143605
0.1560471415,0.7795225267,0.0,0.04983127157,0.0,0.0,0.01459906024
0.2148883915,0.4925620758,0.0,0.2850193786,0.0,0.0,0.007530154075
0.1749644986,0.5490157065,0.0,0.2593767476,0.0,0.0,0.01664304731
0.236034378,0.7261993047,0.0,0.03243220863,0.0,0.0,0.00533410869
0.23655563,0.585983977,0.0,0.1624026575,0.0,0.0,0.01505773555
0.1392111727,0.668970009,0.0,0.1901448891,0.0,0.0,0.001673929213
0.1310014798,0.5565974481,0.0,0.3086033046,0.0,0.0,0.003797767568
0.1828849587,0.7102730825,0.0,0.09867001801,0.0,0.0,0.008171940801
0.159762131,0.5893607243,0.0,0.2402411176,0.0,0.0,0.01063602704
0.1887592869,0.5381906308,0.0,0.2725809831,0.0,0.0,0.0004690991187
0.1673565143,0.7413523236,0.0,0.07557992769,0.0,0.0,0.0157112345
0.1476419427,0.6808155105,0.0,0.1535887488,0.0,0.0,0.01795379789
0.1512572765,0.4927264661,0.0,0.3430290228,0.0,0.0,0.01298723459
0.1381493088,0.6307711745,0.0,0.2204754321,0.0,0.0,0.01060408463
0.1305166396,0.5716727193,0.0,0.2850793804,0.0,0.0,0.01273126068
0.2390527662,0.677243056,0.0,0.07679501022,0.0,0.0,0.006909167519
0.1800444572,0.6729172376,0.0,0.128805418,0.0,0.0,0.0182328872
0.1507876585,0.5928083689,0.0,0.2555774066,0.0,0.0,0.0008265660291
0.1957394994,0.4947662266,0.0,0.2987440306,0.0,0.0,0.01075024343
0.1803302832,0.7572851872,0.0,0.05588354657,0.0,0.0,0.006500983011
0.1426387626,0.6789728853,0.0,0.169610737,0.0,0.0,0.008777615099
0.2319089926,0.5711842475,0.0,0.1843019333,0.0,0.0,0.0126048266
0.1645915985,0.5137123399,0.0,0.318407777,0.0,0.0,0.003288284667
0.2130488927,0.6789820187,0.0,0.09866855444,0.0,0.0,0.00930053417
0.1122196638,0.555142398,0.0,0.3155452946,0.0,0.0,0.01709264358
0.1560947543,0.6267815285,0.0,0.1983015077,0.0,0.0,0.01882220958
0.222771157,0.605609119,0.0,0.1683232239,0.0,0.0,0.003296500057
0.1970657081,0.7623923406,0.0,0.02799765769,0.0,0.0,0.01254429365
0.1412625873,0.5011450727,0.0,0.3512091345,0.0,0.0,0.006383205445
0.1984833442,0.5750246372,0.0,0.2118420045,0.0,0.0,0.01465001409
0.1634333065,0.7559927916,0.0,0.07811239269,0.0,0.0,0.002461509163
0.2327845781,0.4838915655,0.0,0.2677571905,0.0,0.0,0.01556666594
0.1688561738,0.5894830058,0.0,0.2325927627,0.0,0.0,0.009068057597
0.1508864779,0.5162996313,0.0,0.3150860426,0.0,0.0,0.01772784816
0.1529425118,0.7179186878,0.0,0.1156558947,0.0,0.0,0.01348290568
0.1814754309,0.7713958009,0.0,0.03662087944,0.0,0.0,0.01050788875
0.173993712,0.5138537686,0.0,0.3076336484,0.0,0.0,0.004518870962
0.1680063724,0.6073785902,0.0,0.2087509069,0.0,0.0,0.01586413054
0.1753258117,0.6682663071,0.0,0.1534602009,0.0,0.0,0.002947680336
0.1231448759,0.501402752,0.0,0.3668091023,0.0,0.0,0.008643269766
0.1259677688,0.6160331917,0.0,0.2519418762,0.0,0.0,0.006057163197
0.2150767404,0.6975599733,0.0,0.08637767878,0.0,0.0,0.0009856074335
0.1890267153,0.5779084719,0.0,0.2216159179,0.0,0.0,0.0114488949
0.199018002,0.4782002701,0.0,0.3191128214,0.0,0.0,0.003668906471
0.1658199225,0.8000846161,0.0,0.01421930193,0.0,0.0,0.01987615951
0.1642659726,0.6793881325,0.0,0.1399319537,0.0,0.0,0.01641394116
0.2170903678,0.5619361285,0.0,0.2196700977,0.0,0.0,0.001303405967
0.1392545836,0.5565569433,0.0,0.294401554,0.0,0.0,0.009786919165
0.1970868392,0.7247506163,0.0,0.06906165872,0.0,0.0,0.009100885853
0.2372907921,0.657089747,0.0,0.08905463353,0.0,0.0,0.01656482736
0.1336664803,0.5936698373,0.0,0.2698422927,0.0,0.0,0.002821389713
0.1876784752,0.6311392448,0.0,0.174413037,0.0,0.0,0.006769242998
0.1528923293,0.3179015213,0.244688887,0.279311529,0.0,0.0,0.005205733466
0.1978147913,0.6201451856,0.1231969442,0.0412245616,0.0,0.0,0.01761851732
0.1480041609,0.6256965073,0.01977451354,0.1939270468,0.0,0.0,0.01259777144
0.1407390516,0.4090773166,0.08887725787,0.3602225719,0.0,0.0,0.00108380208
0.1913094159,0.5212531419,0.1436177015,0.1272657397,0.0,0.0,0.01655400099
0.1319104278,0.4697909015,0.0370459354,0.3585685459,0.0,0.0,0.002684189374
0.126755026,0.5601006435,0.2413076896,0.0624315873,0.0,0.0,0.009405053596
0.1274219363,0.2078459247,0.2673618328,0.3805938349,0.0,0.0,0.01677647133
0.1330241654,0.6107390235,0.07387263533,0.1753647438,0.0,0.0,0.006999431928
0.1129775219,0.3901236865,0.1831840073,0.3121747263,0.0,0.0,0.001540058063
0.1143078232,0.2793344313,0.1829151261,0.4138617743,0.0,0.0,0.009580845086
0.2070221657,0.6788528867,0.005960603985,0.09684450358,0.0,0.0,0.01131984001
0.1708699154,0.6375508953,0.149722135,0.0271870402,0.0,0.0,0.01467001404
0.1982750861,0.5064433448,0.0367337643,0.253716898,0.0,0.0,0.004830906747
0.1658953687,0.4746697347,0.3082277452,0.03858415059,0.0,0.0,0.01262300089
0.1278072671,0.5003567934,0.08742242245,0.2755643728,0.0,0.0,0.008849144191
0.1127601917,0.4576149117,0.2081111783,0.2177861823,0.0,0.0,0.003727536004
0.2197424967,0.3882997233,0.155212577,0.2178514293,0.0,0.0,0.0188937737
0.1438698276,0.7117742337,0.05475978913,0.08732334465,0.0,0.0,0.002272804893
0.2344660453,0.498963221,0.1201410618,0.1325549329,0.0,0.0,0.01387473902
0.24579488,0.551222324,0.1454999536,0.05671350514,0.0,0.0,0.0007693372931
0.1693936548,0.5140303215,0.0593615834,0.2397601406,0.0,0.0,0.01745429968
0.1875537541,0.3476435783,0.1085584119,0.3504532858,0.0,0.0,0.005790969836
0.1930177116,0.2222691282,0.2623390504,0.3119952141,0.0,0.0,0.0103788957
0.1735845763,0.7051947164,0.09867134182,0.01004275143,0.0,0.0,0.01250661404
0.2218360374,0.6120697277,0.0166357204,0.145247145,0.0,0.0,0.004211369421
0.1130821641,0.2912023193,0.2204222053,0.3528197706,0.0,0.0,0.02247354067
0.1502851088,0.5482819463,0.1156257153,0.1840094259,0.0,0.0,0.001797803789
0.1045707342,0.4449886367,0.1579228672,0.2854840928,0.0,0.0,0.007033669089
0.1090068404,0.5165776975,0.01454674839,0.3522626367,0.0,0.0,0.007606077061
0.1354110802,0.4536635792,0.2902276139,0.117296973,0.0,0.0,0.003400753786
0.2130521254,0.5188683823,0.06115317947,0.1917827013,0.0,0.0,0.01514361154
0.1524116899,0.3595696688,0.2575986793,0.2243751326,0.0,0.0,0.006044829414
0.1354298961,0.4640093052,0.07944413479,0.3073787219,0.0,0.0,0.01373794206
0.1328223455,0.6027335737,0.2115051534,0.03093731174,0.0,0.0,0.02200161571
0.1443044234,0.6437437787,0.0477522483,0.1465143473,0.0,0.0,0.01768520232
0.2238444599,0.5942675073,0.09479317244,0.07806123136,0.0,0.0,0.009033629013
0.1339470797,0.3970045513,0.200981035,0.2524627784,0.0,0.0,0.01560455554
0.1905354253,0.7145330132,0.02776383784,0.06018787444,0.0,0.0,0.006979849177
0.251985431,0.4863632358,0.2268487596,0.01840949255,0.0,0.0,0.01639308105
0.1535445426,0.4967552901,0.171616928,0.1690348745,0.0,0.0,0.009048364792
0.210792382,0.4302745631,0.04532128242,0.3044269019,0.0,0.0,0.009184870539
0.1945560595,0.39473029,0.2071556553,0.1840264221,0.0,0.0,0.01953157309
0.1633976006,0.5218975441,0.01489301837,0.2990572058,0.0,0.0,0.0007546311257
0.2189478762,0.4139006646,0.08793861035,0.2675674931,0.0,0.0,0.01164535567
0.1590740994,0.1788085041,0.2403656795,0.4092474511,0.0,0.0,0.01250426594
0.1430072257,0.5951552296,0.1219665564,0.1296662967,0.0,0.0,0.01020469163
0.1204977377,0.4584290693,0.1586002914,0.2570709041,0.0,0.0,0.005401997544
0.2187987006,0.6522765962,0.06085714122,0.05202452312,0.0,0.0,0.01604303889
0.1317596994,0.3511495439,0.2781759984,0.2369684963,0.0,0.0,0.001946261981
0.1780721573,0.6431147013,0.06890255359,0.09003699617,0.0,0.0,0.01987359172
0.1284549571,0.5801954141,0.03462167359,0.2459001229,0.0,0.0,0.01082783233
0.1235105296,0.4172181557,0.2290133298,0.211450485,0.0,0.0,0.01880749986
0.1746206886,0.4079173372,0.1059210223,0.3090799067,0.0,0.0,0.002461045249
0.1964168811,0.4685317455,0.2300862286,0.08982391657,0.0,0.0,0.01514122816
0.1551668038,0.516632133,0.100247381,0.2228349321,0.0,0.0,0.005118750053
0.1228938932,0.5764149136,0.1449966605,0.155084524,0.0,0.0,0.0006100087153
0.2190151335,0.3236078448,0.1736370303,0.2663134415,0.0,0.0,0.01742655001
0.2037934503,0.5340223382,0.0733118904,0.1774399757,0.0,0.0,0.01143234539
0.1209763973,0.3400865463,0.1709848245,0.3599628053,0.0,0.0,0.007989426626
0.1572373341,0.6249207398,0.04949187498,0.1543045724,0.0,0.0,0.01404547867
0.2099367629,0.3866172266,0.2871113939,0.1123682902,0.0,0.0,0.003966326441
0.1762664293,0.5324199805,0.1977210388,0.08180325259,0.0,0.0,0.01178929876
0.2388026864,0.5260785785,0.02692054861,0.2009540757,0.0,0.0,0.00724411078
0.1901468432,0.5911799914,0.08789108173,0.1263947528,0.0,0.0,0.00438733085
0.1250198973,0.5016823204,0.05628955769,0.3111990847,0.0,0.0,0.005809139897
0.138717884,0.5417060456,0.2617799407,0.0565475119,0.0,0.0,0.001248617842
0.1558451021,0.4391580323,0.1233248294,0.2634638173,0.0,0.0,0.01820821894
0.2335453733,0.5838907555,0.1713852713,0.007991511514,0.0,0.0,0.00318708839
0.1471697196,0.5466325201,0.01041061646,0.280705103,0.0,0.0,0.01508204084
0.2098659679,0.3351403454,0.2019818954,0.2461986592,0.0,0.0,0.0068131321
0.1407916676,0.6589218499,0.1186941384,0.06559500475,0.0,0.0,0.0159973393
0.1748696413,0.3995444921,0.1349579703,0.2780232614,0.0,0.0,0.0126046349
0.2088033734,0.7292953114,0.04117967287,0.01200574467,0.0,0.0,0.008715897667
0.1514913055,0.5316325587,0.192681196,0.1179398031,0.0,0.0,0.006255136801
0.1710399777,0.4627411608,0.003727998083,0.3505644708,0.0,0.0,0.0119263926
0.1457703217,0.4224474257,0.2504999031,0.1713566581,0.0,0.0,0.009925691313
0.1000879001,0.3828520543,0.1293291747,0.3770306599,0.0,0.0,0.01070021109
0.1379124918,0.5816556091,0.1757920135,0.0867330726,0.0,0.0,0.01790681302
0.1629269428,0.3240523189,0.1912185993,0.3192615937,0.0,0.0,0.002540545204
0.1312522881,0.6296050385,0.02518191985,0.1947139796,0.0,0.0,0.01924677402
0.1715084057,0.362964833,0.1462626619,0.3064191163,0.0,0.0,0.01284498309
0.1887101178,0.5978366845,0.03166743689,0.1761818126,0.0,0.0,0.005603948219
0.1116267447,0.4691252333,0.06655013889,0.3478226598,0.0,0.0,0.004875223259
0.1469921632,0.564618311,0.183715424,0.09388892057,0.0,0.0,0.01078518126
0.1992949128,0.5741853508,0.01441348581,0.2015378438,0.0,0.0,0.01056840682
0.1768785477,0.4759819934,0.2573142941,0.08227763314,0.0,0.0,0.007547531647
0.1366816274,0.4817070668,0.1232760174,0.2425163658,0.0,0.0,0.01581892264
0.1281357292,0.5619801862,0.1715625371,0.1157536702,0.0,0.0,0.02256787724
0.1938205156,0.3211762925,0.1944149934,0.2878916604,0.0,0.0,0.002696538101
0.1679062735,0.7758080446,0.01952520281,0.02061046384,0.0,0.0,0.01615001529
0.2304754106,0.5299582466,0.08876684806,0.1432412521,0.0,0.0,0.007558242653
0.2001084532,0.6620192976,0.0833686424,0.05400988652,0.0,0.0,0.0004937203001
0.1218108498,0.5281984218,0.05250432234,0.2883747298,0.0,0.0,0.009111676199
0.1151198614,0.425744549,0.2512477018,0.2031068146,0.0,0.0,0.004781073234
0.1457387542,0.3668773057,0.1304654532,0.3389669681,0.0,0.0,0.01795151882
0.1593670154,0.451376914,0.1917396981,0.1953408793,0.0,0.0,0.002175493125
0.1281784803,0.516354787,0.2843003058,0.05354339193,0.0,0.0,0.01762303493
0.1280171162,0.2309132218,0.2293553016,0.4024606456,0.0,0.0,0.009253714809
0.1229595667,0.6123791532,0.1064286346,0.1468197436,0.0,0.0,0.01141290194
0.1529418654,0.4777180517,0.1391057734,0.2141128983,0.0,0.0,0.01612141125
0.2026108995,0.4491618484,0.2183193298,0.1173314083,0.0,0.0,0.01257651406
0.1202199565,0.3612606021,0.1081015549,0.4003660826,0.0,0.0,0.01005180389
0.1295762355,0.6345781062,0.1564997698,0.07423275385,0.0,0.0,0.005113134586
0.2253864879,0.2670991527,0.1622615006,0.3282314832,0.0,0.0,0.01702137554
0.1645934478,0.67484463,0.009356684129,0.1503133141,0.0,0.0,0.0008919240493
0.2379373011,0.6652920182,0.06947468692,0.01474614645,0.0,0.0,0.01254984727
0.1560986068,0.4065074409,0.157935676,0.2714674716,0.0,0.0,0.007990804733
0.1926545337,0.7077239443,0.06010133784,0.02848900214,0.0,0.0,0.01103118197
0.2634713363,0.3977162708,0.258127869,0.07907075169,0.0,0.0,0.001613772238
0.11341282,0.5336918958,0.09911837881,0.2322801853,0.0,0.0,0.02149672014
0.1383726962,0.4584391348,0.2183777194,0.1680246583,0.0,0.0,0.01678579129
0.1957244299,0.4701081115,0.01892462615,0.3094335633,0.0,0.0,0.005809269032
0.22057829,0.5122512686,0.1966173819,0.05219480006,0.0,0.0,0.01835825946
0.1664007343,0.5646513088,0.02609390221,0.2390052369,0.0,0.0,0.003848817809
0.2325642312,0.3987521046,0.07758439329,0.2800045278,0.0,0.0,0.01109474309
0.2437833256,0.3148668194,0.2177032638,0.210010215,0.0,0.0,0.01363637624
0.1376195742,0.6173024403,0.1371019003,0.1019550301,0.0,0.0,0.006021055101
0.2200547192,0.5898501052,0.05100744841,0.1215861918,0.0,0.0,0.01750153534
0.1655092244,0.6268142911,0.07604487793,0.1156477594,0.0,0.0,0.01598384719
0.2425648875,0.4619499782,0.1302498894,0.1585233083,0.0,0.0,0.006711936586
0.1061101163,0.5111794602,0.04174937319,0.3267427496,0.0,0.0,0.01421830071
0.1727703652,0.5546310475,0.2409885113,0.008992442247,0.0,0.0,0.02261763377
0.2083283175,0.4191716199,0.09671215366,0.2735742825,0.0,0.0,0.002213626544
0.2288305082,0.4710395849,0.2648899321,0.02429744553,0.0,0.0,0.01094252922
0.1529272566,0.4923399769,0.06938300195,0.2741728709,0.0,0.0,0.01117689367
0.1702006735,0.7027566328,0.03829933157,0.07081419148,0.0,0.0,0.01792917058
0.1981233593,0.5841129466,0.1093804995,0.1026483188,0.0,0.0,0.005734875767
0.1065862843,0.2813929888,0.2079856507,0.3915663548,0.0,0.0,0.01246872133
0.1830651608,0.6558556004,0.02213822424,0.1315899078,0.0,0.0,0.007351106829
0.1929181317,0.333861661,0.2422330698,0.2090995701,0.0,0.0,0.02188756745
0.1788137922,0.6100412766,0.1672019903,0.03649073967,0.0,0.0,0.007452201231
0.2022117584,0.4799339018,0.05332042692,0.2509988946,0.0,0.0,0.01353501823
0.205948981,0.4980413887,0.1579680824,0.1336316489,0.0,0.0,0.004409898936
0.1293603808,0.4354835616,0.05532228661,0.362973862,0.0,0.0,0.01685990895
0.1440684765,0.2092444807,0.2830034728,0.357551888,0.0,0.0,0.00613168208
0.1324237168,0.5654186813,0.09320483828,0.1950249681,0.0,0.0,0.0139277955
0.1098203259,0.3046281605,0.2371340201,0.3305790907,0.0,0.0,0.01783840286
0.2653780084,0.4965349085,0.1735437455,0.05014965482,0.0,0.0,0.01439368285
0.1279998053,0.6281165454,0.005347604738,0.2316229331,0.0,0.0,0.006913111439
0.1434197983,0.4373167997,0.2727032379,0.1438742308,0.0,0.0,0.002685933365
0.1703842797,0.3796153887,0.07196564655,0.3601070193,0.0,0.0,0.01792766578
0.1939952333,0.4157682372,0.1684564095,0.2154533607,0.0,0.0,0.00632675921
0.2219557903,0.6818582781,0.01299147328,0.07144747725,0.0,0.0,0.01174698112
0.115203527,0.4656043069,0.1183808246,0.2832773139,0.0,0.0,0.01753402755
0.1246319848,0.4898740449,0.1573842416,0.215033047,0.0,0.0,0.01307668173
0.1759465771,0.5010564585,0.03343422595,0.2806592685,0.0,0.0,0.008903469932
0.1416444602,0.3594390637,0.292726345,0.1883918123,0.0,0.0,0.01779831875
0.1140946192,0.4275457257,0.09822588066,0.3536545047,0.0,0.0,0.006479269744
0.1397663254,0.6091317071,0.2291997434,0.0197321147,0.0,0.0,0.002170109383
0.1763060661,0.2763324362,0.1454342807,0.3858581599,0.0,0.0,0.01606905712
0.1448484223,0.6741325054,0.06555721032,0.112675202,0.0,0.0,0.002786659916
0.2353744394,0.5791268963,0.1118255859,0.06315958333,0.0,0.0,0.01051349505
0.149032792,0.5166741188,0.1397000948,0.1748329088,0.0,0.0,0.01976008563
0.1086144443,0.4816827434,0.03127173204,0.3665311313,0.0,0.0,0.01189994897
0.1259564876,0.44661254,0.3320210105,0.07307165565,0.0,0.0,0.02233830623
0.1824203207,0.499550727,0.07906867317,0.2352925279,0.0,0.0,0.003667751188
0.187342881,0.5476435432,0.1408790249,0.1036025637,0.0,0.0,0.02053198721
0.1551701921,0.5980471276,0.04430680059,0.2004296706,0.0,0.0,0.002046209112
0.1129594966,0.4793267893,0.2495572577,0.1493533376,0.0,0.0,0.008803118731
0.1482579701,0.2900005852,0.2597651383,0.2901471456,0.0,0.0,0.01182916073
0.1496753953,0.7123957479,0.08281280383,0.04640532822,0.0,0.0,0.008710724776
0.1113538212,0.3509572022,0.1921874428,0.3414488745,0.0,0.0,0.004052659365
0.2369381073,0.4913669553,0.1792071318,0.0805221406,0.0,0.0,0.011965665
0.1922922046,0.6040532143,0.003259660868,0.1917413676,0.0,0.0,0.008653552664
0.1960155836,0.3847425524,0.0726431425,0.3312964722,0.0,0.0,0.01530224931
0.2547257942,0.2648780738,0.2027370037,0.2599572187,0.0,0.0,0.0177019096
0.1648618381,0.6987188644,0.1065242692,0.02897843651,0.0,0.0,0.0009165917889
0.1087124769,0.4180677912,0.141651107,0.3251391384,0.0,0.0,0.006429486445
0.1931060853,0.5662252885,0.04346387712,0.1852502196,0.0,0.0,0.01195452951
0.1646271802,0.5819917741,0.08319406152,0.1590923536,0.0,0.0,0.01109463063
0.1461381749,0.5054307647,0.2539931979,0.07651595823,0.0,0.0,0.01792190415
0.1971140729,0.4462691986,0.1264743468,0.2237031471,0.0,0.0,0.006439234471
0.1523237922,0.3755122711,0.2629858186,0.1887720999,0.0,0.0,0.02040601813
0.1283206298,0.4179231306,0.1172655304,0.3323692087,0.0,0.0,0.004121500433
0.1432553519,0.6655031464,0.1680043146,0.01275011174,0.0,0.0,0.01048707544
0.1619819814,0.2327115282,0.2017315232,0.3894222362,0.0,0.0,0.01415273109
0.1616691587,0.7029178672,0.01757274462,0.1128806327,0.0,0.0,0.004959596819
0.2348225051,0.597478883,0.094635123,0.05496643671,0.0,0.0,0.01809705223
0.1644559037,0.4690682647,0.1485061164,0.214338352,0.0,0.0,0.003631363245
0.1729387318,0.6789162021,0.03537321825,0.09773322549,0.0,0.0,0.0150386224
0.2483594159,0.4374129516,0.2583767601,0.04784440305,0.0,0.0,0.008006469301
0.108405895,0.5370499845,0.0706733695,0.2692151784,0.0,0.0,0.01465557258
0.1462870377,0.4483651372,0.1842873219,0.1996811961,0.0,0.0,0.02137930714
0.1213140119,0.2695132938,0.2690150483,0.3249482553,0.0,0.0,0.01520939073
0.221231034,0.6761709329,0.07436468875,0.02247059976,0.0,0.0,0.00576274464
0.1418969677,0.580149164,0.04337548267,0.2301856819,0.0,0.0,0.00439270381
0.1253458562,0.4945468609,0.2448080791,0.1234277983,0.0,0.0,0.01187140549
0.1330398419,0.3684080687,0.1025009092,0.3844755498,0.0,0.0,0.01157563039
0.1790585504,0.4626803674,0.2013000996,0.1497605719,0.0,0.0,0.007200410645
0.134944842,0.4908903804,0.02452581296,0.3357221415,0.0,0.0,0.01391682304
0.1778683351,0.2760930585,0.2292431986,0.3135890946,0.0,0.0,0.003206313152
0.1110656313,0.5256800913,0.1357458567,0.2098100614,0.0,0.0,0.01769835935
0.1193155008,0.4022579036,0.1699423188,0.2964062449,0.0,0.0,0.01207803187
0.1271225588,0.3006264932,0.1619206976,0.3906202028,0.0,0.0,0.01971004764
0.2304283429,0.2930280525,0.2665416592,0.1967008058,0.0,0.0,0.01330113968
0.1037079813,0.4615292784,0.09438791331,0.3309691931,0.0,0.0,0.009405633974
0.1608364545,0.5779142606,0.2134526629,0.04307521817,0.0,0.0,0.00472140388
0.2025466104,0.5325427734,0.02161883805,0.2277906934,0.0,0.0,0.01550108473
0.1947263116,0.5724113958,0.2233813654,0.00678743862,0.0,0.0,0.002693488573
0.1169930116,0.4417811543,0.1154230857,0.3054881279,0.0,0.0,0.02031462042
0.124604974,0.5150069163,0.1572606143,0.1873084086,0.0,0.0,0.0158190869
0.1996384129,0.381076313,0.1688835042,0.2417769636,0.0,0.0,0.00862480635
0.1582262739,0.7703541743,0.01106569173,0.05025485372,0.0,0.0,0.01009900634
0.1127832264,0.2263732239,0.2224295481,0.4322300657,0.0,0.0,0.006183935839
0.1823764152,0.5864137149,0.1077977082,0.1100293575,0.0,0.0,0.01338280418
0.1252019689,0.5241820625,0.007496782432,0.3268681024,0.0,0.0,0.01625108368
0.141392653,0.5365026401,0.2905921499,0.01745413012,0.0,0.0,0.0140584269
0.1622804965,0.4853406148,0.07269608543,0.2700657587,0.0,0.0,0.009617044497
0.2141156221,0.5729114749,0.1668825534,0.03058362823,0.0,0.0,0.01550672133
0.1492091796,0.537478429,0.05216230721,0.2544384661,0.0,0.0,0.006711618075
0.1610453053,0.2743728679,0.2953672572,0.250950144,0.0,0.0,0.01826442565
0.1497528397,0.6756334427,0.09054888875,0.0809645924,0.0,0.0,0.003100236415
0.2114891157,0.7029463102,0.02099618213,0.0466277244,0.0,0.0,0.01794066756
0.1193900268,0.5121980923,0.1289286654,0.2260598354,0.0,0.0,0.0134233802
0.1424951441,0.5246653067,0.1688546053,0.1448339613,0.0,0.0,0.01915098255
0.1679108304,0.4358044123,0.05625002309,0.3359672591,0.0,0.0,0.004067475032
0.1471133503,0.4097743894,0.2853049361,0.1350133658,0.0,0.0,0.02279395851
0.1107283972,0.4428028342,0.07135715288,0.3727932495,0.0,0.0,0.002318366222
0.1425191121,0.5852513883,0.1942388047,0.06986285376,0.0,0.0,0.008127841212
0.1910906191,0.3477276484,0.1358503721,0.3153422587,0.0,0.0,0.009989101681
0.1325726884,0.6499763587,0.04033110335,0.1682364513,0.0,0.0,0.00888339827
0.108894863,0.3282121693,0.2274048864,0.3319476081,0.0,0.0,0.003540473168
0.214165952,0.4648036817,0.1281489557,0.1834983758,0.0,0.0,0.009383034699
0.1589157984,0.4949986207,0.04618084437,0.2885277724,0.0,0.0,0.01137696411
0.2376288097,0.4298227313,0.08875991716,0.2394381782,0.0,0.0,0.004350363621
0.1847433518,0.221739392,0.2347070392,0.3581246291,0.0,0.0,0.0006855878225
0.1495105003,0.6012339724,0.08407125641,0.1463280285,0.0,0.0,0.01885624244
0.1081478498,0.4195049604,0.2031713687,0.2545774806,0.0,0.0,0.01459834041
0.1366507003,0.3452116492,0.2435899773,0.2623773589,0.0,0.0,0.01217031427
0.166019683,0.6124910886,0.1354541205,0.07747430256,0.0,0.0,0.008560805269
0.122318052,0.5698841576,0.0289366019,0.2770483556,0.0,0.0,0.001812832976
0.1668952804,0.4139898135,0.08096580104,0.3237611575,0.0,0.0,0.01438794757
0.1969114235,0.4540869703,0.2814409822,0.06324283949,0.0,0.0,0.004317784567
0.1426089622,0.4950348785,0.09811655762,0.246230498,0.0,0.0,0.01800910358
0.1172422811,0.3386068827,0.17849746,0.3490022108,0.0,0.0,0.0166511654
0.1680545202,0.6443499288,0.01451395822,0.1695357362,0.0,0.0,0.00354585657
0.2126275811,0.4215943033,0.2075948021,0.1434968265,0.0,0.0,0.01468648704
0.1809032601,0.5722523446,0.1529066434,0.09178055817,0.0,0.0,0.002157193716
0.1828222009,0.3852866173,0.2858658266,0.1446953807,0.0,0.0,0.001329974506
0.127027897,0.4037611731,0.08822053397,0.3629624412,0.0,0.0,0.01802795482
0.1452127247,0.6111019846,0.05518795095,0.1769679087,0.0,0.0,0.01152943115
0.2112545513,0.613283645,0.1230295008,0.04773041068,0.0,0.0,0.004701892174
0.1236908865,0.3354906738,0.1903968982,0.3284230053,0.0,0.0,0.02199853621
0.2189870424,0.7669191362,0.004343439355,0.008513980833,0.0,0.0,0.001236401195
0.2688896139,0.4522294707,0.2071293301,0.0604096917,0.0,0.0,0.01134189362
0.1118956404,0.5141245602,0.1081156489,0.2575867958,0.0,0.0,0.008277354657
0.1637206508,0.5709789565,0.1413039426,0.1209287699,0.0,0.0,0.003067680209
0.1837382646,0.4206588978,0.03898423534,0.3422784069,0.0,0.0,0.01434019541
0.2403954628,0.5995819799,0.1406614044,0.01393402185,0.0,0.0,0.005427131101
0.1608642542,0.5279706788,0.03511804445,0.2633923908,0.0,0.0,0.01265463177
0.2120795737,0.2968576288,0.2492453793,0.2373131102,0.0,0.0,0.004504308018
0.1579626061,0.6815338632,0.07195410737,0.07051172992,0.0,0.0,0.0180376934
0.1444352955,0.5627489589,0.1279385016,0.1572409218,0.0,0.0,0.007636322194
0.1190333035,0.4770645031,0.1666445362,0.2347965988,0.0,0.0,0.002461058453
0.2118911843,0.3802691747,0.1928385709,0.1990261422,0.0,0.0,0.01597492783
0.1125762404,0.5619022745,0.02246884266,0.2998883978,0.0,0.0,0.003164244695
0.1582542461,0.490277528,0.3040077344,0.03680554479,0.0,0.0,0.01065494669
0.2075938002,0.4540005478,0.08376296586,0.2450020721,0.0,0.0,0.009640614008
0.1442326007,0.3162298722,0.1882989109,0.346197084,0.0,0.0,0.005041532121
0.1973243875,0.5981584024,0.02870994858,0.1603872986,0.0,0.0,0.01541996297
0.147095149,0.5859079876,0.1850396939,0.06124705476,0.0,0.0,0.02071011474
0.1941172686,0.5440364381,0.04493344748,0.2162553892,0.0,0.0,0.0006574565558
0.1682259652,0.4390118159,0.2684879587,0.1051731199,0.0,0.0,0.01910114029
0.1536354278,0.5634208625,0.07715857051,0.2030294779,0.0,0.0,0.00275566129
0.1197754425,0.515728364,0.2007712564,0.1546193541,0.0,0.0,0.009105583042
0.1589149956,0.7461904822,0.04630029089,0.04208314297,0.0,0.0,0.006511088305
0.2088430963,0.4963236627,0.09733813496,0.1782236817,0.0,0.0,0.01927142436
0.16020718,0.373433478,0.2150862836,0.2410636213,0.0,0.0,0.0102094371
0.1797777762,0.6082168037,0.1141173186,0.08518520556,0.0,0.0,0.01270289598
0.1288921693,0.5774379172,0.0120001486,0.2637246296,0.0,0.0,0.0179451354
0.1774685633,0.4717959302,0.06299041623,0.2827930606,0.0,0.0,0.004952029726
0.1688539935,0.5025838358,0.154320147,0.1631713739,0.0,0.0,0.01107064977
0.1239520235,0.4721983636,0.06264663174,0.333022575,0.0,0.0,0.008180406162
0.1349084718,0.5626234362,0.2750008135,0.02299796928,0.0,0.0,0.004469309218
0.1351589285,0.6546522186,0.1022147721,0.105692918,0.0,0.0,0.002281162751
0.1222564769,0.3912865507,0.2173015043,0.2609063433,0.0,0.0,0.008249124842
0.1866788807,0.3794359845,0.1626593064,0.2542563155,0.0,0.0,0.01696951289
0.2099803501,0.6812474192,0.04838769261,0.0556197532,0.0,0.0,0.004764784812
0.118572845,0.4920748885,0.0850121419,0.298089256,0.0,0.0,0.006250868499
0.1285581948,0.4834816296,0.2031019646,0.1839526338,0.0,0.0,0.0009055771863
0.1644402484,0.4856078362,0.02651278951,0.3064345217,0.0,0.0,0.01700460422
0.1557082212,0.4120297047,0.23258342,0.1968530587,0.0,0.0,0.002825595407
0.1224804589,0.438067386,0.1014705249,0.3212547517,0.0,0.0,0.01672687849
0.1450572355,0.6477597375,0.1444498695,0.05063469708,0.0,0.0,0.01209846044
0.1611068807,0.2805155369,0.1797101699,0.3720710742,0.0,0.0,0.006596338332
0.2502641014,0.5877108826,0.07264633558,0.08782846181,0.0,0.0,0.001550218583
0.1685398784,0.5657884085,0.06364713972,0.192968506,0.0,0.0,0.009056067292
0.1189188012,0.5070970392,0.03132515458,0.3420648796,0.0,0.0,0.000594125438
0.1457047099,0.5322732233,0.2247034409,0.09149020485,0.0,0.0,0.005828421049
0.1858244518,0.4775915747,0.1108917074,0.2121002437,0.0,0.0,0.01359202236
0.1895650014,0.5217399076,0.2100784076,0.06940344663,0.0,0.0,0.009213236742
0.1517321833,0.6012136897,0.01838831442,0.2184414052,0.0,0.0,0.01022440744
0.161355719,0.2976596638,0.2410712958,0.2978587857,0.0,0.0,0.002054535744
0.1392616412,0.6868257449,0.1312249536,0.02078658013,0.0,0.0,0.02190108021
0.1127959772,0.3428272112,0.1588157569,0.3705099923,0.0,0.0,0.01505106252
0.2467664254,0.5521252588,0.05505095424,0.1393353035,0.0,0.0,0.006722058128
0.2232066465,0.4760927119,0.237515667,0.04370603896,0.0,0.0,0.01947893572
0.1506256251,0.4640989314,0.1256743526,0.258520346,0.0,0.0,0.001080744907
0.1733050909,0.7014395105,0.02619339089,0.08923906245,0.0,0.0,0.00982294527
0.1985492538,0.5694846002,0.08413315784,0.131246171,0.0,0.0,0.0165868172
0.1344752064,0.3441482427,0.1373288576,0.3825954253,0.0,0.0,0.00145226796
0.1732683157,0.6455838894,0.04094980718,0.1202583718,0.0,0.0,0.01993961599
0.2174578057,0.3465736978,0.2477292252,0.1801888779,0.0,0.0,0.008050393424
0.1013401344,0.4692262179,0.07558114124,0.3423943024,0.0,0.0,0.01145820403
0.2163763218,0.5303117911,0.005996314994,0.2446571775,0.0,0.0,0.002658394605
0.2139193426,0.4879943708,0.1756077007,0.1085237235,0.0,0.0,0.0139548623
0.1426224461,0.4908932447,0.007494143884,0.3538381903,0.0,0.0,0.005151975008
0.1761670799,0.2416565024,0.2106509198,0.3537363482,0.0,0.0,0.01778914969
0.1339334437,0.5911528873,0.1120837191,0.1583354158,0.0,0.0,0.004494534167
0.1188977767,0.422419364,0.1480681384,0.3009905525,0.0,0.0,0.00962416835
0.2495546547,0.6821606168,0.03544329434,0.02134534962,0.0,0.0,0.01149608463
0.1759562773,0.6791497845,0.09649398142,0.03340636407,0.0,0.0,0.01499359272
0.120560845,0.574889922,0.06138511224,0.226913757,0.0,0.0,0.01625036376
0.1371102314,0.4286429296,0.2603108005,0.1620470943,0.0,0.0,0.01188894415
0.1737471845,0.3628194484,0.1146047384,0.3404947963,0.0,0.0,0.008333832304
0.2179275008,0.7549045962,0.0,0.0,0.01581241778,0.0,0.01135548522
0.1716922451,0.8024774574,0.0,0.0,0.009691951499,0.0,0.01613834597
0.1779406102,0.7891366114,0.0,0.0,0.01468225207,0.0,0.01824052626
0.2018881505,0.7824034699,0.0,0.0,0.006372300554,0.0,0.009336079106
0.1866796586,0.7893209438,0.0,0.0,0.02024738153,0.0,0.003752016077
0.1663581947,0.8276267506,0.0,0.0,0.005001943352,0.0,0.001013111265
0.2377521671,0.7464724591,0.0,0.0,0.01129739493,0.0,0.004477978915
0.2357851485,0.7262207646,0.0,0.0,0.02261355223,0.0,0.0153805346
0.1643579946,0.7902110103,0.0,0.0,0.03411735242,0.0,0.01131364267
0.1897924462,0.7689308484,0.0,0.0,0.02889021776,0.0,0.0123864876
0.1952494875,0.7499781119,0.0,0.0,0.03812855783,0.0,0.01664384279
0.213815396,0.7502795403,0.0,0.0,0.0319571323,0.0,0.003947931354
0.1811491931,0.7869187218,0.0,0.0,0.02319635155,0.0,0.008735733577
0.253263083,0.7164445435,0.0,0.0,0.01716672942,0.0,0.01312564417
0.1705141324,0.7857812914,0.0,0.0,0.03816551281,0.0,0.005539063382
0.2231530009,0.7412338512,0.0,0.0,0.02386086354,0.0,0.01175228437
0.1716093496,0.7776671907,0.0,0.0,0.03302569545,0.0,0.01769776423
0.180567772,0.7756993416,0.0,0.0,0.02781918201,0.0,0.01591370433
0.2079731235,0.7421945011,0.0,0.0,0.03909142005,0.0,0.01074095539
0.2017095397,0.7600146261,0.0,0.0,0.03330463538,0.0,0.004971198778
0.1909382822,0.7867554314,0.0,0.0,0.02166788665,0.0,0.000638399719
0.1635457507,0.7954219118,0.0,0.0,0.03694821676,0.0,0.004084120722
0.2391308762,0.7242365076,0.0,0.0,0.028148035,0.0,0.00848458118
0.2302476994,0.734015752,0.0,0.0,0.01983941558,0.0,0.01589713307
0.1658007297,0.815013571,0.0,0.0,0.005692985961,0.0,0.01349271338
0.1894756879,0.7886809893,0.0,0.0,0.01079357211,0.0,0.01104975064
0.1976356175,0.7811279728,0.0,0.0,0.00446774394,0.0,0.01676866572
0.1782126187,0.7995229877,0.0,0.0,0.01635686139,0.0,0.005907532181
0.2451160097,0.7207143981,0.0,0.0,0.02509701639,0.0,0.009072575891
0.2231293353,0.7574651119,0.0,0.0,0.01504204169,0.0,0.004363511026
0.223092329,0.7663169023,0.0,0.0,0.004786957306,0.0,0.005803811331
0.1728917477,0.8138969698,0.0,0.0,0.01097077976,0.0,0.002240502728
0.2381902829,0.7098844925,0.0,0.0,0.0358766702,0.0,0.01604855448
0.1814153363,0.8098736826,0.0,0.0,0.006036619998,0.0,0.002674361061
0.2079791071,0.76414731,0.0,0.0,0.01990329948,0.0,0.007970283395
0.1954703123,0.7768845915,0.0,0.0,0.01432073473,0.0,0.0133243614
0.1650103093,0.8044560605,0.0,0.0,0.01569299003,0.0,0.01484064014
0.2319452126,0.7487353617,0.0,0.0,0.00926777229,0.0,0.01005165339
0.2369734907,0.7230572999,0.0,0.0,0.03843993989,0.0,0.001529269504
0.1653687595,0.8005486642,0.0,0.0,0.02717540533,0.0,0.006907170947
0.1890043647,0.7712069366,0.0,0.0,0.0323850389,0.0,0.007403659812
0.2025489902,0.7712573568,0.0,0.0,0.02325871679,0.0,0.0029349362
0.2067440345,0.7460478226,0.0,0.0,0.0294755797,0.0,0.01773256319
0.1804197926,0.7678898992,0.0,0.0,0.03814935738,0.0,0.01354095089
0.1755402874,0.7914896678,0.0,0.0,0.02290340065,0.0,0.01006664415
0.2189743174,0.7322315061,0.0,0.0,0.0345055909,0.0,0.01428858568
0.2223387704,0.7328687975,0.0,0.0,0.03736526108,0.0,0.007427170978
0.1739840064,0.7947958935,0.0,0.0,0.02837917574,0.0,0.002840924282
0.2529201161,0.7255798875,0.0,0.0,0.006830953766,0.0,0.01466904261
0.1813036321,0.7835580815,0.0,0.0,0.03337268204,0.0,0.001765604369
0.2144441946,0.7573184049,0.0,0.0,0.02217226804,0.0,0.006065132463
0.1978421455,0.764408805,0.0,0.0,0.02784724358,0.0,0.009901805953
0.1881351875,0.7579338245,0.0,0.0,0.03955387603,0.0,0.01437711197
0.165818196,0.7905137367,0.0,0.0,0.02436057675,0.0,0.01930749054
0.2315569368,0.7225228524,0.0,0.0,0.0332831919,0.0,0.01263701887
0.1642617196,0.8134738594,0.0,0.0,0.01491205627,0.0,0.007352364676
0.1895197009,0.7936467306,0.0,0.0,0.009803655455,0.0,0.007029912989
0.1998870856,0.7826788969,0.0,0.0,0.01603911454,0.0,0.001394902917
0.2052098572,0.7690445246,0.0,0.0,0.0104338409,0.0,0.01531177732
0.1827411761,0.8030847148,0.0,0.0,0.004144203913,0.0,0.01002990519
0.2452246525,0.7138008425,0.0,0.0,0.03604391227,0.0,0.004930592729
0.1709520204,0.7951549591,0.0,0.0,0.01941862137,0.0,0.01447439917
0.217707744,0.7590758306,0.0,0.0,0.005516383661,0.0,0.01770004181
0.2159574526,0.7497124433,0.0,0.0,0.03232801088,0.0,0.002002093217
0.1720860483,0.7978903457,0.0,0.0,0.02389278435,0.0,0.00613082165
0.2511299946,0.7348410686,0.0,0.0,0.002413019231,0.0,0.0116159175
0.177169781,0.7758787062,0.0,0.0,0.03876031219,0.0,0.00819120064
0.2049717621,0.7649982964,0.0,0.0,0.02754375472,0.0,0.00248618677
0.1944316081,0.7644180254,0.0,0.0,0.02219242445,0.0,0.01895794202
0.1832210174,0.7702635078,0.0,0.0,0.03339185094,0.0,0.01312362385
0.1610135379,0.7999829626,0.0,0.0,0.02837515282,0.0,0.01062834674
0.2271957831,0.7221749096,0.0,0.0,0.03725221836,0.0,0.01337708899
0.2406812545,0.747374974,0.0,0.0,0.005574135302,0.0,0.006369636205
0.1700850493,0.8084337942,0.0,0.0,0.01971285448,0.0,0.001768301976
0.1980182644,0.7947080407,0.0,0.0,0.004195798899,0.0,0.003077895932
0.2024945544,0.7792569674,0.0,0.0,0.01087551531,0.0,0.007372962899
0.2133004848,0.7566434399,0.0,0.0,0.01662663251,0.0,0.01342944281
0.1819411225,0.789153289,0.0,0.0,0.01021887147,0.0,0.01868671711
0.1735236949,0.7955800771,0.0,0.0,0.01541856363,0.0,0.01547766441
0.2265535405,0.7612417057,0.0,0.0,0.009437709804,0.0,0.002767043989
0.1766679986,0.7993949502,0.0,0.0,0.01594572247,0.0,0.007991328722
0.21268468,0.7709621759,0.0,0.0,0.01455033113,0.0,0.001802812974
0.2013543642,0.7636359408,0.0,0.0,0.02057429198,0.0,0.01443540299
0.1941752521,0.7893216118,0.0,0.0,0.006171913269,0.0,0.01033122286
0.1672061989,0.8069422156,0.0,0.0,0.01165120319,0.0,0.01420038227
0.2421025849,0.7350292855,0.0,0.0,0.00497773228,0.0,0.01789039727
0.226072804,0.7333418967,0.0,0.0,0.03386448856,0.0,0.006720810731
0.1653599658,0.8088121617,0.0,0.0,0.02248796886,0.0,0.003339903625
0.186456594,0.7749333433,0.0,0.0,0.03728674162,0.0,0.001323321093
0.1931919876,0.7710543608,0.0,0.0,0.0288392444,0.0,0.0069144072
0.2076066293,0.7596570247,0.0,0.0,0.02334620503,0.0,0.009390140963
0.174772591,0.7775578325,0.0,0.0,0.032141031,0.0,0.01552854549
0.1676266474,0.7865539397,0.0,0.0,0.02739967056,0.0,0.01841974231
0.2145852718,0.7337417746,0.0,0.0,0.03840297939,0.0,0.01326997424
0.2183398661,0.7378760212,0.0,0.0,0.02890347104,0.0,0.01488064167
0.1659034556,0.7850591683,0.0,0.0,0.03734141556,0.0,0.01169596052
0.2464245786,0.7282243092,0.0,0.0,0.01815248099,0.0,0.007198631223
0.1764156402,0.7888420699,0.0,0.0,0.02251085075,0.0,0.01223143911
0.2046578281,0.7442669736,0.0,0.0,0.03380000371,0.0,0.01727519454
0.1927084628,0.7647255734,0.0,0.0,0.03897156722,0.0,0.003594396604
0.1858899191,0.7767104047,0.0,0.0,0.02802653861,0.0,0.009373137612
0.1622528351,0.8001052235,0.0,0.0,0.03275794573,0.0,0.004883995737
0.2319696018,0.7431645982,0.0,0.0,0.02402102511,0.0,0.0008447748858
0.2427649204,0.7315519463,0.0,0.0,0.01510991911,0.0,0.01057321415
0.1892728304,0.77702393,0.0,0.0,0.01652282448,0.0,0.01718041504
0.2057036524,0.771990449,0.0,0.0,0.009783539241,0.0,0.0125223593
0.2153856913,0.772137672,0.0,0.0,0.004015644959,0.0,0.008460991777
0.185472664,0.7998037485,0.0,0.0,0.01046726995,0.0,0.004256317474
0.2532066781,0.7000521199,0.0,0.0,0.0302337256,0.0,0.01650747635
0.1792261232,0.815029469,0.0,0.0,0.005204922296,0.0,0.0005394855462
0.224879055,0.7505395186,0.0,0.0,0.01936294845,0.0,0.005218477974
0.2274707887,0.7444093009,0.0,0.0,0.01124304581,0.0,0.01687686457
0.1746529916,0.8078043301,0.0,0.0,0.004654232958,0.0,0.01288844539
0.1806632589,0.7876573553,0.0,0.0,0.0201744294,0.0,0.01150495645
0.2162259329,0.7621870292,0.0,0.0,0.006002330107,0.0,0.01558470772
0.194717287,0.7858406483,0.0,0.0,0.01439424864,0.0,0.005047816064
0.1694432856,0.8120978305,0.0,0.0,0.009044923532,0.0,0.009413960375
0.2411950702,0.7393255618,0.0,0.0,0.01564806334,0.0,0.003831304628
0.2311088876,0.729416444,0.0,0.0,0.02748300169,0.0,0.01199166671
0.1575675913,0.7864787542,0.0,0.0,0.03884550694,0.0,0.01710814762
0.1829673363,0.77650804,0.0,0.0,0.0238095278,0.0,0.01671509594
0.1956613808,0.7613817538,0.0,0.0,0.03238170466,0.0,0.01057516074
0.203876401,0.7527294202,0.0,0.0,0.03775613133,0.0,0.005638047455
0.2493786777,0.7241767564,0.0,0.0,0.01249098014,0.0,0.01395358575
0.1699106506,0.791678713,0.0,0.0,0.03390554184,0.0,0.004505094619
0.2177795353,0.7511441632,0.0,0.0,0.02299305097,0.0,0.008083250543
0.2205592531,0.7582113122,0.0,0.0,0.01881636825,0.0,0.0024130664
0.1737466753,0.8106094439,0.0,0.0,0.007145299177,0.0,0.008498581569
0.2463508054,0.7137476932,0.0,0.0,0.02934731702,0.0,0.01055418438
0.1813343468,0.8001245437,0.0,0.0,0.01244943704,0.0,0.006091672423
0.2115467393,0.7832043386,0.0,0.0,0.003207292789,0.0,0.002041629318
0.1994374346,0.7781920014,0.0,0.0,0.007900050442,0.0,0.01447051355
0.1857187699,0.7868351815,0.0,0.0,0.0169326995,0.0,0.01051334911
0.2336705794,0.7348058664,0.0,0.0,0.01325026306,0.0,0.01827329114
0.2378018934,0.7303894754,0.0,0.0,0.02491235337,0.0,0.006896277863
0.1671201783,0.7990269405,0.0,0.0,0.03078096909,0.0,0.003071912104
0.1926729057,0.7796475625,0.0,0.0,0.0259913625,0.0,0.00168816933
0.1979659293,0.7559963111,0.0,0.0,0.0396142113,0.0,0.006423548304
0.2113697122,0.7436151378,0.0,0.0,0.03544492026,0.0,0.009570229746
0.1793004301,0.7836250407,0.0,0.0,0.02181097718,0.0,0.01526355205
0.1682624159,0.7762387462,0.0,0.0,0.03709362229,0.0,0.0184052156
0.2235174741,0.7327566669,0.0,0.0,0.03070851924,0.0,0.01301733985
0.2256885622,0.7515907367,0.0,0.0,0.0209044607,0.0,0.001816240436
0.1725409886,0.7864605256,0.0,0.0,0.03473187157,0.0,0.006266614263
0.1815360319,0.7807671154,0.0,0.0,0.02982834056,0.0,0.007868512155
0.2094051525,0.7519947421,0.0,0.0,0.03581505511,0.0,0.002785050316
0.1996044748,0.7502671425,0.0,0.0,0.03192518791,0.0,0.01820319482
0.1886281982,0.7721965092,0.0,0.0,0.02564067839,0.0,0.01353461426
0.1620450489,0.787323508,0.0,0.0,0.04039217495,0.0,0.01023926815
0.2394812928,0.7199544864,0.0,0.0,0.02700667181,0.0,0.01355754896
0.2315241894,0.7442253412,0.0,0.0,0.01756771999,0.0,0.006682749426
0.1671225131,0.8229832855,0.0,0.0,0.008475808719,0.0,0.001418392706
0.1896042844,0.7934624812,0.0,0.0,0.01363347553,0.0,0.003299758871
0.2117997917,0.7678425544,0.0,0.0,0.006488180759,0.0,0.01386947315
0.1758387216,0.7873161159,0.0,0.0,0.01843503801,0.0,0.01841012446
0.2457272904,0.7280294598,0.0,0.0,0.02221615148,0.0,0.00402709831
0.1713803621,0.8097910021,0.0,0.0,0.002671609428,0.0,0.01615702646
0.2229546288,0.7557931002,0.0,0.0,0.01192934741,0.0,0.009322923635
0.1708240578,0.8032546618,0.0,0.0,0.01347931389,0.0,0.01244196659
0.2414712541,0.7208190099,0.0,0.0,0.03188007052,0.0,0.00582966541
0.1802134407,0.7997267373,0.0,0.0,0.008163912243,0.0,0.0118959097
0.2073358602,0.7599086657,0.0,0.0,0.01743963012,0.0,0.01531584401
0.1973924471,0.789026068,0.0,0.0,0.01266621084,0.0,0.0009152741184
0.1927174459,0.7987200194,0.0,0.0,0.003669035822,0.0,0.004893498876
0.1645457712,0.8065936711,0.0,0.0,0.01911233163,0.0,0.009748226059
0.233419649,0.7555269157,0.0,0.0,0.007483192176,0.0,0.003570243063
0.2352797223,0.7167244753,0.0,0.0,0.03642210272,0.0,0.0115736997
0.1636154303,0.7884795341,0.0,0.0,0.03053662379,0.0,0.01736841182
0.187050418,0.761564274,0.0,0.0,0.03535787074,0.0,0.01602743726
0.2023564269,0.7651674417,0.0,0.0,0.02147452588,0.0,0.01100160553
0.2100288504,0.7589360733,0.0,0.0,0.02570241256,0.0,0.005332663755
0.1819249484,0.7783193509,0.0,0.0,0.03918832836,0.0,0.0005673723426
0.1760414705,0.7952977309,0.0,0.0,0.02436936588,0.0,0.004291432795
0.2199051558,0.7411752915,0.0,0.0,0.03074456801,0.0,0.008174984635
0.2196530541,0.7250967383,0.0,0.0,0.04039994247,0.0,0.01485026514
0.1720559511,0.7899236145,0.0,0.0,0.02646825862,0.0,0.01155217579
0.1793679428,0.7767065935,0.0,0.0,0.03151025879,0.0,0.01241520496
0.2100982756,0.747518193,0.0,0.0,0.02542079603,0.0,0.01696273536
0.1989208077,0.7676085663,0.0,0.0,0.02950939189,0.0,0.00396123419
0.1908475006,0.7645870884,0.0,0.0,0.03572300141,0.0,0.00884240962
0.1691539868,0.8050170221,0.0,0.0,0.02067653485,0.0,0.005152456242
0.2357855004,0.729459495,0.0,0.0,0.03412015353,0.0,0.0006348510926
0.2357485327,0.75074767,0.0,0.0,0.003031446844,0.0,0.01047235038
0.1628976183,0.8074694229,0.0,0.0,0.01218791492,0.0,0.01744504388
0.1871376504,0.7886497243,0.0,0.0,0.007007822558,0.0,0.01720480276
0.1967128739,0.7719594075,0.0,0.0,0.01857388444,0.0,0.01275383421
0.20691173,0.7707333261,0.0,0.0,0.01412129038,0.0,0.008233653459
0.1842404895,0.8088580115,0.0,0.0,0.002350139613,0.0,0.004551359413
0.2397524244,0.7042001368,0.0,0.0,0.03921514667,0.0,0.01683229206
0.2201143959,0.7654792799,0.0,0.0,0.008729366776,0.0,0.005676957463
0.2121482611,0.7412528178,0.0,0.0,0.03507970543,0.0,0.01151921566
0.1703027176,0.7904222492,0.0,0.0,0.02105779813,0.0,0.01821723508
0.1753793704,0.7726491985,0.0,0.0,0.03649702624,0.0,0.01547440482
0.2022567318,0.7565828049,0.0,0.0,0.02983259426,0.0,0.01132786908
0.1975919135,0.7724036688,0.0,0.0,0.02531599119,0.0,0.004688426447
0.1860969473,0.7814156074,0.0,0.0,0.03147830867,0.0,0.001009136644
0.1631843736,0.8064444394,0.0,0.0,0.02648195519,0.0,0.003889231795
0.2280315898,0.72279141,0.0,0.0,0.04049239161,0.0,0.008684608617
0.2372045499,0.7377321382,0.0,0.0,0.008710602548,0.0,0.01635270941
0.1679018803,0.8017461653,0.0,0.0,0.01746245494,0.0,0.01288949942
0.1964287994,0.7900335984,0.0,0.0,0.002243709066,0.0,0.01129389314
0.1989764573,0.7710060939,0.0,0.0,0.01370861359,0.0,0.01630883523
0.2160735204,0.7654888242,0.0,0.0,0.01796721289,0.0,0.0004704425086
0.1858280706,0.8018291044,0.0,0.0,0.006673161305,0.0,0.005669663666
0.2479450217,0.7095743306,0.0,0.0,0.03375275928,0.0,0.008727888466
0.1756305721,0.8037201522,0.0,0.0,0.01170887658,0.0,0.00894039916
0.231743526,0.7615067424,0.0,0.0,0.002721556948,0.0,0.004028174601
0.2254131911,0.7562914324,0.0,0.0,0.007295812668,0.0,0.01099956382
0.1753413233,0.7895164714,0.0,0.0,0.0188840021,0.0,0.01625820321
0.1858819531,0.7925544184,0.0,0.0,0.003471623271,0.0,0.01809200523
0.2120964264,0.7632879481,0.0,0.0,0.01245779303,0.0,0.0121578325
0.2030581863,0.7711752007,0.0,0.0,0.01678724861,0.0,0.008979364393
0.1942031613,0.793809671,0.0,0.0,0.007972635362,0.0,0.004014532402
0.1690955444,0.8175244021,0.0,0.0,0.01277673057,0.0,0.0006033228885
0.225759301,0.7272483434,0.0,0.0,0.03136497433,0.0,0.01562738123
0.163768037,0.8002038751,0.0,0.0,0.02479427377,0.0,0.01123381409
0.1846560951,0.762619321,0.0,0.0,0.04007648881,0.0,0.01264809508
0.1921116679,0.7650403004,0.0,0.0,0.02625797686,0.0,0.01659005487
0.2080856049,0.7660768542,0.0,0.0,0.0214422183,0.0,0.004395322589
0.1753004126,0.7808186685,0.0,0.0,0.0356101969,0.0,0.008270721989
0.2471491743,0.7337377937,0.0,0.0,0.006030832181,0.0,0.0130821998
0.1685542569,0.7953550528,0.0,0.0,0.03023584107,0.0,0.005854849223
0.2192500241,0.7467149343,0.0,0.0,0.02626067357,0.0,0.007774368053
0.1667734811,0.7906203778,0.0,0.0,0.04001634839,0.0,0.002589792733
0.2453826588,0.7229601158,0.0,0.0,0.01666501184,0.0,0.01499221355
0.1771136675,0.7959540936,0.0,0.0,0.02475443798,0.0,0.002177800993
0.2074413679,0.75543943,0.0,0.0,0.0314149113,0.0,0.005704290797
0.1929957842,0.7608638615,0.0,0.0,0.035899619,0.0,0.01024073528
0.1849514871,0.7711655211,0.0,0.0,0.02963519645,0.0,0.01424779529
0.1600304362,0.7855608887,0.0,0.0,0.03498556897,0.0,0.01942310618
0.2302076754,0.7363919543,0.0,0.0,0.02074928733,0.0,0.01265108295
0.2449694041,0.7403674791,0.0,0.0,0.01188907963,0.0,0.002774037238
0.1683321472,0.8206219223,0.0,0.0,0.003225236504,0.0,0.007820694012
0.1908037895,0.7841965831,0.0,0.0,0.01828636992,0.0,0.006713257506
0.207614722,0.7837706915,0.0,0.0,0.00701378507,0.0,0.001600801476
0.2146948314,0.7677992703,0.0,0.0,0.002462131647,0.0,0.01504376672
0.1846296942,0.7913154596,0.0,0.0,0.01393992261,0.0,0.01011492362
0.1762341514,0.80058172,0.0,0.0,0.009010792094,0.0,0.0141733365
0.2234945848,0.7408541514,0.0,0.0,0.01798372998,0.0,0.01766753382
0.2299975566,0.7506570769,0.0,0.0,0.01331766991,0.0,0.00602769668
0.250128487,0.7102411382,0.0,0.0,0.02333758133,0.0,0.01629279347
0.1830326105,0.7971077439,0.0,0.0,0.01699203559,0.0,0.002867610029
0.2185360245,0.7654285954,0.0,0.0,0.00825619107,0.0,0.007779189067
0.203221336,0.7792948982,0.0,0.0,0.003871336366,0.0,0.01361242941
0.1912935756,0.7770338972,0.0,0.0,0.01271157437,0.0,0.01896095284
0.1684998938,0.8084094633,0.0,0.0,0.007778487861,0.0,0.01531215503
0.2376671381,0.7338384758,0.0,0.0,0.01901064272,0.0,0.009483743385
0.2345841886,0.7341745502,0.0,0.0,0.02988349098,0.0,0.001357770202
0.1598936746,0.7966045025,0.0,0.0,0.03639196212,0.0,0.007109860772
0.1860789731,0.78554572,0.0,0.0,0.02121534578,0.0,0.0071599611
0.1968166513,0.7649287176,0.0,0.0,0.03499057791,0.0,0.003264053199
0.1997994541,0.7429249506,0.0,0.0,0.04000930075,0.0,0.0172662946
0.1768681805,0.7831998143,0.0,0.0,0.02573496522,0.0,0.01419703996
0.2517645512,0.7254313902,0.0,0.0,0.01462310265,0.0,0.00818095597
0.1688287645,0.7903859161,0.0,0.0,0.03097179614,0.0,0.009813523217
0.2156810648,0.7449930168,0.0,0.0,0.02454816758,0.0,0.01477775085
0.2064905661,0.4578417405,0.2836172083,0.0,0.03235226404,0.0,0.01969822106
0.1373957285,0.6194279941,0.2215835403,0.0,0.01618980079,0.0,0.005402936199
0.1687779254,0.736785452,0.08396958107,0.0,0.0082520346,0.0,0.002215006862
0.2366193712,0.6877717838,0.02585993507,0.0,0.03179763069,0.0,0.01795127926
0.1775052267,0.5501683406,0.245929182,0.0,0.01992302424,0.0,0.006474226402
0.1939964888,0.6749055604,0.1009952335,0.0,0.01379078179,0.0,0.01631193552
0.2189732366,0.557701429,0.1727942553,0.0,0.04060082342,0.0,0.009930255719
0.1317339328,0.5589687266,0.2900252528,0.0,0.003993263817,0.0,0.01527882401
0.1614014083,0.7880903478,0.01557432635,0.0,0.02035213813,0.0,0.01458177938
0.1762766583,0.6425048226,0.1540407542,0.0,0.0070688359,0.0,0.0201089289
0.1961696376,0.6877630825,0.07554231026,0.0,0.03642237889,0.0,0.004102590748
0.2440788564,0.5957619304,0.1303476613,0.0,0.01971620019,0.0,0.01009535171
0.1256317604,0.599348182,0.2418554652,0.0,0.02367364952,0.0,0.009490942957
0.1809026129,0.7426106633,0.03374368268,0.0,0.03759834647,0.0,0.005144694625
0.2415097878,0.4637128588,0.2612907614,0.0,0.01256580564,0.0,0.02092078637
0.2364637992,0.6349290239,0.1115142182,0.0,0.004409696207,0.0,0.01268326252
0.1801921639,0.6069378338,0.1792267763,0.0,0.03165875903,0.0,0.001984466979
0.2234401416,0.7243437459,0.01691398745,0.0,0.02454213023,0.0,0.01075999479
0.1933609209,0.541370374,0.2508168426,0.0,0.01132970722,0.0,0.003122155278
0.1415349434,0.6330721686,0.1717034723,0.0,0.03634460245,0.0,0.01734481329
0.1437034762,0.6684172594,0.1391460908,0.0,0.02889882463,0.0,0.01983434899
0.1279363238,0.4969255027,0.3086765074,0.0,0.04881223035,0.0,0.01764943574
0.1689075164,0.6680665355,0.1218822317,0.0,0.03476536317,0.0,0.006378353152
0.2524954007,0.5107814869,0.1985787569,0.0,0.01773817148,0.0,0.02040618397
0.1172438352,0.5497365993,0.3025314985,0.0,0.02762862311,0.0,0.002859443928
0.1709793661,0.7586136729,0.02575675483,0.0,0.04012181845,0.0,0.004528387661
0.1897569156,0.601296094,0.1707805618,0.0,0.02887644801,0.0,0.009289980576
0.2142243285,0.7036912562,0.04186104131,0.0,0.02242056439,0.0,0.01780280962
0.1936516014,0.5277727448,0.2619541373,0.0,0.008385608548,0.0,0.008235907971
0.1475803091,0.5972457976,0.1984049016,0.0,0.04001552442,0.0,0.01675346728
0.1518258306,0.7329015745,0.07209972558,0.0,0.03045406313,0.0,0.01271880612
0.1563354235,0.5614235889,0.2201530511,0.0,0.04360978351,0.0,0.01847815294
0.2103342243,0.7787019428,0.006718605869,0.0,0.002930037519,0.0,0.001315189545
0.2245236313,0.5074420518,0.220676739,0.0,0.03368278842,0.0,0.01367478949
0.1398262223,0.6943212993,0.147154856,0.0,0.01284693371,0.0,0.005850688584
0.1690558715,0.7030780224,0.1137492009,0.0,0.005805938113,0.0,0.008310967125
0.155895914,0.5337168115,0.2829102176,0.0,0.023009866,0.0,0.004467190898
0.2171066421,0.6645658396,0.0884740765,0.0,0.01609048752,0.0,0.01376295432
0.1629621134,0.7466147848,0.05636906879,0.0,0.01830929772,0.0,0.01574473533
0.159509749,0.6081826179,0.2093387499,0.0,0.009909921147,0.0,0.01305896203
0.1796770244,0.6907419023,0.08775534818,0.0,0.021662805,0.0,0.02016292014
0.2545223218,0.5502554525,0.1522527858,0.0,0.03713532747,0.0,0.005834112393
0.1272096098,0.5868435535,0.2620524582,0.0,0.007186325259,0.0,0.01670805328
0.1740141412,0.741878766,0.06009213107,0.0,0.01299303429,0.0,0.01102192747
0.2608346954,0.4424608251,0.2490324437,0.0,0.04262035143,0.0,0.005051684396
0.2120588078,0.6285747717,0.1185802414,0.0,0.03237600897,0.0,0.008410170162
0.1875068783,0.5680576841,0.2207143306,0.0,0.004245303166,0.0,0.01947580386
0.2218578456,0.7525394966,0.01100116682,0.0,0.008178174038,0.0,0.00642331697
0.2059401996,0.5317537173,0.2138074054,0.0,0.02814887697,0.0,0.02034980078
0.1607776139,0.6636928844,0.1559877153,0.0,0.01855832693,0.0,0.0009834595772
0.1474155078,0.5504638407,0.2734675082,0.0,0.01719060028,0.0,0.01146254313
0.1994581779,0.7226508154,0.03803701392,0.0,0.0273154355,0.0,0.01253855736
0.1270684235,0.6172625502,0.1881315103,0.0,0.04558100987,0.0,0.02195650611
0.1757720684,0.7058964428,0.07601742442,0.0,0.02521499692,0.0,0.01709906747
0.1688371497,0.5492790704,0.2321266662,0.0,0.03787728272,0.0,0.01187983103
0.2030863538,0.6370891849,0.1195404486,0.0,0.0397423602,0.0,0.000541652497
0.2035802725,0.5744123895,0.1950225885,0.0,0.01171813929,0.0,0.01526661018
0.1633284007,0.7708837665,0.02178259491,0.0,0.03502864485,0.0,0.008976593026
0.1628713415,0.6493274281,0.1615526099,0.0,0.02294467226,0.0,0.003303948211
0.1878039593,0.7353703374,0.02977235072,0.0,0.0301566682,0.0,0.01689668441
0.2422511828,0.5102126185,0.2330453084,0.0,0.005517151642,0.0,0.008973738645
0.1356741539,0.635277924,0.1748470078,0.0,0.04193156834,0.0,0.012269346
0.1543290366,0.6855813924,0.1223188431,0.0,0.02303431314,0.0,0.01473641477
0.2440726998,0.6755348327,0.05549264683,0.0,0.0194722289,0.0,0.005427591754
0.1504915056,0.4831139002,0.2992972886,0.0,0.04295551722,0.0,0.02414178837
0.2044206489,0.6819601038,0.06257139512,0.0,0.04158181637,0.0,0.00946603583
0.2267023544,0.6015125541,0.1411410694,0.0,0.014440355,0.0,0.01620366716
0.1455288246,0.5929010951,0.2282759749,0.0,0.0292876343,0.0,0.004006471131
0.158313871,0.7601842413,0.04776847606,0.0,0.03267468821,0.0,0.001058723378
0.2519087536,0.6228669846,0.09738266931,0.0,0.009967985366,0.0,0.01787360711
0.1711146766,0.6053704606,0.1888610655,0.0,0.02650891403,0.0,0.008144883309
0.1828452767,0.6722170922,0.1152678874,0.0,0.01917872684,0.0,0.01049101691
0.2373270392,0.5603277504,0.1635627298,0.0,0.03461451304,0.0,0.004167967558
0.1847845172,0.778431822,0.003368695362,0.0,0.01500761091,0.0,0.01840735455
0.2321692844,0.7122170718,0.04740603679,0.0,0.005801757182,0.0,0.002405849837
0.1692733023,0.4866988098,0.303596001,0.0,0.02639944171,0.0,0.01403244524
0.1409948187,0.6112170181,0.2152407092,0.0,0.02196882353,0.0,0.01057863047
0.1607775103,0.7297106087,0.09986252739,0.0,0.002768564642,0.0,0.006880789012
0.178598073,0.6757538018,0.1068634236,0.0,0.02490427938,0.0,0.01388042221
0.2505558889,0.5576372906,0.1788082418,0.0,0.01047409128,0.0,0.002524487367
0.1781095072,0.7707189822,0.008305582887,0.0,0.02650496925,0.0,0.01636095844
0.2349858215,0.6814938977,0.06514096108,0.0,0.01380829992,0.0,0.004571019864
0.1956190266,0.6045319907,0.1454175244,0.0,0.04327564061,0.0,0.01115581766
0.2038353252,0.7046391485,0.05464161353,0.0,0.03608249626,0.0,0.0008014165385
0.1927380776,0.4860421878,0.2811839825,0.0,0.02260474367,0.0,0.01743100846
0.144069988,0.6033370688,0.2197153657,0.0,0.02474712588,0.0,0.008130451663
0.1445211123,0.7134072286,0.09189778217,0.0,0.04035668145,0.0,0.009817195445
0.154000678,0.5650236691,0.2439430093,0.0,0.03316027996,0.0,0.003872363627
0.2080203404,0.7409463012,0.02071276479,0.0,0.01190848009,0.0,0.01841211357
0.2040665242,0.5089627303,0.2401555653,0.0,0.04137793461,0.0,0.005437245689
0.1402609795,0.6723311624,0.1688924426,0.0,0.003458277617,0.0,0.01505713792
0.163895024,0.6687516425,0.1343682551,0.0,0.0215331619,0.0,0.01145191655
0.2533096922,0.6661474889,0.05077094753,0.0,0.02288481442,0.0,0.006887056968
0.1499895635,0.4970471867,0.3254764418,0.0,0.006308788856,0.0,0.02117801909
0.2175594875,0.6007669564,0.1334736311,0.0,0.03045928339,0.0,0.01774064158
0.1342153478,0.599375277,0.2482455746,0.0,0.01757464275,0.0,0.0005891579658
0.1680811608,0.7832376436,0.03651269116,0.0,0.009066564361,0.0,0.003101940082
0.1601465487,0.628092247,0.1821588372,0.0,0.01937905516,0.0,0.01022331189
0.186690389,0.7430453742,0.04441361015,0.0,0.01489452905,0.0,0.01095609757
0.2335526862,0.4776277803,0.239782423,0.0,0.04447358978,0.0,0.00456352079
0.1656653715,0.725815964,0.06948276309,0.0,0.01816797805,0.0,0.02086792334
0.1792757881,0.5640396834,0.2318874612,0.0,0.009207483653,0.0,0.01558958362
0.2041247826,0.6687637366,0.1196982475,0.0,0.00376837944,0.0,0.003644853914
0.2020357046,0.5491723182,0.2014227192,0.0,0.03460276652,0.0,0.01276649144
0.1315511865,0.5274159537,0.3133817907,0.0,0.01521225154,0.0,0.01243881748
0.16287799,0.7927227003,0.03039703528,0.0,0.006394807435,0.0,0.007607466944
0.2569619664,0.6186966733,0.07491103017,0.0,0.03624869383,0.0,0.01318163631
0.1766990753,0.6357017141,0.1644712284,0.0,0.02204732581,0.0,0.001080656345
0.1815135493,0.678999881,0.1000869124,0.0,0.02227763446,0.0,0.01712202286
0.2525088478,0.5807435883,0.1510430935,0.0,0.007613966194,0.0,0.00809050415
0.1764301908,0.7324380651,0.04926843187,0.0,0.02945228146,0.0,0.01241103076
0.2540913409,0.4680409204,0.2714752687,0.0,0.004586330799,0.0,0.00180613918
0.2401332996,0.6186029524,0.1241641426,0.0,0.011675997,0.0,0.005423608427
0.1673608674,0.566219824,0.2028565757,0.0,0.04235651006,0.0,0.02120622285
0.1858694351,0.5464209461,0.2307721852,0.0,0.01917219084,0.0,0.01776524273
0.1567761919,0.6693883659,0.1449376224,0.0,0.02605371126,0.0,0.002844108612
0.1387057341,0.5365085848,0.2857571692,0.0,0.0311446706,0.0,0.007883841231
0.1955329184,0.7503699514,0.01189021623,0.0,0.03790117601,0.0,0.004305738004
0.2429850738,0.5231853825,0.2089711306,0.0,0.01313013801,0.0,0.01172827511
0.1448266384,0.6622373634,0.1519329293,0.0,0.03198264285,0.0,0.00902042604
0.1611341527,0.6931772987,0.1021856214,0.0,0.03761235226,0.0,0.005890574899
0.2355231833,0.6996866284,0.043912667,0.0,0.007941305826,0.0,0.01293621547
0.1742850035,0.5295717205,0.2688026709,0.0,0.0249700472,0.0,0.002370557876
0.1987704578,0.6786810863,0.08313291913,0.0,0.0273381539,0.0,0.0120773829
0.1307039024,0.5468033799,0.2570665476,0.0,0.04673635408,0.0,0.01868981597
0.149954593,0.7411906674,0.06500971046,0.0,0.02470660281,0.0,0.01913842627
0.1564122647,0.5802195947,0.2100822142,0.0,0.03675209795,0.0,0.01653382849
0.1851266326,0.6603702626,0.136841599,0.0,0.009288503699,0.0,0.008373002142
0.225609287,0.5361983749,0.1921642731,0.0,0.0288787374,0.0,0.01714932755
0.2437798822,0.4829050036,0.2282036766,0.0,0.03169178601,0.0,0.01341965154
0.2269155571,0.6238275404,0.08935291011,0.0,0.04193064016,0.0,0.0179733522
0.1900675325,0.6285199429,0.1591572253,0.0,0.01645188574,0.0,0.005803413575
0.2238868164,0.7112917907,0.03053925044,0.0,0.01993535346,0.0,0.01434678902
0.1764881799,0.5046712957,0.2692165252,0.0,0.03948882391,0.0,0.01013517523
0.1450648044,0.6400988035,0.1947820815,0.0,0.006255302027,0.0,0.01379900855
0.1553794966,0.7320946632,0.08459530522,0.0,0.01267689029,0.0,0.01525364472
0.1463806709,0.5780831292,0.2502539427,0.0,0.003303558645,0.0,0.02197869856
0.1881264641,0.7320301225,0.07149276485,0.0,0.00613958109,0.0,0.002211067464
0.1307137922,0.60493774,0.2334987887,0.0,0.02351767653,0.0,0.007332002591
0.1719774181,0.7735508204,0.04175257196,0.0,0.003908605025,0.0,0.008810584564
0.2251437975,0.6285928226,0.09702470362,0.0,0.03902581633,0.0,0.01021285994
0.1865517959,0.603069452,0.1912363059,0.0,0.01382230062,0.0,0.00532014553
0.2174405449,0.7273623859,0.02421253652,0.0,0.01714016302,0.0,0.01384436966
0.2020126193,0.5374716908,0.2244713026,0.0,0.0352851291,0.0,0.000759258245
0.1541052697,0.6336208829,0.1812132523,0.0,0.009463715668,0.0,0.0215968794
0.1443744307,0.6875339873,0.1339253235,0.0,0.01613200225,0.0,0.01803425634
0.1947016174,0.7083831323,0.05073724701,0.0,0.04115993857,0.0,0.005018064736
0.1983740517,0.4604120355,0.3015496411,0.0,0.01676117643,0.0,0.02290309525
0.1294604673,0.6349484963,0.2041183843,0.0,0.0299900588,0.0,0.0014825933
0.1661498273,0.7011272288,0.09400192796,0.0,0.03477952886,0.0,0.003941487089
0.1561269264,0.544479795,0.2626180767,0.0,0.02773185392,0.0,0.009043347944
0.204575043,0.6385604509,0.1085073116,0.0,0.0303665648,0.0,0.01799062974
0.206372962,0.6049026676,0.1767025518,0.0,0.004736564064,0.0,0.007285254625
0.1195466492,0.5210803936,0.2975239524,0.0,0.04477070533,0.0,0.01707829949
0.174649112,0.788881558,0.004373860437,0.0,0.02111460165,0.0,0.01098086791
0.1699044404,0.6375880022,0.1386421854,0.0,0.03774289135,0.0,0.01612248066
0.1909169387,0.7187871879,0.07460479372,0.0,0.004520003406,0.0,0.01117107624
0.1287444537,0.5829355297,0.254874023,0.0,0.01250018726,0.0,0.02094580644
0.1747050811,0.7593173428,0.03907722424,0.0,0.006986033265,0.0,0.01991431855
0.2709582559,0.4506606279,0.2477980796,0.0,0.02443583735,0.0,0.006147199197
0.2186490908,0.6398331243,0.1026600194,0.0,0.03650596785,0.0,0.00235179756
0.1912155504,0.5949347693,0.1787530468,0.0,0.02066367391,0.0,0.01443295964
0.2136204588,0.7473395949,0.02182187781,0.0,0.01403450867,0.0,0.003183559897
0.1946796489,0.4981312089,0.2468215183,0.0,0.04667551534,0.0,0.01369210848
0.1565723027,0.6625284432,0.1677213397,0.0,0.002479330679,0.0,0.01069858372
0.1423505512,0.6967645526,0.1354454463,0.0,0.01770487158,0.0,0.007734578291
0.145640124,0.5280304893,0.3132524619,0.0,0.01207905274,0.0,0.0009978720793
0.1975942224,0.6950846065,0.05873769708,0.0,0.03240411288,0.0,0.01617936118
0.200109139,0.4923258917,0.2791602506,0.0,0.01971344317,0.0,0.008691275633
0.1272796273,0.6047964125,0.2272056299,0.0,0.02815796586,0.0,0.01256036451
0.1675882427,0.6911749973,0.08738409088,0.0,0.04057795653,0.0,0.01327471259
0.1606025289,0.5390463614,0.2459787234,0.0,0.03190389748,0.0,0.02246848883
0.2051803314,0.661121421,0.1004241939,0.0,0.02422290031,0.0,0.009051153368
0.2074067819,0.5782753924,0.1911280704,0.0,0.00663863897,0.0,0.01655111629
0.1248360263,0.5597853637,0.272094614,0.0,0.03960565939,0.0,0.003678336718
0.170080832,0.7891178295,0.01019893594,0.0,0.03009455694,0.0,0.0005078456116
0.1629475081,0.6361223656,0.1536245808,0.0,0.04013734982,0.0,0.00716819568
0.2559371775,0.5127008836,0.2073381186,0.0,0.02200596639,0.0,0.002017853932
0.1398181481,0.6582973281,0.1548855738,0.0,0.0243761055,0.0,0.02262284449
0.1524621092,0.6734467373,0.116730693,0.0,0.03873522734,0.0,0.01862523314
0.2487111386,0.7144540908,0.02989611972,0.0,0.002900387301,0.0,0.004038263592
0.1617323609,0.5144308725,0.2754447142,0.0,0.03536318562,0.0,0.01302886681
0.2043810531,0.6753554581,0.09247185822,0.0,0.0268381038,0.0,0.0009535267917
0.2189887269,0.5994808514,0.1567204437,0.0,0.00960297783,0.0,0.01520700022
0.1385372896,0.5590895674,0.2570761132,0.0,0.0364960749,0.0,0.008800954855
0.1556969644,0.7533134165,0.05241137786,0.0,0.02850765604,0.0,0.01007058519
0.2500143139,0.5967235904,0.1252562434,0.0,0.01633092729,0.0,0.01167492497
0.164227073,0.5865952362,0.201132249,0.0,0.04415807456,0.0,0.003887367199
0.2366687225,0.5395368752,0.189319958,0.0,0.02883088483,0.0,0.005643559491
0.1832778534,0.7657024171,0.03176172663,0.0,0.009236054373,0.0,0.01002194856
0.2624922143,0.4888859108,0.2179466073,0.0,0.02656092624,0.0,0.004114341251
0.2451901174,0.6361109772,0.07763234125,0.0,0.03364308307,0.0,0.007423481106
0.1797449097,0.6132984906,0.1709799575,0.0,0.01786132456,0.0,0.01811531772
0.2321573121,0.7061627675,0.04380605668,0.0,0.01175892987,0.0,0.006114933889
0.1665102403,0.496887422,0.2708854408,0.0,0.04471002807,0.0,0.02100686891
0.1638325208,0.7487109786,0.06552031707,0.0,0.01929587153,0.0,0.002640312031
0.154352193,0.5915254984,0.2347868389,0.0,0.008795333235,0.0,0.01054013641
0.1948898576,0.7531066698,0.03309408512,0.0,0.01692607207,0.0,0.001983315478
0.2161679459,0.4698110814,0.2604951164,0.0,0.03842894648,0.0,0.01509690983
0.1404100875,0.6460411352,0.1958992417,0.0,0.01096917343,0.0,0.006680362091
0.1700544118,0.7270214444,0.08011982175,0.0,0.0143624155,0.0,0.00844190655
0.1900506183,0.5720592168,0.2297364392,0.0,0.002886494542,0.0,0.005267231088
0.1921478424,0.6494928839,0.135039128,0.0,0.007727879297,0.0,0.01559226638
0.2211024811,0.5665921648,0.1879492922,0.0,0.02309139734,0.0,0.001264664629
0.123203911,0.5109461135,0.3203283224,0.0,0.0220394578,0.0,0.02348219532
0.1606610836,0.7995986103,0.01961489509,0.0,0.004137057365,0.0,0.01598835357
0.1698008519,0.6360883315,0.1685051399,0.0,0.01210986175,0.0,0.01349581495
0.1916935619,0.69071183,0.0802789309,0.0,0.03199188153,0.0,0.005323795671
0.2389246221,0.5778548021,0.1598588891,0.0,0.003784149788,0.0,0.0195775369
0.1196943477,0.5828248578,0.253614652,0.0,0.04181763308,0.0,0.002048509472
0.1815899085,0.72718398,0.06361410453,0.0,0.02326811678,0.0,0.00434389012
0.2400544692,0.4655514563,0.2757556631,0.0,0.007265261302,0.0,0.01137315015
0.2284124083,0.6179329365,0.1156199957,0.0,0.02173463151,0.0,0.01630002795
0.174988462,0.5726412711,0.2050418675,0.0,0.03869103047,0.0,0.008637368895
0.224390974,0.7065581337,0.0135457477,0.0,0.03934758941,0.0,0.01615755527
0.196440941,0.5580553981,0.222229022,0.0,0.01632876882,0.0,0.006945870062
0.1483350751,0.650712103,0.1554497732,0.0,0.02968260929,0.0,0.01582043934
0.1484250133,0.7033649869,0.1028413501,0.0,0.03277902131,0.0,0.01258962843
0.1341651761,0.5333218106,0.2840780754,0.0,0.02955695708,0.0,0.01887798078
0.1735588631,0.6830603732,0.1087093608,0.0,0.02973487754,0.0,0.004936525347
0.1765308241,0.786216777,0.006073558527,0.0,0.0252371096,0.0,0.005941730833
0.2391099434,0.6590479292,0.07090863153,0.0,0.01835000665,0.0,0.01258348916
0.1979038905,0.6314224514,0.1342519193,0.0,0.03415504712,0.0,0.002266691725
0.2077807311,0.6907827318,0.05240610752,0.0,0.03740790754,0.0,0.01162252203
0.1873616556,0.4935367942,0.3014949471,0.0,0.01389048576,0.0,0.003716117351
0.145427854,0.5953839543,0.2068160674,0.0,0.03381388501,0.0,0.01855823932
0.1466842992,0.7014803331,0.09604251244,0.0,0.03582287506,0.0,0.01996998021
0.1520562803,0.5397271371,0.2644073827,0.0,0.02616935792,0.0,0.0176398419
0.2033502144,0.7436366861,0.02640954442,0.0,0.01927239382,0.0,0.007331161241
0.2129430909,0.5002423154,0.2281138826,0.0,0.0405040887,0.0,0.01819662243
0.135595129,0.6678729712,0.1838962259,0.0,0.008128391925,0.0,0.004507281971
0.1655076602,0.6953120527,0.1258475306,0.0,0.01197547616,0.0,0.001357280374
0.2552935147,0.645058993,0.05211372311,0.0,0.03008222586,0.0,0.01745154335
0.154734693,0.5364510951,0.2966523637,0.0,0.005738998675,0.0,0.006422849566
0.2226050941,0.6855176041,0.06712960828,0.0,0.009882742081,0.0,0.0148649515
0.2102010759,0.6084435381,0.1464683145,0.0,0.02526094855,0.0,0.009626122897
0.1385183289,0.5977272952,0.2321976988,0.0,0.0180142463,0.0,0.01354243089
0.1584743403,0.6016417117,0.2042356181,0.0,0.01506143641,0.0,0.02058689348
0.1992561058,0.7578075264,0.01538694373,0.0,0.02220276906,0.0,0.005346654929
0.2237543259,0.5006067698,0.2465347062,0.0,0.006788056128,0.0,0.022316142
0.1436577727,0.6517307401,0.1653898878,0.0,0.03682432689,0.0,0.002397272456
0.154763949,0.6715293474,0.1366243177,0.0,0.03222340407,0.0,0.004858981775
0.2373193559,0.685533655,0.04823801211,0.0,0.01264496624,0.0,0.01626401066
0.1593338675,0.4892914424,0.2988871135,0.0,0.042767687,0.0,0.009719889588
0.1954239835,0.6732801946,0.07972343643,0.0,0.03347883381,0.0,0.01809355159
0.2399428848,0.6004334049,0.1329354869,0.0,0.0194665349,0.0,0.007221688578
0.1364699913,0.5741903431,0.2423272099,0.0,0.02951902658,0.0,0.01749342916
0.1546479345,0.7603379818,0.03296939071,0.0,0.04008605238,0.0,0.01195864053
0.1637880129,0.6028466518,0.1845366553,0.0,0.03128342701,0.0,0.0175452529
0.194464055,0.6888580637,0.1010148831,0.0,0.01380274394,0.0,0.001860254338
0.2205259949,0.5474808722,0.1745395512,0.0,0.04454697987,0.0,0.01290660189
0.1900566678,0.773263085,0.0131601687,0.0,0.01591223566,0.0,0.007607842881
0.2604079576,0.4891153916,0.1978187761,0.0,0.03628431714,0.0,0.01637355758
0.2486889694,0.6568959846,0.06045712047,0.0,0.02451546272,0.0,0.009442462874
0.1940575036,0.6469268937,0.1444620124,0.0,0.01005470104,0.0,0.004498889245
0.2185372231,0.702384609,0.06009623644,0.0,0.004927453102,0.0,0.01405447837
0.1360644001,0.6050219928,0.2243435927,0.0,0.01310683273,0.0,0.02146318174
0.1560473203,0.730210128,0.08911619142,0.0,0.00796332466,0.0,0.01666303566
0.1430417419,0.5593574843,0.2613673743,0.0,0.02204109318,0.0,0.01419230639
0.176914932,0.7076027665,0.09538673134,0.0,0.01102923553,0.0,0.009066334583
0.2622561311,0.5393753418,0.1410690041,0.0,0.04106874432,0.0,0.01623077872
0.1235524327,0.5845018382,0.2807689396,0.0,0.005296567481,0.0,0.005880222065
0.1717340382,0.7543829739,0.05251194077,0.0,0.01905407491,0.0,0.002316972179
0.2627228511,0.4164646971,0.2662716805,0.0,0.04079205741,0.0,0.01374871389
0.2185089911,0.6156129695,0.1230599785,0.0,0.02283818068,0.0,0.01997988016
0.1909124236,0.5968538149,0.1979769061,0.0,0.007433279538,0.0,0.006823575904
0.1983164405,0.5352286947,0.2254392321,0.0,0.03055951587,0.0,0.01045611687
0.16499887,0.6646891521,0.141439945,0.0,0.01550602874,0.0,0.01336600423
0.145788894,0.7066373067,0.1200138335,0.0,0.01113686494,0.0,0.01642310081
0.142899087,0.5157699129,0.2985369612,0.0,0.0195314903,0.0,0.02326254856
0.1973298028,0.7342522726,0.039970605,0.0,0.0248191853,0.0,0.003628134261
0.2212434753,0.5062432255,0.2514123138,0.0,0.009422095087,0.0,0.01167889032
0.1263312598,0.6298832464,0.1997252131,0.0,0.03507819011,0.0,0.008982090595
0.1740689807,0.7205922969,0.07167938554,0.0,0.02845533599,0.0,0.005204000816
0.1682324403,0.5724382586,0.2147520934,0.0,0.04309343299,0.0,0.001483774712
0.207357292,0.6261080474,0.1187631024,0.0,0.03645762787,0.0,0.01131393024
0.1928685836,0.5707534259,0.2103000438,0.0,0.02287046806,0.0,0.003207478746
0.1223531304,0.5200832698,0.3104581447,0.0,0.02773215969,0.0,0.01937329537
0.1636362489,0.7566022002,0.02468628588,0.0,0.0376678122,0.0,0.01740745284
0.159822457,0.6163092908,0.1749561352,0.0,0.03360997526,0.0,0.01530214171
0.1676967844,0.6415618359,0.130259132,0.0,0.04251705696,0.0,0.01796519071
0.252694242,0.5391460184,0.1825250197,0.0,0.01701252933,0.0,0.008622190631
0.1770436348,0.7581393046,0.01951451894,0.0,0.03236590566,0.0,0.01293663599
0.2250765396,0.6730576451,0.08667204873,0.0,0.009301588324,0.0,0.00589217817
0.196557516,0.59953933,0.1554289026,0.0,0.02787115729,0.0,0.02060309404
0.208778324,0.7169035742,0.03520284042,0.0,0.0301771393,0.0,0.008938122145
0.1916530039,0.5018692026,0.2838138831,0.0,0.003603499163,0.0,0.01906041126
0.1506527129,0.6284115514,0.177222266,0.0,0.04005119578,0.0,0.003662273868
0.150574128,0.7459919742,0.07922812787,0.0,0.02330863048,0.0,0.0008971394103
0.1526524415,0.5633266637,0.2379033693,0.0,0.03821307523,0.0,0.007904450229
0.2126069109,0.7608572818,0.009464388493,0.0,0.007204327601,0.0,0.009867091133
0.2265868861,0.5429712687,0.2020870752,0.0,0.02416867951,0.0,0.004186090514
0.1373430426,0.6613867664,0.1609612754,0.0,0.02129897112,0.0,0.01900994452
0.1700824832,0.6906189008,0.1129786221,0.0,0.005519873842,0.0,0.02080012005
0.2472325141,0.6748394991,0.03813330095,0.0,0.03852374635,0.0,0.001270939575
0.1621500408,0.5343403431,0.2747321274,0.0,0.01296906503,0.0,0.01580842371
0.2156122721,0.6808027834,0.0844445274,0.0,0.01621281332,0.0,0.002927603759
0.204064735,0.5811740025,0.1670141048,0.0,0.03578118346,0.0,0.01196597421
0.1321734799,0.5847332205,0.2607200207,0.0,0.01113249842,0.0,0.01124078043
0.1615302289,0.7591716974,0.05861236096,0.0,0.01389427406,0.0,0.006791438626
0.1886705112,0.7319969114,0.04883265119,0.0,0.01042124811,0.0,0.0200786781
0.2247813758,0.4640084408,0.2762744757,0.0,0.02847161216,0.0,0.006464095523
0.1324355206,0.6154412067,0.217136362,0.0,0.01888797486,0.0,0.01609893576
0.1610861992,0.7213607105,0.1030537587,0.0,0.002611453083,0.0,0.01188787854
0.2454719092,0.6902111287,0.01608426998,0.0,0.04101508817,0.0,0.007217603983
0.1648562902,0.5348526694,0.2631704369,0.0,0.0162378149,0.0,0.02088278862
0.1965111253,0.6610980116,0.11524632,0.0,0.01960532038,0.0,0.007539222652
0.2086478143,0.5575560758,0.1752618751,0.0,0.03927402757,0.0,0.01926020716
0.1373379379,0.5631380013,0.2901545576,0.0,0.0081129653,0.0,0.001256537918
0.2560924415,0.6278687557,0.07128202941,0.0,0.03025566726,0.0,0.01450110612
0.1862842958,0.6541232576,0.1442838019,0.0,0.004527891496,0.0,0.01078075322
0.1899327842,0.6932792117,0.06625269252,0.0,0.03816173671,0.0,0.01237357488
0.2542380454,0.5950644049,0.135390855,0.0,0.01374523198,0.0,0.001561462688
0.1187315866,0.5799748657,0.2428162386,0.0,0.03542371446,0.0,0.02305359475
0.1722429472,0.73013208,0.04587214429,0.0,0.03538832093,0.0,0.0163645076
0.2609309819,0.4692700005,0.2385397655,0.0,0.0229529912,0.0,0.008306260981
0.2535722201,0.6423569474,0.093391872,0.0,0.006719114513,0.0,0.003959846041
0.1736196956,0.603457194,0.1865488749,0.0,0.02532480898,0.0,0.0110494265
0.1455431009,0.6361529185,0.1687149441,0.0,0.04250243787,0.0,0.007086598647
0.1526244287,0.6875876903,0.1234461582,0.0,0.0266467766,0.0,0.009694946183
0.1382551775,0.5215001693,0.3006831026,0.0,0.03650227906,0.0,0.003059271499
0.2113956563,0.6603303932,0.0,0.08982510837,0.03041177333,0.0,0.008037068818
0.237623377,0.6698682963,0.0,0.06021123321,0.01575686394,0.0,0.01654022956
0.1386017068,0.6358618574,0.0,0.1982765201,0.02667326275,0.0,0.0005866529684
0.1297397385,0.5556277835,0.0,0.2777998587,0.03386908614,0.0,0.002963533062
0.1995690082,0.7496792765,0.0,0.02095927985,0.02366149826,0.0,0.006130937179
0.1532986697,0.5529304434,0.0,0.2594768899,0.02439193939,0.0,0.009902057607
0.1549858915,0.6311755892,0.0,0.1633992622,0.03234202963,0.0,0.01809722749
0.1499534349,0.7196971019,0.0,0.09274908554,0.0212526823,0.0,0.01634769538
0.2201578782,0.5601453696,0.0,0.2035038356,0.0129943669,0.0,0.003198549564
0.1447805511,0.4735632035,0.0,0.3340579676,0.03582401234,0.0,0.01177426549
0.2167061377,0.5694162819,0.0,0.1648501836,0.03869277482,0.0,0.010334622
0.1125945224,0.5521727708,0.0,0.3191732002,0.006886471046,0.0,0.009173035584
0.1456696824,0.6153907035,0.0,0.2138143908,0.01842476654,0.0,0.006700456783
0.2164240701,0.4256311931,0.0,0.3135903312,0.03205456552,0.0,0.01229984006
0.1283864155,0.5026704536,0.0,0.341282513,0.009246103626,0.0,0.01841451429
0.1715126035,0.752736183,0.0,0.05325642821,0.01249966927,0.0,0.009995116025
0.1421377697,0.6737965822,0.0,0.1675191493,0.003982687816,0.0,0.01256381096
0.1750287937,0.5211502185,0.0,0.2693571787,0.02998204356,0.0,0.00448176558
0.1746701103,0.559703684,0.0,0.2341222089,0.01616541404,0.0,0.01533858275
0.1668211467,0.5269539805,0.0,0.2896659984,0.01079678328,0.0,0.005762091169
0.1791487094,0.5196817112,0.0,0.2525682684,0.03493805067,0.0,0.0136632604
0.1683108665,0.7793412304,0.0,0.0393746226,0.009464785345,0.0,0.003508495135
0.1559677181,0.7014722788,0.0,0.1247761613,0.01666228419,0.0,0.001121557714
0.2002764769,0.4448105139,0.0,0.3111548525,0.02840701102,0.0,0.01535114574
0.1524981319,0.6043873321,0.0,0.2297767825,0.004835840144,0.0,0.00850191334
0.1969773056,0.7235543221,0.0,0.0603266398,0.006423649338,0.0,0.01271808318
0.1251454743,0.5190146645,0.0,0.3267106943,0.01368650559,0.0,0.01544266136
0.1863131543,0.6422214714,0.0,0.1417102016,0.01975867832,0.0,0.009996494405
0.181757978,0.6088084084,0.0,0.1746668984,0.03255841249,0.0,0.002208302718
0.1809973803,0.4691278028,0.0,0.3194318724,0.01779688774,0.0,0.01264605681
0.1482033326,0.7133842172,0.0,0.1058936391,0.02559763687,0.0,0.006921174211
0.1870737218,0.7587708094,0.0,0.006521578374,0.03858295239,0.0,0.009050938078
0.2350744976,0.5376724258,0.0,0.211963214,0.004954960689,0.0,0.0103349019
0.1602019826,0.6192154048,0.0,0.1761529773,0.0282193103,0.0,0.01621032495
0.1314484329,0.5692756409,0.0,0.2578969098,0.02948031674,0.0,0.01189869967
0.1087080577,0.4937255915,0.0,0.3666502626,0.02143086002,0.0,0.009485228075
0.2266996214,0.6353412978,0.0,0.1210671183,0.009995000424,0.0,0.006896962086
0.2170237937,0.6540604961,0.0,0.0758548544,0.03546062945,0.0,0.01760022635
0.1865406425,0.5696016017,0.0,0.2107965407,0.0202875935,0.0,0.01277362155
0.1750076462,0.4837846026,0.0,0.3327610447,0.005355019561,0.0,0.003091686851
0.150071202,0.6779334372,0.0,0.1185574977,0.03841176763,0.0,0.01502609551
0.1706778453,0.743049784,0.0,0.0430107617,0.02567877769,0.0,0.01758283129
0.1364094874,0.5220287033,0.0,0.2996842332,0.03116810386,0.0,0.01070947224
0.1817117229,0.6426009073,0.0,0.1356120244,0.03503445283,0.0,0.005040892593
0.1466240823,0.5867984424,0.0,0.2401744377,0.02263513521,0.0,0.003767902358
0.1093574764,0.5325328862,0.0,0.3286481936,0.02794258825,0.0,0.001518855596
0.2480729213,0.6446723246,0.0,0.08731361171,0.003151973337,0.0,0.01678916897
0.2075332923,0.69332505,0.0,0.06359954138,0.02813504002,0.0,0.00740707628
0.1537921525,0.5363049175,0.0,0.291381275,0.004213044223,0.0,0.0143086108
0.2022453846,0.5456129251,0.0,0.217544998,0.02823623494,0.0,0.00636045737
0.1667286684,0.6951872449,0.0,0.1167592908,0.01000459148,0.0,0.01132020448
0.1917794383,0.4649539651,0.0,0.3001519589,0.03481379475,0.0,0.008300842939
0.167556312,0.6091555752,0.0,0.194812475,0.01176002316,0.0,0.01671561454
0.182600369,0.724940622,0.0,0.06876347529,0.0194760048,0.0,0.00421952884
0.1256829956,0.5889528067,0.0,0.2633702249,0.01432316959,0.0,0.007670803155
0.241451191,0.702005728,0.0,0.02530069969,0.02239610984,0.0,0.008846271521
0.1976210695,0.6224567444,0.0,0.1712019577,0.006796756286,0.0,0.001923472068
0.2303536354,0.743734899,0.0,0.01316168267,0.002318497708,0.0,0.01043128528
0.2112720981,0.624333933,0.0,0.136848447,0.02675838041,0.0,0.0007871414838
0.1188518016,0.5586803218,0.0,0.2857403171,0.018957509,0.0,0.01777005048
0.1415464513,0.6266301641,0.0,0.209848539,0.006513463496,0.0,0.0154613822
0.1781663275,0.6935182715,0.0,0.1012415988,0.01411702958,0.0,0.01295677266
0.1336960135,0.5005719429,0.0,0.3416184154,0.01619814691,0.0,0.007915481354
0.2172284004,0.5298800415,0.0,0.2050716661,0.03158736453,0.0,0.01623252751
0.1741656351,0.7345588317,0.0,0.085272003,0.004658695879,0.0,0.001344834377
0.136811831,0.6721536881,0.0,0.1758359119,0.01132521755,0.0,0.003873351479
0.1853767149,0.4971347776,0.0,0.2799427685,0.02300741416,0.0,0.0145383249
0.1646024424,0.555853035,0.0,0.2652687393,0.008648161054,0.0,0.005627622239
0.1938476334,0.6388189195,0.0,0.1284513478,0.02270129617,0.0,0.0161808031
0.1285957285,0.6120392066,0.0,0.2133775468,0.03426853191,0.0,0.01171898615
0.1253096066,0.5151438429,0.0,0.3189520157,0.02680008586,0.0,0.01379444891
0.2010634879,0.720656298,0.0,0.03277689826,0.03160276028,0.0,0.01390055557
0.1541763647,0.587389343,0.0,0.2204628323,0.03597173634,0.0,0.001999723704
0.1556355234,0.6655423282,0.0,0.1516213765,0.02013828402,0.0,0.007062487813
0.1624376596,0.7465989233,0.0,0.05279295801,0.0333155862,0.0,0.004854872903
0.1604598536,0.4923016792,0.0,0.3186562481,0.02440867771,0.0,0.004173541451
0.2277939563,0.7034292234,0.0,0.04503109422,0.009372674377,0.0,0.01437305164
0.2253103789,0.64122375,0.0,0.1039422023,0.02407428756,0.0,0.005449381224
0.1127973531,0.5213641071,0.0,0.3413125644,0.01096380989,0.0,0.01356216546
0.1414256754,0.6017992262,0.0,0.2408932888,0.004603041684,0.0,0.01127876786
0.1690460017,0.6395081137,0.0,0.1571154206,0.01707455523,0.0,0.01725590879
0.1479831071,0.5286293776,0.0,0.3062265039,0.01335240758,0.0,0.003808603771
0.2136409336,0.5044697199,0.0,0.2327841675,0.03769171693,0.0,0.01141346211
0.1878178723,0.7716298894,0.0,0.0284466778,0.006665787549,0.0,0.005439772978
0.1440095088,0.6872920642,0.0,0.1413517058,0.01950016667,0.0,0.007846554516
0.1816236295,0.4558440163,0.0,0.3275756775,0.02548197823,0.0,0.009474698485
0.1829550175,0.6035498524,0.0,0.2099789851,0.002103675573,0.0,0.001412469521
0.181867694,0.6192249273,0.0,0.1603055058,0.02551956572,0.0,0.01308230715
0.1149758498,0.5668818496,0.0,0.2715193926,0.03209194472,0.0,0.01453096329
0.1171318185,0.4906244348,0.0,0.3563195423,0.01907303639,0.0,0.01685116806
0.1828559422,0.6811627807,0.0,0.0872873031,0.03781476347,0.0,0.01087921043
0.1581365915,0.6148617367,0.0,0.1920536053,0.02984383072,0.0,0.00510423577
0.2104813324,0.458256466,0.0,0.3013275573,0.01527491999,0.0,0.0146597244
0.1610349174,0.7112614415,0.0,0.09503678976,0.02834029314,0.0,0.004326558233
0.1653062275,0.7778747656,0.0,0.01952618232,0.03534286083,0.0,0.001949963799
0.1859537095,0.5486815413,0.0,0.239797762,0.007700948218,0.0,0.01786603895
0.1651150332,0.5349721684,0.0,0.2709091889,0.02187213284,0.0,0.007131476627
0.1726356871,0.5406132828,0.0,0.2434090129,0.02679930277,0.0,0.0165427144
0.1736334778,0.5098625288,0.0,0.3057879447,0.002450025265,0.0,0.008266023361
0.1385718667,0.645478809,0.0,0.1754165259,0.02984612411,0.0,0.01068667436
0.1622910878,0.724311475,0.0,0.07669629501,0.02346578285,0.0,0.01323535941
0.1190112757,0.4759417163,0.0,0.3565789011,0.03373909461,0.0,0.01472901226
0.1855920125,0.6766551044,0.0,0.1042543315,0.03215184833,0.0,0.001346703317
0.15057899,0.628518722,0.0,0.1879081788,0.02487309723,0.0,0.008121012052
0.1112512842,0.5503621479,0.0,0.2968756967,0.03581996318,0.0,0.005690907958
0.2264074475,0.6131252324,0.0,0.1426688211,0.006208340923,0.0,0.01159015807
0.2153270033,0.7496920334,0.0,0.009924179227,0.0214938068,0.0,0.003562977312
0.1535457673,0.5090071339,0.0,0.3190256764,0.007138015196,0.0,0.01128340716
0.1545335457,0.7493347143,0.0,0.06390226508,0.01476063626,0.0,0.01746883864
0.2229079271,0.5021632948,0.0,0.2403176274,0.0322271047,0.0,0.002384046086
0.1582693156,0.5630043594,0.0,0.2467827514,0.01819275707,0.0,0.01375081648
0.1954582561,0.7484637711,0.0,0.03625857836,0.01272024148,0.0,0.007099153004
0.1280843022,0.5591391473,0.0,0.301669177,0.008938240594,0.0,0.002169132827
0.1363071281,0.615330237,0.0,0.2277477492,0.01620442491,0.0,0.004410460733
0.2325617353,0.643474511,0.0,0.0800107614,0.02910330635,0.0,0.014849686
0.216294373,0.6575865362,0.0,0.117827089,0.003762553387,0.0,0.004529448498
0.1601577645,0.4833361297,0.0,0.3377736722,0.01811274299,0.0,0.00061969056
0.2002178098,0.5588797782,0.0,0.1975139407,0.0335073661,0.0,0.009881105087
0.1641083312,0.7470589405,0.0,0.07733485012,0.002518905951,0.0,0.00897897225
0.149434821,0.6463781161,0.0,0.1844974469,0.01347492947,0.0,0.006214686475
0.2242912597,0.4666146533,0.0,0.2766839117,0.02087884694,0.0,0.01153132828
0.1501868118,0.5788254357,0.0,0.2614899804,0.006563680152,0.0,0.002934091963
0.1362522804,0.5501488362,0.0,0.2868282129,0.0167061336,0.0,0.01006453682
0.1333996109,0.6460084095,0.0,0.1989088111,0.008673115024,0.0,0.0130100535
0.1978261395,0.6664483967,0.0,0.1082442208,0.01193059092,0.0,0.01555065209
0.1623548857,0.5615911889,0.0,0.2333855892,0.03406591421,0.0,0.008602421954
0.1878987497,0.5134261291,0.0,0.2727564782,0.01028231329,0.0,0.01563632967
0.1395803597,0.6959024425,0.0,0.1417933041,0.02216322962,0.0,0.0005606640796
0.1756264962,0.7259987056,0.0,0.06459022886,0.03103050047,0.0,0.002754068893
0.2353031797,0.5638931184,0.0,0.1846691836,0.003141204145,0.0,0.01299331416
0.1389415931,0.5099334416,0.0,0.3182331653,0.02650260937,0.0,0.006389190699
0.1723720756,0.6796847972,0.0,0.1178730874,0.02045611503,0.0,0.009613924766
0.1317591836,0.5891610645,0.0,0.2242484649,0.03653236241,0.0,0.01829892458
0.1144698496,0.5323750837,0.0,0.3122372871,0.02485161852,0.0,0.01606616109
0.2130376046,0.6137226177,0.0,0.151030936,0.01787966831,0.0,0.004329173449
0.2181278336,0.6948673765,0.0,0.04188184971,0.03364904829,0.0,0.01147389187
0.1940666557,0.6213323819,0.0,0.1437550229,0.03761435726,0.0,0.003231582212
0.2421081112,0.724099404,0.0,0.007147231547,0.01396976186,0.0,0.01267549144
0.1284419088,0.6073132293,0.0,0.2380448444,0.02004319215,0.0,0.006156825289
0.1153618168,0.5067112622,0.0,0.3389692459,0.03070388478,0.0,0.008253790288
0.1861652636,0.7313810875,0.0,0.0562240375,0.02521296374,0.0,0.001016647656
0.1603201977,0.5957893734,0.0,0.2057229151,0.02307047007,0.0,0.01509704376
0.1870632393,0.462796368,0.0,0.3371122763,0.00799451707,0.0,0.005033599296
0.1572979079,0.6676437656,0.0,0.1270415933,0.0354727516,0.0,0.01254398159
0.1581943918,0.7715812849,0.0,0.03116814074,0.02835961945,0.0,0.01069656307
0.2026703394,0.5377993147,0.0,0.2375408791,0.01474244216,0.0,0.00724702467
0.1466629109,0.5003295702,0.0,0.3071843682,0.02872730054,0.0,0.0170958501
0.210496407,0.686319923,0.0,0.0799307032,0.01665623011,0.0,0.006596736673
0.2369066546,0.6039829715,0.0,0.1144618432,0.03139913088,0.0,0.01324939993
0.110866766,0.5315700995,0.0,0.3512626533,0.003859937461,0.0,0.002440543655
0.176589212,0.6378836083,0.0,0.1669343288,0.009617388829,0.0,0.008975462104
0.1783795921,0.7689585532,0.0,0.01617293804,0.01972039431,0.0,0.01676852236
0.1556071749,0.7109020234,0.0,0.1065843089,0.007246824323,0.0,0.01965966859
0.1739614322,0.4935506692,0.0,0.2936597581,0.0371535446,0.0,0.001674595916
0.1905657118,0.5897576913,0.0,0.1961285065,0.01438658823,0.0,0.009161502204
0.1629960717,0.5067662515,0.0,0.2812084649,0.03263795515,0.0,0.01639125673
0.1966477353,0.5576159179,0.0,0.2193414052,0.0186319465,0.0,0.007762995092
0.1710581096,0.7819758578,0.0,0.008460458778,0.02717383665,0.0,0.01133173716
0.1589230918,0.6830114979,0.0,0.1052644258,0.03948564097,0.0,0.0133153435
0.224270475,0.4590371257,0.0,0.3047950778,0.006705869325,0.0,0.005191452188
0.1629948088,0.6149958855,0.0,0.1855502679,0.02177933138,0.0,0.01467970643
0.1934768101,0.7006187691,0.0,0.07549929156,0.0289539281,0.0,0.001451201197
0.119162158,0.4872273389,0.0,0.3569361508,0.02925063533,0.0,0.00742371698
0.1231239643,0.5891134192,0.0,0.258797649,0.02353797648,0.0,0.005426990999
0.1871115367,0.6088874134,0.0,0.1643499253,0.03602072886,0.0,0.003630395764
0.1704760915,0.5826084603,0.0,0.2253391116,0.01058289927,0.0,0.01099343735
0.1428894435,0.6983212452,0.0,0.1324479839,0.008668632678,0.0,0.0176726948
0.1772712215,0.7514185364,0.0,0.0409407597,0.01557988922,0.0,0.01478959314
0.2092421749,0.5189608678,0.0,0.2430118528,0.02656395181,0.0,0.002221152685
0.144317153,0.5349496499,0.0,0.3044989942,0.002772185788,0.0,0.01346201717
0.1707674793,0.6710986224,0.0,0.1447633231,0.005812763689,0.0,0.007557811534
0.1362121069,0.6000824821,0.0,0.2488030483,0.01299081603,0.0,0.001911546706
0.2142959687,0.6412931358,0.0,0.09622652092,0.03294165187,0.0,0.01524272263
0.2200199877,0.7013652742,0.0,0.05555224145,0.01809172695,0.0,0.004970769767
0.2016627408,0.6402799852,0.0,0.130789869,0.01268935504,0.0,0.01457805003
0.2288971893,0.6605551669,0.0,0.0672431909,0.03747097522,0.0,0.005833477706
0.1343006377,0.6237738604,0.0,0.22305868,0.005418789257,0.0,0.01344803263
0.1199978936,0.5376376017,0.0,0.314465505,0.01730397811,0.0,0.01059502153
0.1618035858,0.5917602804,0.0,0.2354600365,0.007386054503,0.0,0.003590042769
0.2073335842,0.4974567669,0.0,0.2623559698,0.0217016854,0.0,0.01115199366
0.1605577573,0.6635123197,0.0,0.1597584849,0.01038236787,0.0,0.005789070232
0.1558430214,0.7792021854,0.0,0.0530684699,0.003266854905,0.0,0.008619468431
0.2112304534,0.574514694,0.0,0.1745551754,0.03049835198,0.0,0.009201325243
0.1480298067,0.512458684,0.0,0.3230278772,0.01511509278,0.0,0.001368539342
0.213285657,0.7180660494,0.0,0.02206374921,0.03312288087,0.0,0.01346166351
0.2385268887,0.6148556411,0.0,0.1269435571,0.01721538988,0.0,0.002458523219
0.1144874431,0.5527790638,0.0,0.2901705584,0.0280728919,0.0,0.01449004285
0.1485500666,0.6000701331,0.0,0.1990448975,0.03593545215,0.0,0.01639945064
0.1927340044,0.6774350001,0.0,0.09468432188,0.02383930758,0.0,0.01130736604
0.129949494,0.5001125229,0.0,0.3398071146,0.02558908557,0.0,0.004541783002
0.1645420588,0.7101636814,0.0,0.08678907782,0.03410872618,0.0,0.004396455841
0.1465021236,0.6678282084,0.0,0.1622527968,0.02127982317,0.0,0.00213704805
0.1780896682,0.49608533,0.0,0.2948860802,0.01339103509,0.0,0.01754788656
0.1763405501,0.5339139629,0.0,0.2462090379,0.03691221413,0.0,0.006624234898
0.2333733644,0.7091284183,0.0,0.03008143142,0.02469166118,0.0,0.002725124691
0.2155222587,0.599391687,0.0,0.1633159486,0.009472282717,0.0,0.01229782297
0.117186292,0.527393196,0.0,0.3143206901,0.03501559421,0.0,0.006084227649
0.1404713149,0.6135148513,0.0,0.2096305241,0.02783598768,0.0,0.008547322016
0.1737935308,0.6679423365,0.0,0.1264166408,0.03116927392,0.0,0.0006782179969
0.135855466,0.4824696126,0.0,0.3294466352,0.03707531504,0.0,0.0151529711
0.1814322192,0.7291469174,0.0,0.05397584101,0.02282816113,0.0,0.01261686124
0.1370125217,0.6651664701,0.0,0.154462736,0.03311830563,0.0,0.01023996648
0.1690624712,0.5620536351,0.0,0.2252281214,0.02614558501,0.0,0.01751018724
0.243457011,0.6609125263,0.0,0.05662904018,0.02601858055,0.0,0.01298284201
0.1304213125,0.6445472722,0.0,0.2050951692,0.01707493612,0.0,0.002861309949
0.1384138828,0.579208421,0.0,0.2760150166,0.005834303423,0.0,0.0005283762153
0.2393703913,0.5768726077,0.0,0.1311911864,0.03783746384,0.0,0.01472835072
0.2074853615,0.7578077676,0.0,0.0121282052,0.01360143606,0.0,0.008977229656
0.1400852729,0.5581404143,0.0,0.274810864,0.01493075087,0.0,0.01203269799
0.2203823469,0.4838490521,0.0,0.2626842174,0.02907344761,0.0,0.004010935962
0.1467130722,0.6543316569,0.0,0.1797364459,0.00263459392,0.0,0.01658423113
0.1551246527,0.7246039357,0.0,0.08985219096,0.0113341735,0.0,0.01908504717
0.195121662,0.5701332816,0.0,0.2103761496,0.0222935108,0.0,0.002075396013
0.1560164553,0.4888060596,0.0,0.3380703289,0.007764939912,0.0,0.009342216327
0.190715164,0.6189503987,0.0,0.1858270827,0.003485392876,0.0,0.001021961663
0.1648490347,0.484818565,0.0,0.3132563431,0.02689561281,0.0,0.01018044437
0.1503122493,0.7087671307,0.0,0.1165089663,0.0158096049,0.0,0.008602048821
0.1433911612,0.556087687,0.0,0.2874195188,0.009707962712,0.0,0.003393670337
0.1657239922,0.6176578449,0.0,0.1805630246,0.01839470196,0.0,0.01766043641
0.1024377358,0.5049927976,0.0,0.3675341003,0.01214704364,0.0,0.01288832263
0.2318533234,0.6178002835,0.0,0.1253258118,0.0200587036,0.0,0.004961877742
0.2070771916,0.7022566688,0.0,0.07023978902,0.005283408672,0.0,0.01514294186
0.1569701402,0.5198529568,0.0,0.293919442,0.02050033246,0.0,0.008757128568
0.2069940088,0.5189045292,0.0,0.2519459063,0.006337182948,0.0,0.01581837274
0.1594132498,0.7610167548,0.0,0.040621625,0.03894837036,0.0,0.0
0.1681180112,0.6882864941,0.0,0.1144271224,0.02674515947,0.0,0.002423212849
0.1906324547,0.4525801564,0.0,0.324644846,0.01880625187,0.0,0.01333629108
0.1641722455,0.5859769048,0.0,0.2098846831,0.03343649283,0.0,0.006529673726
0.1852103517,0.7026754852,0.0,0.066154941,0.03657761923,0.0,0.009381602776
0.1182713561,0.5040304732,0.0,0.3360228581,0.02290381991,0.0,0.01877149275
0.1252357452,0.5777059405,0.0,0.2495791216,0.03102734475,0.0,0.01645184797
0.2018000077,0.6221613383,0.0,0.135456824,0.0293868191,0.0,0.0111950109
0.1833626538,0.5636059413,0.0,0.2417395096,0.005273868705,0.0,0.006018026654
0.1819023596,0.5207465132,0.0,0.2632707496,0.01970544071,0.0,0.01437493684
0.1485286796,0.6841202585,0.0,0.151812186,0.01248323913,0.0,0.003055636813
0.1359877078,0.5167650808,0.0,0.321609206,0.01730497073,0.0,0.00833303472
0.1866608836,0.6694209403,0.0,0.1210476436,0.01048939968,0.0,0.01238113288
0.14567704,0.6009148796,0.0,0.2298359973,0.007580549433,0.0,0.01599153364
0.1140046844,0.5423462755,0.0,0.3096199839,0.01539794273,0.0,0.01863111336
0.2325880314,0.5870668196,0.0,0.1515473324,0.02767983821,0.0,0.001117978434
0.2224666008,0.7301103362,0.0,0.03407371818,0.00337349475,0.0,0.009975850082
0.142314227,0.4824022382,0.0,0.3450376759,0.02751413355,0.0,0.002731725441
0.2124508925,0.5690879854,0.0,0.2008315399,0.004548778735,0.0,0.01308080339
0.1493100959,0.7337655456,0.0,0.07795528981,0.03215198149,0.0,0.006817087207
0.152311243,0.6402698757,0.0,0.1749388784,0.02351184056,0.0,0.008968162329
0.1976173416,0.4846105829,0.0,0.2960701024,0.01118907813,0.0,0.01051289494
0.1917299611,0.7483287006,0.0,0.008682456445,0.03547798882,0.0,0.01578089301
0.1222685598,0.5420606984,0.0,0.297802637,0.02587977826,0.0,0.01198832663
0.1343212681,0.6301645969,0.0,0.187887824,0.03784717083,0.0,0.009779140138
0.235984223,0.6998773296,0.0,0.05046833447,0.006768247068,0.0,0.006901865933
0.2027178498,0.6534627364,0.0,0.1043169789,0.02180404077,0.0,0.01769839413
0.2119396431,0.6672376187,0.0,0.08649781782,0.02633820156,0.0,0.007986718808
0.1090589493,0.5095795199,0.0,0.3485939012,0.03166108133,0.0,0.001106548262
0.1300414105,0.5781544904,0.0,0.267657686,0.02080055849,0.0,0.003345854674
0.1591515848,0.6340921101,0.0,0.1620653252,0.03882174205,0.0,0.005869237833
0.1483220606,0.5382943819,0.0,0.2736723645,0.02982413919,0.0,0.009887053753
0.2219974836,0.5403567892,0.0,0.2203774924,0.01582429237,0.0,0.001443942451
0.181010867,0.7529035273,0.0,0.01804995736,0.03014682858,0.0,0.01788881977
0.1427529611,0.708626052,0.0,0.0960056036,0.0368892262,0.0,0.01572615706
0.1839631094,0.4951624478,0.0,0.3077627316,0.009328535366,0.0,0.003783175867
0.171790374,0.6006438086,0.0,0.1908098208,0.02440658906,0.0,0.01234940752
0.1254752488,0.6103137874,0.0,0.2443248836,0.01042554272,0.0,0.009460537423
0.1305753782,0.5239703811,0.0,0.3358813507,0.00283981273,0.0,0.006733077169
0.2059454443,0.7296581845,0.0,0.04680227582,0.01527098882,0.0,0.00232310658
0.1558448035,0.5941597319,0.0,0.2178263644,0.01343877889,0.0,0.01873032135
0.2077148464,0.4397855303,0.0,0.3098665762,0.03627263175,0.0,0.006360415352
0.1578032917,0.6865616052,0.0,0.140052205,0.005793275165,0.0,0.009789622992
0.1703495731,0.7717392214,0.0,0.02716203467,0.01843277528,0.0,0.01231639553
0.1952921228,0.5370888971,0.0,0.2389548859,0.02397734981,0.0,0.00468674433
0.2034980664,0.6110920593,0.0,0.1594010205,0.01556966443,0.0,0.01043918935
0.1259930118,0.5713586552,0.0,0.281327374,0.003540360892,0.0,0.01778059808
0.1169829679,0.5076930245,0.0,0.3506440072,0.009599666935,0.0,0.01508033339
0.1838219835,0.7114012784,0.0,0.08303826228,0.008135695527,0.0,0.01360278024
0.2019230793,0.4624024314,0.0,0.2949516494,0.02459462557,0.0,0.01612821426
0.1737500398,0.7044508276,0.0,0.1017240885,0.01850672574,0.0,0.001568318305
0.1669632803,0.8060806483,0.0,0.01778347701,0.005200678697,0.0,0.003971915691
0.2017229104,0.5202895654,0.0,0.2271556318,0.03679256578,0.0,0.01403932662
0.1635235717,0.5482239161,0.0,0.2706759264,0.01244056061,0.0,0.005136025265
0.2002261642,0.6897238285,0.0,0.05418126072,0.03975032826,0.0,0.01611841828
0.2346477372,0.6451891007,0.0,0.09725594307,0.01431658034,0.0,0.008590638779
0.1040827421,0.5171886142,0.0,0.3473937691,0.0200278894,0.0,0.0113069851
0.140066323,0.5811263742,0.0,0.231696511,0.03372586441,0.0,0.01338492735
0.1724341177,0.6357847178,0.0,0.1509177809,0.02662577594,0.0,0.01423760766
0.1343589117,0.531737233,0.0,0.3091344045,0.02283817876,0.0,0.001931272102
0.2323549937,0.518382991,0.0,0.2317516856,0.009036722834,0.0,0.008473606822
0.1684009594,0.7557886548,0.0,0.03161287004,0.03657126581,0.0,0.007626249959
0.1483207105,0.687711749,0.0,0.1293637368,0.02943318658,0.0,0.005170617129
0.1602269754,0.4638693029,0.0,0.3487773407,0.0160141647,0.0,0.0111122163
0.1844591381,0.5844364959,0.0,0.1962857607,0.03081460186,0.0,0.004004003413
0.1520807394,0.4895095944,0.0,0.3110858009,0.0351062414,0.0,0.01221762394
0.2007038067,0.5973579489,0.0,0.1869737615,0.01203238323,0.0,0.002932099669
0.1554720156,0.7373826318,0.0,0.06665082076,0.02502244155,0.0,0.01547209028
0.1507711903,0.6597760213,0.0,0.1404047186,0.03141557979,0.0,0.01763248996
0.1471459585,0.5759015104,0.0,0.2386290949,0.02791858827,0.0,0.01040484794
0.1973277596,0.7300106403,0.0,0.04443491583,0.02251396759,0.0,0.005712716762
0.2367798629,0.5892204557,0.0,0.1521430091,0.007373489475,0.0,0.0144831828
0.1260208562,0.5330307122,0.0,0.3002588122,0.03706550446,0.0,0.003624114932
0.1269686938,0.621314889,0.0,0.2249432215,0.02541210306,0.0,0.001361092616
0.2424877603,0.6393871825,0.0,0.08229304254,0.01922127961,0.0,0.01661073503
0.1908189848,0.6537228358,0.0,0.1141255561,0.03363012573,0.0,0.007702497543
0.1668439911,0.5467600586,0.0,0.2554641235,0.01712049129,0.0,0.0138113356
0.1930095011,0.4892127615,0.0,0.2809110219,0.03102920483,0.0,0.005837510637
0.1777129209,0.7228023751,0.0,0.07414112822,0.01351010317,0.0,0.01183347265
0.2338634735,0.5471284271,0.0,0.1906258203,0.02045286094,0.0,0.007929418163
0.1345130386,0.4839014644,0.0,0.3592864761,0.005740624158,0.0,0.01655839673
0.1853805358,0.6967237629,0.0,0.1106782764,0.002726511898,0.0,0.004490913103
0.1485649355,0.6382334304,0.0,0.1933650549,0.01504723989,0.0,0.004789339249
0.1236401197,0.5668917738,0.0,0.2943727125,0.007906466297,0.0,0.0071889277
0.2114167794,0.5963182762,0.0,0.1479847384,0.03529510653,0.0,0.00898509945
0.1071398318,0.3582319566,0.2319302506,0.2585146642,0.03335902915,0.0,0.01082426766
0.2083743476,0.5132576729,0.1004155355,0.1619033754,0.002431964061,0.0,0.01361710445
0.1458472199,0.2312928517,0.1953449889,0.3925189718,0.01764907001,0.0,0.0173468977
0.1644341079,0.7737038095,0.01565499236,0.01763320953,0.02622493401,0.0,0.002348946643
0.1245400342,0.5385177886,0.144160417,0.1485991218,0.04066810114,0.0,0.003514537365
0.1621523494,0.4161280723,0.2842043547,0.107725462,0.01767578801,0.0,0.01211397358
0.1230394506,0.4544275315,0.09206914818,0.3015805488,0.02271038105,0.0,0.00617293988
0.1389159717,0.5478240912,0.1867478256,0.08038083649,0.03173451763,0.0,0.0143967573
0.1774627716,0.4998328077,0.010990367,0.2851517791,0.01886182131,0.0,0.007700453238
0.1048498092,0.4272088267,0.1291813915,0.2879426132,0.03493216922,0.0,0.01588519018
0.1939851863,0.4292589299,0.1589212948,0.2029387612,0.007763948046,0.0,0.007131879747
0.1777017809,0.5497538063,0.04649215621,0.1797975882,0.03573660335,0.0,0.01051806498
0.1161684834,0.3673539473,0.1525781533,0.3509465461,0.01099584918,0.0,0.001957020737
0.1267364683,0.2433093874,0.2568581141,0.3156065539,0.04148211376,0.0,0.01600736243
0.1361897613,0.6521737593,0.08161488763,0.115210212,0.005376647446,0.0,0.009434732279
0.1285935966,0.5367239557,0.2652818145,0.0416984922,0.02093725194,0.0,0.006764889112
0.1415120606,0.4148247301,0.1883322755,0.1980601668,0.0375805703,0.0,0.01969019668
0.1643408002,0.6259083182,0.006838605708,0.1972478839,0.003142506334,0.0,0.002521885701
0.1022483871,0.4523540549,0.03804906138,0.3815921553,0.01258039078,0.0,0.01317595062
0.1269661022,0.2896813848,0.2136566763,0.3367419231,0.02833140287,0.0,0.004622510746
0.1733459951,0.5914233686,0.1146916968,0.08228159393,0.01766146157,0.0,0.02059588397
0.1406074577,0.4912670423,0.2169554602,0.1291809639,0.01540052505,0.0,0.006588550843
0.210574736,0.4993027181,0.01762064259,0.2405857158,0.02325630103,0.0,0.008659886435
0.2454422389,0.4261590509,0.2005030476,0.06518732968,0.04493531813,0.0,0.01777301475
0.123963239,0.3377556356,0.1342636782,0.3576139465,0.03211732636,0.0,0.01428617441
0.201762723,0.6001419772,0.1261722027,0.02432822259,0.0401729268,0.0,0.007421947688
0.1523279212,0.6447038848,0.007951462608,0.1664487492,0.01024776597,0.0,0.01832021622
0.1150731898,0.5596610534,0.1885027168,0.1157010131,0.003053563906,0.0,0.01800846304
0.2249257213,0.4467812923,0.04512264059,0.248020293,0.03413860381,0.0,0.001011448939
0.1721725122,0.3652425733,0.2581066413,0.1615651686,0.03372429688,0.0,0.009188807735
0.1562287872,0.5067968826,0.06595481723,0.2401318,0.0186388571,0.0,0.01224885581
0.1718565326,0.516212592,0.2572609236,0.01257744377,0.03864646784,0.0,0.00344604021
0.1758169572,0.3746650444,0.06836300092,0.3593947424,0.00443058438,0.0,0.01732967073
0.2454024575,0.4323388622,0.1408758568,0.1507135464,0.02050014436,0.0,0.01016913271
0.1136008667,0.5553374464,0.0628776903,0.2344794457,0.02851249019,0.0,0.005192060692
0.1458316245,0.5688452679,0.1221805483,0.1400304893,0.02161183353,0.0,0.001500236373
0.1059499232,0.3867283261,0.1475303779,0.3123730802,0.0264999493,0.0,0.0209183433
0.2430287846,0.6151638205,0.03065174667,0.08998920125,0.01774646601,0.0,0.003419980881
0.154088197,0.6584973245,0.08755546137,0.05428931439,0.03295936942,0.0,0.01261033334
0.2278416968,0.5424821131,0.1887068433,0.02909995407,0.01125884541,0.0,0.0006105473142
0.137221348,0.4465126836,0.02906056449,0.3363616652,0.03611695035,0.0,0.01472678837
0.1829052951,0.6033282515,0.1342714145,0.04604238266,0.02282758961,0.0,0.01062506659
0.1846213346,0.4479339571,0.03803947122,0.3129609668,0.01127947456,0.0,0.005164795667
0.2004891848,0.3120389358,0.2681755675,0.2071497671,0.008381632097,0.0,0.003764912581
0.1119605014,0.5243688574,0.09670104886,0.211661605,0.0364892412,0.0,0.01881874621
0.1319054275,0.3356511071,0.2109498613,0.3062214554,0.004519884502,0.0,0.01075226415
0.1759480848,0.6447421003,0.02258354578,0.1098312634,0.03349746279,0.0,0.0133975429
0.2076674283,0.5803745463,0.06105469876,0.1303783529,0.009297824919,0.0,0.01122714883
0.1650724765,0.6663337712,0.05322193137,0.08715996773,0.02381732268,0.0,0.004394530484
0.2251875664,0.4900204434,0.2352307231,0.01631968267,0.01951412773,0.0,0.01372745668
0.1119180005,0.3411739139,0.1280528749,0.3841733401,0.02632940444,0.0,0.008352466183
0.1969627245,0.4089885728,0.1102804479,0.2480766091,0.03304696811,0.0,0.0026446775
0.2471653372,0.479751032,0.1657038035,0.07293029823,0.02954265185,0.0,0.0049068772
0.241904753,0.6556805486,0.02597319043,0.02803885694,0.0308783617,0.0,0.0175242894
0.2411005315,0.322640049,0.1839870908,0.2033787565,0.03707437068,0.0,0.01181920153
0.1246435443,0.5569423541,0.1150195949,0.1925621702,0.003811025456,0.0,0.00702131105
0.2193119795,0.3708458364,0.07759871185,0.2988993952,0.02154546249,0.0,0.01179861447
0.211211406,0.491441715,0.1371177334,0.1039222731,0.04044247876,0.0,0.01586439372
0.2416651554,0.5480907661,0.07981353532,0.08581182028,0.0361059782,0.0,0.008512744698
0.2352245073,0.3895045264,0.1190194036,0.224374826,0.0298766995,0.0,0.002000037179
0.1396845733,0.6321479677,0.04683914561,0.1451922442,0.01910547348,0.0,0.01703059569
0.1339267026,0.5864199057,0.2251346379,0.02598936379,0.007177822045,0.0,0.021351568
0.1521260987,0.4010737481,0.229801494,0.1857441299,0.02466464252,0.0,0.006589886782
0.1421195032,0.4993972314,0.1048878287,0.2318822631,0.01080607716,0.0,0.01090709651
0.1269948376,0.4780375483,0.1673934258,0.2018302999,0.01651833248,0.0,0.009225555944
0.1852528903,0.5347130906,0.0468829771,0.1934682508,0.02757824901,0.0,0.01210454217
0.2541269709,0.4843329203,0.1139486498,0.1032405273,0.0263592447,0.0,0.01799168705
0.1483527494,0.2993535934,0.1670344754,0.3321465885,0.04160573439,0.0,0.01150685894
0.2203677994,0.6937062115,0.01449279586,0.05716005399,0.007877488452,0.0,0.006395650866
0.1261265178,0.3918975176,0.1938735676,0.2429949724,0.02587793259,0.0,0.01922949202
0.1152422767,0.2131408577,0.241987587,0.4094879933,0.01026102634,0.0,0.009880258934
0.1324032595,0.6579180032,0.1250703534,0.02731734129,0.04149295706,0.0,0.0157980855
0.111668749,0.4453784871,0.05668657326,0.3377809902,0.03050571301,0.0,0.01797948734
0.1524796296,0.3981319298,0.111855758,0.3145238811,0.007117203005,0.0,0.01589159851
0.1299164016,0.5675287988,0.02367761118,0.2516047316,0.01971014191,0.0,0.007562314983
0.1684082225,0.5653489284,0.08109413624,0.1518597127,0.0292711941,0.0,0.004017806068
0.1889830288,0.305062944,0.2205698132,0.2531560258,0.02642140948,0.0,0.005806778609
0.1167906214,0.5530363891,0.1409866085,0.1630523564,0.01484768673,0.0,0.01128633785
0.1897932326,0.49252089,0.1614382462,0.124851638,0.02947555171,0.0,0.001920441445
0.1375310075,0.5120505287,0.05219528027,0.2664632448,0.01552685439,0.0,0.01623308436
0.1249842109,0.4966709038,0.2366691237,0.1249359332,0.01154539347,0.0,0.005194434861
0.1490776711,0.4240848073,0.09926002227,0.2857935068,0.02283639511,0.0,0.01894759739
0.1266696152,0.5196526018,0.02031568662,0.3208551023,0.005544562226,0.0,0.006962431902
0.210717369,0.6578697113,0.09438169342,0.03327901467,0.002723801116,0.0,0.001028410488
0.1886560485,0.3565409667,0.133554073,0.3136696486,0.004765643239,0.0,0.002813620024
0.1461827054,0.695895503,0.03578102612,0.06935924972,0.03416870849,0.0,0.01861280724
0.182693328,0.5300894047,0.2190662617,0.05031529748,0.007557614933,0.0,0.01027809315
0.1020996426,0.3859351556,0.1062523682,0.3542948763,0.036326681,0.0,0.01509127629
0.1732220383,0.6114843092,0.1600687007,0.01373276989,0.03437110161,0.0,0.007121080285
0.2466589025,0.3138593013,0.234297956,0.1652246822,0.0198800139,0.0,0.0200791441
0.123158943,0.5411250139,0.07408405744,0.2327042462,0.02516226909,0.0,0.00376547039
0.1609907974,0.3626682935,0.1773226673,0.2696297439,0.01537545944,0.0,0.01401303843
0.1439831167,0.4987778627,0.2460528587,0.06111682831,0.03047208105,0.0,0.01959725252
0.1580405765,0.3702718336,0.1201424274,0.3323568108,0.01696675467,0.0,0.002221596962
0.1191840618,0.5464307965,0.01254028132,0.2793221458,0.02915471704,0.0,0.01336799765
0.1225163139,0.3301137794,0.27719571,0.2558717787,0.01059915342,0.0,0.003703264557
0.1539154738,0.5487367681,0.0695278558,0.1710166204,0.03938906575,0.0,0.01741421616
0.1023128929,0.390305665,0.2068956918,0.2637336906,0.03604593162,0.0,0.0007061282292
0.2090430703,0.6155282492,0.01604437056,0.1414941258,0.003860446467,0.0,0.01402973766
0.1771664453,0.1901575898,0.208253768,0.3904457864,0.02082347111,0.0,0.01315293933
0.1623809464,0.682342219,0.1085640525,0.007259150404,0.03048871302,0.0,0.008964918627
0.2218262311,0.433913623,0.08384968776,0.2426483741,0.007206288164,0.0,0.01055579587
0.2445210268,0.5116639498,0.1329907567,0.07938986758,0.01252724391,0.0,0.01890715518
0.1523498412,0.4896928838,0.04202021684,0.2910316838,0.02042296694,0.0,0.004482407319
0.1603989923,0.4863985833,0.1526005997,0.1792101539,0.005744809331,0.0,0.01564686141
0.2311403729,0.4994860799,0.03382911748,0.1910177673,0.03712442378,0.0,0.007402238618
0.2447661517,0.438158276,0.2691712559,0.02022035571,0.02587176334,0.0,0.0018121974
0.1195805105,0.3360223567,0.1878159112,0.3190940834,0.03170905947,0.0,0.005778078693
0.1736752465,0.682648012,0.02542940143,0.08931084452,0.01821622333,0.0,0.01072027224
0.2330936609,0.5965938402,0.07266101689,0.05896310909,0.02602889245,0.0,0.01265948053
0.2300111183,0.3272621624,0.1328843782,0.2547780444,0.04062098356,0.0,0.01444331311
0.129333205,0.6037796127,0.1992527376,0.04456677186,0.01826865456,0.0,0.004799018209
0.1467213263,0.353714199,0.2426426223,0.2073326266,0.0361136965,0.0,0.01347552939
0.1112005328,0.3635408665,0.2838869629,0.2170175559,0.02151890596,0.0,0.002835176003
0.2057499284,0.4931949027,0.0636944331,0.1924156254,0.0296466654,0.0,0.01529844496
0.1020381213,0.4749761346,0.05166436138,0.3587162814,0.002932928163,0.0,0.009672173131
0.1720373355,0.6254137145,0.1276814449,0.06451876335,0.006788501439,0.0,0.003560240271
0.2271405351,0.6280447963,0.04232204339,0.06930611771,0.03237466279,0.0,0.0008118446851
0.2043893237,0.2304513109,0.2511267509,0.2748096612,0.03038867547,0.0,0.008834277798
0.1490258451,0.5972000576,0.09320400983,0.131186973,0.01600254183,0.0,0.01338057267
0.1860515492,0.3305888801,0.09028281532,0.3475405192,0.03915868233,0.0,0.006377553811
0.1983552264,0.4258685553,0.1897824929,0.1542990666,0.02673496429,0.0,0.00495969456
0.1809864863,0.5463527213,0.01742027231,0.2244281043,0.01312766913,0.0,0.01768474674
0.1549211111,0.5000924715,0.1954185716,0.09725033153,0.04253577082,0.0,0.009781743425
0.2231157312,0.4698994044,0.02240074365,0.2627140723,0.009415310132,0.0,0.01245473827
0.2038049114,0.4015497309,0.2114137117,0.1488274182,0.01602587762,0.0,0.01837835013
0.1008574877,0.4889569485,0.1176815818,0.266416946,0.02426049398,0.0,0.001826542031
0.1453819463,0.4346293691,0.1498231789,0.2403866632,0.0182320893,0.0,0.01154675332
0.1600923111,0.6179180439,0.03480957982,0.1563845093,0.02557448346,0.0,0.005221072509
0.1785542567,0.4891546064,0.1157326641,0.195630035,0.01292192536,0.0,0.008006512527
0.1633058068,0.7344453455,0.00535067895,0.04564546585,0.03630553595,0.0,0.01494716695
0.1150022873,0.5288275801,0.1649841077,0.1376268659,0.03130045367,0.0,0.0222587053
0.1924152181,0.4533428477,0.2593719926,0.0819345215,0.005582526532,0.0,0.007352893595
0.1263670272,0.4395014804,0.07660876346,0.3135930763,0.03232761615,0.0,0.01160203657
0.1171252215,0.4013706565,0.1660343102,0.2746255943,0.03705104124,0.0,0.003793176212
0.2441471072,0.5609257323,0.05052803733,0.1203536418,0.007776436955,0.0,0.01626904442
0.1351479144,0.2277170409,0.2651944214,0.3475147967,0.01315350532,0.0,0.01127232115
0.1476757158,0.6727021686,0.06662579748,0.08523482134,0.02175410486,0.0,0.006007391968
0.2125513402,0.5665204654,0.1702080069,0.01071485937,0.02284549685,0.0,0.01715983116
0.135805652,0.4812756304,0.009938262816,0.3451212185,0.02591064145,0.0,0.001948594901
0.1245105662,0.472335257,0.3126138441,0.03857872337,0.02833814147,0.0,0.02362346787
0.1368074691,0.3988413507,0.09111608748,0.3543323845,0.01438703697,0.0,0.004515671286
0.1358451602,0.5647874528,0.04162941502,0.208279011,0.03821960082,0.0,0.01123936026
0.1525766596,0.3124111294,0.2191652189,0.3124131672,0.002183360124,0.0,0.001250464837
0.1801451576,0.5723260607,0.09654254725,0.1032215219,0.03241119909,0.0,0.01535351344
0.1954081158,0.3555756741,0.1874370774,0.2069562788,0.03575794061,0.0,0.01886491323
0.1497052924,0.6121336518,0.1504033592,0.07204032044,0.01409950001,0.0,0.001617876201
0.1300138603,0.36810734,0.299909046,0.1379390775,0.04647199849,0.0,0.0175586777
0.1228706555,0.4864916072,0.08850810221,0.2841776815,0.008471264841,0.0,0.009480688669
0.1312287144,0.4868416829,0.1973239877,0.1666961983,0.003878910552,0.0,0.01403050613
0.1261424133,0.3087791127,0.1546154296,0.3806020801,0.02188892825,0.0,0.007972036065
0.206710611,0.6877866322,0.05930066376,0.02152563242,0.01176423632,0.0,0.01291222433
0.1486955268,0.4925728652,0.1616605391,0.1422786824,0.03713419476,0.0,0.01765819169
0.2036084651,0.4974463012,0.0557327377,0.2378873826,0.003572899735,0.0,0.001752213633
0.254325827,0.3993597489,0.2305940313,0.08506985664,0.02068090966,0.0,0.0099696265
0.09901515089,0.4654684736,0.07627204681,0.315486813,0.02929649516,0.0,0.01446102051
0.1093364664,0.2832011619,0.1831581453,0.4090782793,0.0114870503,0.0,0.003738896736
0.2223598448,0.6315080157,0.08476425206,0.02895939254,0.01726307524,0.0,0.01514541965
0.1494165074,0.6099119215,0.03115019761,0.1695709238,0.03221622835,0.0,0.007734221358
0.1149942408,0.5692738261,0.2150508739,0.06362526391,0.0285126898,0.0,0.008543105467
0.2020768196,0.4432231148,0.2109058305,0.1134781981,0.009664020632,0.0,0.02065201637
0.1403631685,0.4298411523,0.1046282996,0.2812540966,0.03965961114,0.0,0.004253671837
0.1630559452,0.5187551449,0.234869715,0.04907979166,0.01703358323,0.0,0.01720581994
0.1809983003,0.3732812541,0.08939803419,0.3249860111,0.02282087434,0.0,0.008515526066
0.1997476239,0.3843298486,0.186309473,0.1866665985,0.04168684147,0.0,0.001259614575
0.1288022857,0.6188407157,0.02223753692,0.2041180051,0.008909986514,0.0,0.01709147002
0.1175455972,0.4154686446,0.1772111724,0.2734684833,0.007979154483,0.0,0.008326947971
0.2236493533,0.5954540463,0.00901169843,0.1252647218,0.03507687472,0.0,0.01154330536
0.1875002765,0.2423969021,0.2228771884,0.3075458091,0.02302497157,0.0,0.01665485229
0.2340228737,0.5411489921,0.1583896947,0.02294872315,0.03116292338,0.0,0.01232679305
0.1279860631,0.4392317032,0.05338738131,0.353826066,0.01920960971,0.0,0.006359176718
0.2203135201,0.5172014392,0.07167595583,0.1672918123,0.02065855773,0.0,0.002858714821
0.1755612294,0.3042042768,0.139416816,0.3386636262,0.03639658505,0.0,0.005757466529
0.1580208434,0.7277693122,0.0589588277,0.03734064587,0.007025381412,0.0,0.01088498945
0.1147697213,0.5149557217,0.2040626365,0.1282919595,0.02169471188,0.0,0.01622524918
0.1747143359,0.479439599,0.2392554427,0.06649927303,0.03751859262,0.0,0.002572756741
0.1082225036,0.3923065607,0.1227331715,0.3539471694,0.005004780326,0.0,0.01778581435
0.1524934323,0.5908774956,0.1566630313,0.08409074369,0.01064238812,0.0,0.005232908972
0.1552994185,0.4650448929,0.03407091987,0.2907921675,0.037148172,0.0,0.01764442928
0.1188127189,0.503333079,0.08494655379,0.2717276941,0.01410406227,0.0,0.007075892021
0.1666201161,0.3494850795,0.1878050525,0.2523166047,0.02785649069,0.0,0.01591665652
0.1943526103,0.6267572043,0.02309973493,0.1379819779,0.017181016,0.0,0.0006274566524
0.1045296625,0.3164374093,0.2020411444,0.3309843353,0.03387307969,0.0,0.01213436884
0.1808642874,0.3200286845,0.2152480411,0.2646477541,0.0165691662,0.0,0.002642066779
0.1177748396,0.5761748213,0.1081115057,0.1490389138,0.02913117479,0.0,0.01976874486
0.121199902,0.4857944013,0.3025055586,0.02054170144,0.04851774135,0.0,0.02144069539
0.1793335399,0.4932226595,0.1372862465,0.1669958853,0.01418222497,0.0,0.008979443835
0.1413893377,0.5487371106,0.04699162049,0.2243994457,0.02416778883,0.0,0.01431469671
0.106813781,0.3877822959,0.2417181893,0.2241252456,0.03240723046,0.0,0.007153257756
0.1866857156,0.4667450112,0.1190367363,0.1958518475,0.01969722132,0.0,0.01198346824
0.1201548978,0.5115895568,0.0130430246,0.318775777,0.032579287,0.0,0.003857456899
0.1912540715,0.6268337998,0.06653292578,0.06986995138,0.03796413972,0.0,0.007545111767
0.2364530027,0.5716100678,0.110554625,0.05006683398,0.01417046297,0.0,0.01714500748
0.2050401847,0.3152590659,0.1712169752,0.2889859658,0.009233130861,0.0,0.01026467751
0.1508910396,0.7031342794,0.006262447701,0.09535954557,0.03858620632,0.0,0.005766481344
0.1449776402,0.6243568386,0.1609951202,0.02942639657,0.0295629262,0.0,0.01068107829
0.1449203845,0.533164474,0.07526596366,0.2121788842,0.03216202368,0.0,0.002308269885
0.1139400023,0.4476904783,0.2003242562,0.1747182183,0.04169698606,0.0,0.02163005883
0.1973747697,0.5524856244,0.02439110433,0.2161501658,0.005151115542,0.0,0.004447220233
0.1689651902,0.3662566297,0.1389151265,0.3067465071,0.01823978836,0.0,0.0008767580891
0.2087757266,0.6357404288,0.03659047675,0.07416445998,0.03088393566,0.0,0.01384497214
0.1447391285,0.4642137427,0.1420875325,0.2389946409,0.004168848028,0.0,0.005796107452
0.1472262022,0.7121781657,0.09579805655,0.02099115249,0.02092316484,0.0,0.002883258186
0.1114605487,0.4667506459,0.2440350884,0.1678184589,0.007857039842,0.0,0.002078218293
0.1638342837,0.4826227029,0.2094601847,0.1039849307,0.02411158083,0.0,0.01598631722
0.1409716779,0.5393672843,0.01685834081,0.2833566123,0.01096923686,0.0,0.00847684782
0.1305670781,0.4668715976,0.2895773827,0.07814541887,0.02025859267,0.0,0.01457993004
0.1614151578,0.4351281371,0.06554801533,0.3063463413,0.02550040978,0.0,0.006061938647
0.1179222807,0.5233614048,0.04931204626,0.286802965,0.002416672981,0.0,0.02018463027
0.1504430023,0.3504757083,0.2256443269,0.2223804983,0.04251520999,0.0,0.008541254191
0.1450590536,0.5015481981,0.1315927405,0.1974279245,0.01000831981,0.0,0.01436376343
0.1906878732,0.4315878946,0.002458252891,0.3325347934,0.02897970992,0.0,0.01375147589
0.2159852291,0.3510770432,0.2340184139,0.1553244424,0.02874385618,0.0,0.01485101512
0.1060792336,0.477977622,0.1255253456,0.2618121947,0.01804357455,0.0,0.01056202957
0.1418557669,0.3751715144,0.1570298238,0.2824519319,0.0246965068,0.0,0.01879445618
0.1770137013,0.6226199784,0.06181020913,0.1204256483,0.01458941686,0.0,0.003541045982
0.1960785021,0.567673385,0.1013003441,0.1036897591,0.03019783467,0.0,0.001060175037
0.1736391396,0.7210900711,0.03060467674,0.05733406047,0.00484387428,0.0,0.01248817772
0.1074161138,0.5107648912,0.1534504685,0.2022009509,0.01317070162,0.0,0.01299687396
0.2112827899,0.4253844074,0.2795087444,0.03596065347,0.04279092252,0.0,0.005072482197
0.126836848,0.3973814022,0.08617155208,0.3641542254,0.006493163504,0.0,0.01896280876
0.128276979,0.3991730439,0.2931781957,0.141931913,0.02638009856,0.0,0.01105976983
0.1922329585,0.4309628372,0.08996183175,0.2623912696,0.01038498585,0.0,0.01406611718
0.1023279546,0.5116133819,0.03868217721,0.3109183902,0.03495816634,0.0,0.001499929685
0.1624699791,0.6466214297,0.1018434238,0.04648368555,0.03718261703,0.0,0.005398864849
0.2561429585,0.667937549,0.04792911929,0.01235199461,0.008566955999,0.0,0.007071422613
0.201779026,0.2970402941,0.2427740469,0.2425948514,0.01525393391,0.0,0.0005578477294
0.1360606114,0.591875425,0.06770198064,0.1632447794,0.02479180892,0.0,0.01632539464
0.1903716611,0.4744031805,0.1703446523,0.1406628553,0.01720016366,0.0,0.007017487095
0.1648741836,0.554206493,0.009077508795,0.2342992252,0.02635664048,0.0,0.01118594886
0.1286132414,0.4304032021,0.3090117413,0.1161508933,0.008143022236,0.0,0.007677899717
0.1723936793,0.4267866935,0.07791830311,0.2774784071,0.03582829085,0.0,0.009594626155
0.122432688,0.5795020855,0.03722688798,0.2453348469,0.0122548,0.0,0.003248691585
0.1354421116,0.3554081817,0.2160649766,0.2466059366,0.03129744503,0.0,0.01518134863
0.1431965507,0.5363181436,0.1147938312,0.1753884925,0.02039463383,0.0,0.00990834814
0.1159864157,0.4633545502,0.1636946468,0.2295509238,0.01488367564,0.0,0.01252978789
0.1919729388,0.5517420843,0.05390326219,0.172001867,0.02380528564,0.0,0.00657456217
0.155874056,0.1928881634,0.2378475544,0.367552633,0.04073681662,0.0,0.005100776544
0.1653087107,0.6804179034,0.08466476222,0.03922477285,0.01028850889,0.0,0.02009534191
0.2155168812,0.3996526345,0.1036318361,0.2545282344,0.02590839983,0.0,0.0007620139508
0.222678328,0.4955602461,0.1760987169,0.06225480847,0.03466747798,0.0,0.008740422477
0.1467445953,0.4621081994,0.1755607741,0.1829613146,0.02976364255,0.0,0.002861474004
0.1122205465,0.3231803255,0.1661352813,0.3716056699,0.008248619178,0.0,0.01860955768
0.1812431866,0.6798812383,0.04836577403,0.0478043305,0.04099782693,0.0,0.001707643582
0.2242991818,0.5898244734,0.09849266039,0.08006450013,0.003097185605,0.0,0.004221998691
0.1513103028,0.6639278223,0.01841550944,0.1259085093,0.02892454488,0.0,0.01151331131
0.1430708654,0.6467706938,0.1455995894,0.009339338139,0.04046537806,0.0,0.0147541353
0.1438884169,0.489090676,0.08938353436,0.239188523,0.02266801958,0.0,0.01578083011
0.1003898629,0.3455650352,0.1468671063,0.3665348398,0.03025672004,0.0,0.0103864358
0.1644869742,0.279642911,0.2970451025,0.2353402619,0.004397373384,0.0,0.01908737701
0.122123249,0.5582700863,0.08913861842,0.1937070207,0.03466101427,0.0,0.002100011307
0.122404491,0.5452163793,0.2246968195,0.07869169188,0.02470388938,0.0,0.004286728917
0.1758127384,0.4767606382,0.2009723732,0.1291075907,0.006224545195,0.0,0.01112211423
0.1479724725,0.5313495547,0.02625340519,0.2531946992,0.03587348903,0.0,0.005356379271
0.1139528263,0.4790400521,0.06148931057,0.3037680516,0.02647711472,0.0,0.01527264471
0.1967686037,0.6281546559,0.1211641476,0.01479367764,0.0272540477,0.0,0.01186486744
0.1065617555,0.3262438496,0.2473813727,0.3081713925,0.01000573611,0.0,0.001635893461
0.221388554,0.4832546058,0.1193145147,0.1184524262,0.0414960284,0.0,0.01609387084
0.1716753538,0.3096444092,0.1619211919,0.3177233481,0.02430525026,0.0,0.01473044683
0.1501508978,0.7394820042,0.01105921182,0.07527280796,0.01480882811,0.0,0.009226250142
0.1285589727,0.5196016017,0.1762077768,0.1675264463,0.002298051544,0.0,0.005807150971
0.1091690991,0.4271640316,0.06323688255,0.3814524969,0.01594588903,0.0,0.003031600928
0.1517310554,0.5558007558,0.2226012606,0.03742059455,0.01380140134,0.0,0.0186449323
0.182748117,0.4630976956,0.02038271024,0.3135794029,0.01970023394,0.0,0.0004918402643
0.2422384662,0.3442627683,0.1959203191,0.1715705464,0.03860834061,0.0,0.007399559543
0.1222962915,0.5248907435,0.1036905437,0.2275021994,0.007589302809,0.0,0.0140309191
0.1623521906,0.3949497441,0.1253680433,0.2794278703,0.0340592879,0.0,0.003842863886
0.1929859048,0.6390955185,0.04190633053,0.1026301634,0.004359574777,0.0,0.01902250799
0.1048400772,0.3419893911,0.2049941686,0.3130865815,0.0189987993,0.0,0.01609098233
0.1778421288,0.2675731412,0.1945588152,0.3255109755,0.03257097816,0.0,0.001943961149
0.222351266,0.5594727886,0.1325011265,0.03899599976,0.04115188248,0.0,0.005526936633
0.1313319475,0.4788270677,0.03287746346,0.3375786442,0.009676992032,0.0,0.009707885125
0.1389275421,0.5411950716,0.2755098376,0.0288317639,0.005416715016,0.0,0.01011906978
0.1244291526,0.344215404,0.1175696368,0.3679638968,0.03318315368,0.0,0.01263875607
0.1538716157,0.6191714487,0.003393308924,0.2044896997,0.01819765669,0.0,0.0008762703439
0.138009187,0.294490211,0.2548823463,0.2763548935,0.02299014602,0.0,0.01327321616
0.1917080502,0.5775049201,0.06960938276,0.1417945561,0.01245868433,0.0,0.006924406469
0.1945693633,0.3888717518,0.1603553784,0.2360535415,0.01103307737,0.0,0.0091168876
0.1270348736,0.618785781,0.05434251204,0.1615687477,0.02305962221,0.0,0.01520846343
0.1288678522,0.5440030928,0.1813770003,0.09481221444,0.03892369644,0.0,0.01201614382
0.1467809174,0.4373114728,0.2408657593,0.1509239622,0.02091837914,0.0,0.003199509153
0.1107246488,0.4272188556,0.135264069,0.2762062007,0.03073177142,0.0,0.01985445445
0.1777765596,0.4851820796,0.03846601954,0.2701676934,0.01339282811,0.0,0.01501481972
0.2045957179,0.7141634794,0.01922058552,0.02661573226,0.03187899394,0.0,0.00352549095
0.1209274378,0.4131357271,0.2245306625,0.1860110095,0.04356882532,0.0,0.01182633784
0.2006555933,0.4607583804,0.1053810993,0.2183978625,0.009094174125,0.0,0.005712890417
0.1024717394,0.4650648148,0.02688757758,0.3649000449,0.02351649279,0.0,0.01715933052
0.1728535398,0.6136666995,0.08033700879,0.09117222698,0.02804843575,0.0,0.01392208915
0.2311867149,0.6769411438,0.007069283966,0.06357900938,0.01099818318,0.0,0.01022566484
0.2285493893,0.241790471,0.2256041925,0.2786343512,0.005671436999,0.0,0.01975015901
0.137435482,0.5753298999,0.1180518927,0.1249588685,0.03932209865,0.0,0.004901758218
0.2014934776,0.3846211554,0.06925476999,0.3134415419,0.01751344058,0.0,0.0136756145
0.2114350145,0.4326288918,0.1448903428,0.1944565986,0.0035205387,0.0,0.01306861358
0.1719392959,0.5444650128,0.05496255888,0.1862591028,0.0344241931,0.0,0.007949836517
0.1776328256,0.5468543282,0.1689752898,0.06453839901,0.02220178933,0.0,0.01979736809
0.1990046551,0.4394843026,0.04293922145,0.2891540305,0.02716806827,0.0,0.002249722076
0.2077661367,0.3815777028,0.2519657727,0.1142711798,0.03875388371,0.0,0.005665324333
0.102605915,0.5095269002,0.07475246307,0.2973410292,0.004081165827,0.0,0.01169252662
0.1488645548,0.4205324293,0.1727930344,0.218254398,0.03789027049,0.0,0.001665313003
0.1592607808,0.628565754,0.01240142308,0.1758193208,0.007077877868,0.0,0.01687484345
0.2001575005,0.5153563536,0.08772918547,0.1460761216,0.03159392398,0.0,0.0190869149
0.1959387898,0.2819458758,0.1255923556,0.3591705299,0.0261748321,0.0,0.01117761675
0.1740238432,0.7512205538,0.04518779712,0.005641064186,0.01756491138,0.0,0.00636183037
0.1857642831,0.4566632493,0.2262738742,0.08769304582,0.02617069849,0.0,0.01743484905
0.2402387273,0.7239666958,0.0,0.0,0.0,0.02221496717,0.01357960976
0.179937721,0.7654470704,0.0,0.0,0.0,0.03581999517,0.01879521344
0.1663747115,0.7676394136,0.0,0.0,0.0,0.04977448524,0.01621138962
0.1974365286,0.7645113347,0.0,0.0,0.0,0.02656331174,0.01148882493
0.2181112542,0.7677040521,0.0,0.0,0.0,0.01137899072,0.002805702985
0.1605778866,0.767403123,0.0,0.0,0.0,0.06355147046,0.008467519912
0.1844246614,0.7574214088,0.0,0.0,0.0,0.05267565427,0.005478275494
0.2437131745,0.7086041906,0.0,0.0,0.0,0.03771948913,0.009963145744
0.2081173082,0.7162666885,0.0,0.0,0.0,0.05700636026,0.01860964301
0.1865468689,0.7836292044,0.0,0.0,0.0,0.01594298826,0.0138809385
0.1983384136,0.7291990498,0.0,0.0,0.0,0.05638954276,0.01607299385
0.1920229847,0.7617182096,0.0,0.0,0.0,0.03871075517,0.007548050483
0.1710937679,0.8053392635,0.0,0.0,0.0,0.01992966541,0.003637303133
0.178965985,0.7893691895,0.0,0.0,0.0,0.03084885896,0.0008159665567
0.2287178519,0.7248300665,0.0,0.0,0.0,0.0417294521,0.004722629512
0.2230880807,0.7122474132,0.0,0.0,0.0,0.05346305275,0.01120145334
0.1699113708,0.7958568232,0.0,0.0,0.0,0.01542665768,0.01880514841
0.1882174928,0.7391596905,0.0,0.0,0.0,0.05891743815,0.01370537854
0.1616739724,0.8015870632,0.0,0.0,0.0,0.03078850295,0.005950461465
0.1882246262,0.7834218012,0.0,0.0,0.0,0.02055093871,0.007802633906
0.2544405064,0.725908137,0.0,0.0,0.0,0.007558781201,0.01209257532
0.217566675,0.7436703252,0.0,0.0,0.0,0.03636114543,0.002401854454
0.2250761113,0.7342390294,0.0,0.0,0.0,0.02470326206,0.01598159718
0.2374829804,0.6997215824,0.0,0.0,0.0,0.0571520627,0.005643374539
0.1877177047,0.7519111541,0.0,0.0,0.0,0.04932110067,0.01105004053
0.1621660357,0.7888866399,0.0,0.0,0.0,0.0351578698,0.0137894546
0.2071013946,0.7500056035,0.0,0.0,0.0,0.02446428998,0.01842871189
0.2074163022,0.7820911573,0.0,0.0,0.0,0.005484082903,0.005008457656
0.1712871837,0.7756440046,0.0,0.0,0.0,0.05205495507,0.00101385663
0.1743474916,0.7594198899,0.0,0.0,0.0,0.06318800729,0.003044611189
0.2398236249,0.7432952955,0.0,0.0,0.0,0.01001917974,0.006861899837
0.2363542295,0.7251632125,0.0,0.0,0.0,0.03713303844,0.001349519655
0.1829928643,0.7913605045,0.0,0.0,0.0,0.01879648232,0.006850148853
0.1722971444,0.7856203332,0.0,0.0,0.0,0.03235123868,0.009731283766
0.1985832744,0.7550329171,0.0,0.0,0.0,0.04243789331,0.003945915126
0.2026571259,0.7275576645,0.0,0.0,0.0,0.05974576318,0.01003944642
0.1665688623,0.8051063807,0.0,0.0,0.0,0.01304974824,0.01527500878
0.1943491056,0.7844918733,0.0,0.0,0.0,0.003619187214,0.01753983391
0.2452004344,0.7301518834,0.0,0.0,0.0,0.02217433251,0.002473349658
0.2179365198,0.7178403081,0.0,0.0,0.0,0.05167751361,0.01254565845
0.2246625797,0.7609102596,0.0,0.0,0.0,0.008426735189,0.006000425586
0.2465791616,0.6958765651,0.0,0.0,0.0,0.04198375934,0.01556051399
0.1820055737,0.7517871806,0.0,0.0,0.0,0.06427951883,0.001927726852
0.1575591022,0.786186683,0.0,0.0,0.0,0.05140581151,0.004848403244
0.2072845422,0.7766838692,0.0,0.0,0.0,0.007260189577,0.008771398986
0.1965539758,0.765866456,0.0,0.0,0.0,0.02240033139,0.0151792368
0.1685937888,0.7843552662,0.0,0.0,0.0,0.03702293741,0.01002800758
0.1713714807,0.7679270053,0.0,0.0,0.0,0.04804372903,0.01265778491
0.2262704434,0.7294290443,0.0,0.0,0.0,0.02697790891,0.01732260332
0.2392883355,0.750930501,0.0,0.0,0.0,0.006301103811,0.003480059679
0.1746545931,0.764933545,0.0,0.0,0.0,0.0513128952,0.00909896673
0.1615678202,0.765650544,0.0,0.0,0.0,0.06569408945,0.00708754639
0.1979287464,0.7912776406,0.0,0.0,0.0,0.009297515429,0.001496097503
0.2065366654,0.7529534338,0.0,0.0,0.0,0.02812975042,0.01238015037
0.1582135446,0.7757743298,0.0,0.0,0.0,0.04845185052,0.01756027514
0.181133705,0.7666464112,0.0,0.0,0.0,0.03732726485,0.01489261892
0.2165563487,0.7520804111,0.0,0.0,0.0,0.02110897838,0.01025426175
0.2204471356,0.7312386524,0.0,0.0,0.0,0.04020546118,0.008108750828
0.2504724247,0.7203616746,0.0,0.0,0.0,0.01127626297,0.01788963777
0.1897367667,0.7732963246,0.0,0.0,0.0,0.03280817912,0.004158729507
0.1687046082,0.8114906164,0.0,0.0,0.0,0.01755777118,0.002247004236
0.2095905809,0.7442505592,0.0,0.0,0.0,0.04004470755,0.006114152392
0.1916059379,0.7359503491,0.0,0.0,0.0,0.05514074932,0.01730296374
0.1764924709,0.8088571529,0.0,0.0,0.0,0.002199898359,0.01245047787
0.1846338319,0.7911896251,0.0,0.0,0.0,0.01413205029,0.01004449274
0.2295915599,0.6990777619,0.0,0.0,0.0,0.05680735375,0.01452332442
0.2376126044,0.7255928872,0.0,0.0,0.0,0.03042549803,0.006369010355
0.2482184953,0.6793264133,0.0,0.0,0.0,0.05758555075,0.0148695406
0.1802017626,0.7769316504,0.0,0.0,0.0,0.04147402595,0.001392561095
0.171187689,0.7834123393,0.0,0.0,0.0,0.0411810756,0.004218896126
0.2020541437,0.7719022482,0.0,0.0,0.0,0.0166897293,0.009353878859
0.21624978,0.7667403823,0.0,0.0,0.0,0.002706843707,0.01430299392
0.1610404053,0.7711704886,0.0,0.0,0.0,0.05710184096,0.01068726514
0.1821069166,0.7440477743,0.0,0.0,0.0,0.06078167777,0.01306363131
0.2428459652,0.7048049027,0.0,0.0,0.0,0.04491658419,0.00743254792
0.2232084006,0.7460040754,0.0,0.0,0.0,0.01391642178,0.01687110218
0.2109005763,0.7379334083,0.0,0.0,0.0,0.0491694935,0.001996521875
0.2551483459,0.7164599696,0.0,0.0,0.0,0.01794344683,0.01044823768
0.1882528764,0.7983850595,0.0,0.0,0.0,0.007171073574,0.006190990533
0.1666353955,0.8136457678,0.0,0.0,0.0,0.01049318694,0.009225649709
0.2010759117,0.7316871866,0.0,0.0,0.0,0.06272429904,0.004512602644
0.1898502221,0.754842297,0.0,0.0,0.0,0.04559511356,0.009712367303
0.1665932771,0.7884604993,0.0,0.0,0.0,0.02919511755,0.01575110604
0.1776315184,0.7823604044,0.0,0.0,0.0,0.02167732228,0.01833075495
0.2298407414,0.7235407668,0.0,0.0,0.0,0.03470748239,0.01191100935
0.2185670139,0.7103163377,0.0,0.0,0.0,0.06255126374,0.008565384658
0.1797620417,0.8072298337,0.0,0.0,0.0,0.009316982437,0.003691142241
0.1758266122,0.8143570525,0.0,0.0,0.0,0.008149431141,0.001666904121
0.1929403537,0.7505491023,0.0,0.0,0.0,0.0497326503,0.006777893718
0.2006339338,0.7473729755,0.0,0.0,0.0,0.03535793269,0.01663515798
0.1610731055,0.802837766,0.0,0.0,0.0,0.02286259038,0.01322653812
0.1865860817,0.7754037558,0.0,0.0,0.0,0.02741246887,0.01059769359
0.2138429695,0.7264779312,0.0,0.0,0.0,0.04539286928,0.01428622998
0.2274632481,0.7512918901,0.0,0.0,0.0,0.01712406857,0.004120793299
0.2353108681,0.7030838635,0.0,0.0,0.0,0.04890748032,0.01269778804
0.1880972793,0.764120158,0.0,0.0,0.0,0.03941942582,0.008363136898
0.1629830464,0.7867414397,0.0,0.0,0.0,0.04377880942,0.006496704465
0.2118023928,0.7559597653,0.0,0.0,0.0,0.03016972704,0.00206811492
0.2032669273,0.7717635354,0.0,0.0,0.0,0.01301130274,0.01195823453
0.1658848198,0.7527080349,0.0,0.0,0.0,0.06354515461,0.01786199067
0.174168856,0.7549358882,0.0,0.0,0.0,0.0554293416,0.01546591424
0.2410906568,0.7457430938,0.0,0.0,0.0,0.003690088442,0.009476160916
0.2267708441,0.7084974358,0.0,0.0,0.0,0.04703171759,0.01770000257
0.1788912443,0.7810883426,0.0,0.0,0.0,0.02549557974,0.01452483334
0.1749414982,0.7883074822,0.0,0.0,0.0,0.02486422554,0.01188679403
0.1996286542,0.7516980668,0.0,0.0,0.0,0.03300372659,0.01566955241
0.2045850033,0.7365442325,0.0,0.0,0.0,0.05086489495,0.008005869238
0.1690970472,0.8215720422,0.0,0.0,0.0,0.006322349339,0.003008561276
0.2415624313,0.7142643869,0.0,0.0,0.0,0.03016133468,0.01401184714
0.218633083,0.7153681986,0.0,0.0,0.0,0.06065614505,0.005342573362
0.2493087966,0.7137387345,0.0,0.0,0.0,0.03287427028,0.004078198644
0.1779603876,0.7450046525,0.0,0.0,0.0,0.05772551386,0.01930944604
0.1547170438,0.7663404175,0.0,0.0,0.0,0.06190998853,0.01703255015
0.2075179977,0.766444198,0.0,0.0,0.0,0.01526938354,0.01076842077
0.196610833,0.7709692204,0.0,0.0,0.0,0.02901127784,0.003408668771
0.1671605947,0.7794290112,0.0,0.0,0.0,0.04551659646,0.007893797596
0.1752688112,0.7816049396,0.0,0.0,0.0,0.03810888802,0.005017361135
0.2324646409,0.7481618145,0.0,0.0,0.0,0.01859057495,0.0007829696299
0.2318679409,0.7372459967,0.0,0.0,0.0,0.01551898874,0.01536707363
0.1708187926,0.7577048134,0.0,0.0,0.0,0.05966736094,0.01180903311
0.1625179694,0.7642181523,0.0,0.0,0.0,0.05904978455,0.01421409381
0.2089378135,0.7668299752,0.0,0.0,0.0,0.0186487422,0.00558346914
0.1830743894,0.770829893,0.0,0.0,0.0,0.04369301576,0.002402701878
0.2448097076,0.6797363149,0.0,0.0,0.0,0.05959860554,0.01585537194
0.2156262472,0.7476536091,0.0,0.0,0.0,0.02909230095,0.007627842732
0.2185729686,0.7373072634,0.0,0.0,0.0,0.03335806322,0.01076170475
0.1876132269,0.7724015102,0.0,0.0,0.0,0.02322593901,0.01675932385
0.1655319336,0.7874525729,0.0,0.0,0.0,0.02753760514,0.01947788844
0.2083808787,0.7323890869,0.0,0.0,0.0,0.04641120352,0.01281883091
0.1934010604,0.7448358537,0.0,0.0,0.0,0.06086373023,0.0008993557322
0.1751311095,0.8069284427,0.0,0.0,0.0,0.01261484873,0.005325599134
0.187109485,0.8008197485,0.0,0.0,0.0,0.004768862771,0.007301903804
0.2354895536,0.7118188517,0.0,0.0,0.0,0.04984275586,0.002848838892
0.2553456859,0.6934275552,0.0,0.0,0.0,0.03445150868,0.01677525019
0.178222649,0.7603495973,0.0,0.0,0.0,0.05733818785,0.00408956586
0.1679893313,0.7716783371,0.0,0.0,0.0,0.05894971438,0.001382617241
0.2013464385,0.7758271994,0.0,0.0,0.0,0.01605261809,0.006773744025
0.2117914737,0.7414177062,0.0,0.0,0.0,0.02978445228,0.01700636784
0.1634713538,0.7779099451,0.0,0.0,0.0,0.04521006785,0.01340863321
0.1857757815,0.7651525668,0.0,0.0,0.0,0.03863564615,0.01043600556
0.2412362778,0.7062546006,0.0,0.0,0.0,0.04711655916,0.00539256252
0.2218834675,0.7454778926,0.0,0.0,0.0,0.01849978348,0.01413885643
0.2132400558,0.7365338243,0.0,0.0,0.0,0.04576672001,0.004459399958
0.1850654145,0.7795386765,0.0,0.0,0.0,0.02638716399,0.009008744956
0.1639713913,0.806012666,0.0,0.0,0.0,0.02366756019,0.006348382482
0.2071690019,0.7575092896,0.0,0.0,0.0,0.03335045081,0.001971257623
0.1888452043,0.7453251842,0.0,0.0,0.0,0.0534046708,0.01242494069
0.1716261757,0.8045710241,0.0,0.0,0.0,0.005128418598,0.01867438157
0.179204817,0.7924826652,0.0,0.0,0.0,0.01266038925,0.01565212851
0.2227388509,0.7086212567,0.0,0.0,0.0,0.05945776548,0.009182126946
0.2287436666,0.7331182467,0.0,0.0,0.0,0.03159232579,0.006545760919
0.1783913098,0.7957568085,0.0,0.0,0.0,0.02426137445,0.001590507167
0.171379732,0.7994950491,0.0,0.0,0.0,0.02544843257,0.003676786286
0.192072401,0.7505253023,0.0,0.0,0.0,0.04841330362,0.008988993142
0.1964551336,0.7260498242,0.0,0.0,0.0,0.06299759215,0.01449744998
0.1645864634,0.8129013866,0.0,0.0,0.0,0.01160170821,0.01091044179
0.1896225547,0.7913535577,0.0,0.0,0.0,0.006161305583,0.01286258204
0.2519444702,0.7236021717,0.0,0.0,0.0,0.01696618171,0.007487176417
0.2104755485,0.7219961419,0.0,0.0,0.0,0.05117709135,0.0163512183
0.2301372251,0.753348232,0.0,0.0,0.0,0.01450883181,0.002005711093
0.2384048471,0.7071478802,0.0,0.0,0.0,0.0443680955,0.01007917727
0.1863042682,0.7484624862,0.0,0.0,0.0,0.05891358493,0.00631966066
0.159685043,0.7736667101,0.0,0.0,0.0,0.05804891964,0.008599327263
0.2160102357,0.7781823763,0.0,0.0,0.0,0.001652987422,0.004154400604
0.204250627,0.7662200211,0.0,0.0,0.0,0.01968583247,0.009843519427
0.1716763876,0.7739656636,0.0,0.0,0.0,0.03865424831,0.01570370045
0.1744396337,0.7619188382,0.0,0.0,0.0,0.0457955913,0.01784593685
0.233722182,0.7270379604,0.0,0.0,0.0,0.02788390538,0.01135595223
0.2296757431,0.7072419067,0.0,0.0,0.0,0.04818185745,0.01490049272
0.1836471758,0.7964384983,0.0,0.0,0.0,0.008044135791,0.01187019005
0.1761350476,0.7995269203,0.0,0.0,0.0,0.009596386537,0.01474164551
0.191546441,0.7246530697,0.0,0.0,0.0,0.06546173421,0.01833875514
0.2077414511,0.741803201,0.0,0.0,0.0,0.04504295927,0.005412388683
0.1932066745,0.7822266648,0.0,0.0,0.0,0.02161253807,0.00295412258
0.2225555708,0.7355093768,0.0,0.0,0.0,0.03406378464,0.007871267847
0.2180572154,0.7412071153,0.0,0.0,0.0,0.03013333277,0.01060233654
0.2448486129,0.6956442749,0.0,0.0,0.0,0.05746921748,0.002037894677
0.1827992472,0.7571198322,0.0,0.0,0.0,0.04350485198,0.01657606856
0.1572129075,0.7814531063,0.0,0.0,0.0,0.04142952539,0.01990446079
0.2048649252,0.7635238542,0.0,0.0,0.0,0.01798914003,0.01362208055
0.2040727021,0.791073659,0.0,0.0,0.0,0.00398119373,0.0008724450989
0.1668663823,0.7731223323,0.0,0.0,0.0,0.05500943246,0.005001852884
0.1692620699,0.7604490747,0.0,0.0,0.0,0.06253267186,0.007756183481
0.2323900474,0.7520043515,0.0,0.0,0.0,0.01230548798,0.003300113078
0.2329090974,0.7337272215,0.0,0.0,0.0,0.01608243257,0.01728124856
0.1751417733,0.7690246334,0.0,0.0,0.0,0.0417008703,0.01413272302
0.1652698577,0.7799624312,0.0,0.0,0.0,0.04272705164,0.01204065954
0.1910975226,0.7600599088,0.0,0.0,0.0,0.03281541794,0.01602715068
0.2114804323,0.7667123782,0.0,0.0,0.0,0.01413511334,0.007672076185
0.159079286,0.7769775152,0.0,0.0,0.0,0.06146544188,0.002477756819
0.2510110598,0.7033021626,0.0,0.0,0.0,0.0323321474,0.01335463025
0.2211773076,0.7707499122,0.0,0.0,0.0,0.002548824826,0.005523955431
0.2136460802,0.7110668693,0.0,0.0,0.0,0.06260625569,0.01268079475
0.248272217,0.7190504667,0.0,0.0,0.0,0.02854486328,0.004132453083
0.1908177798,0.7800289317,0.0,0.0,0.0,0.01014416272,0.01900912574
0.1684247732,0.8067900613,0.0,0.0,0.0,0.007555889665,0.01722927574
0.2072436864,0.7319995234,0.0,0.0,0.0,0.0499054423,0.01085134796
0.1994030022,0.7620922311,0.0,0.0,0.0,0.03544384726,0.003060919443
0.1745566243,0.796525512,0.0,0.0,0.0,0.02157947979,0.00733838396
0.1824756021,0.7841901605,0.0,0.0,0.0,0.02815413428,0.005180103173
0.2358341415,0.7207183813,0.0,0.0,0.0,0.04257825975,0.0008692175139
0.2428945251,0.7371488482,0.0,0.0,0.0,0.009038425795,0.01091820094
0.1736158946,0.7450068868,0.0,0.0,0.0,0.06536925419,0.01600796438
0.1661332811,0.7622756102,0.0,0.0,0.0,0.05260552312,0.01898558555
0.2026605214,0.7764505844,0.0,0.0,0.0,0.006572004675,0.01431688954
0.1648882662,0.7916274724,0.0,0.0,0.0,0.03777697521,0.005707286203
0.1866617273,0.7588928173,0.0,0.0,0.0,0.04616175929,0.008283696131
0.2399632113,0.6935400788,0.0,0.0,0.0,0.05463869224,0.01185801764
0.2244021217,0.7456904803,0.0,0.0,0.0,0.02719427779,0.002713120169
0.210677986,0.7329723489,0.0,0.0,0.0,0.04038363285,0.01596603224
0.1859813739,0.7853156156,0.0,0.0,0.0,0.01757223103,0.01113077947
0.1614381962,0.7900976834,0.0,0.0,0.0,0.03429374041,0.01417038008
0.201934293,0.7372360728,0.0,0.0,0.0,0.04187666968,0.01895296452
0.1876070767,0.7482292599,0.0,0.0,0.0,0.05920563855,0.004958024818
0.171511466,0.8136974432,0.0,0.0,0.0,0.01401707507,0.0007740157917
0.184598471,0.8095696997,0.0,0.0,0.0,0.002244807928,0.003587021368
0.2279372857,0.7129879107,0.0,0.0,0.0,0.05186337747,0.007211426097
0.2234887959,0.7217840562,0.0,0.0,0.0,0.04153368759,0.01319346033
0.1733590996,0.7751464655,0.0,0.0,0.0,0.03286515114,0.01862928373
0.1708877878,0.793401631,0.0,0.0,0.0,0.01922326225,0.0164873189
0.1934936858,0.7549908026,0.0,0.0,0.0,0.03985750143,0.01165801018
0.1995431976,0.7457207324,0.0,0.0,0.0,0.05232211651,0.00241395344
0.1648552953,0.8234477288,0.0,0.0,0.0,0.003547042928,0.00814993297
0.1910995136,0.7904700994,0.0,0.0,0.0,0.0126253206,0.005805066381
0.2531989036,0.7140263308,0.0,0.0,0.0,0.02333037575,0.009444389877
0.2274883201,0.7470811393,0.0,0.0,0.0,0.007304288253,0.01812625234
0.240690461,0.716241818,0.0,0.0,0.0,0.03495810475,0.008109616205
0.1857594404,0.7508930674,0.0,0.0,0.0,0.05011246859,0.01323502356
0.1577989917,0.7637411912,0.0,0.0,0.0,0.06710577753,0.01135403958
0.2128708912,0.7621186236,0.0,0.0,0.0,0.008588431651,0.0164220535
0.2008284839,0.7646820448,0.0,0.0,0.0,0.02731657616,0.007172895148
0.1710683551,0.7783063159,0.0,0.0,0.0,0.04759947662,0.003025852339
0.1812181947,0.7818622196,0.0,0.0,0.0,0.03592716453,0.0009924211701
0.2391221605,0.7350341588,0.0,0.0,0.0,0.02102438617,0.004819294566
0.2292684858,0.7118819038,0.0,0.0,0.0,0.05503347592,0.003816134466
0.1824155334,0.7927424135,0.0,0.0,0.0,0.01517796125,0.00966409183
0.1976304927,0.7464072205,0.0,0.0,0.0,0.05453918586,0.001423100973
0.2059141388,0.7436068137,0.0,0.0,0.0,0.03758718881,0.01289185871
0.1636283988,0.7970351321,0.0,0.0,0.0,0.0213016125,0.01803485663
0.1906243076,0.7645326803,0.0,0.0,0.0,0.03018672655,0.01465628554
0.2226829069,0.7243461307,0.0,0.0,0.0,0.04309017806,0.009880784329
0.2194642035,0.7481085577,0.0,0.0,0.0,0.02391204002,0.00851519877
0.2417455207,0.689303033,0.0,0.0,0.0,0.05140281495,0.01754863131
0.1860933013,0.7755722174,0.0,0.0,0.0,0.03360055587,0.004733925416
0.1588398892,0.7885597732,0.0,0.0,0.0,0.05055088883,0.002049448772
0.2059224129,0.7631111935,0.0,0.0,0.0,0.02488276439,0.006083629168
0.1968776669,0.7744382406,0.0,0.0,0.0,0.01060146101,0.01808263146
0.1625436248,0.7596864391,0.0,0.0,0.0,0.06505699502,0.01271294102
0.1723356343,0.7651869502,0.0,0.0,0.0,0.05250996838,0.009967447092
0.2334071208,0.7465389319,0.0,0.0,0.0,0.005478095315,0.01457585201
0.2340084784,0.7393651335,0.0,0.0,0.0,0.02515738818,0.001468999889
0.1743565026,0.7700810841,0.0,0.0,0.0,0.04854750462,0.007014908737
0.1671267248,0.7876958239,0.0,0.0,0.0,0.03598629798,0.009191153321
0.1963595718,0.7769174183,0.0,0.0,0.0,0.02305998093,0.003663028934
0.2104403583,0.774893336,0.0,0.0,0.0,0.004190152888,0.01047615282
0.1568821145,0.7726263585,0.0,0.0,0.0,0.05529884013,0.01519268689
0.1772531411,0.7428490443,0.0,0.0,0.0,0.06292238616,0.01697542841
0.2194674668,0.7566357933,0.0,0.0,0.0,0.01159821412,0.01229852584
0.2158326573,0.7239385462,0.0,0.0,0.0,0.05426124101,0.0059675555
0.2461306528,0.7189273723,0.0,0.0,0.0,0.01965406855,0.01528790629
0.1698003247,0.8098760568,0.0,0.0,0.0,0.01596764865,0.004355969891
0.2066958847,0.7287474264,0.0,0.0,0.0,0.05638843243,0.008168256485
0.1933966936,0.7469543874,0.0,0.0,0.0,0.04438927286,0.01525964619
0.1705469627,0.7879154341,0.0,0.0,0.0,0.03139112514,0.01014647805
0.1839802565,0.7837696699,0.0,0.0,0.0,0.01996127956,0.01228879407
0.2364109179,0.7101546162,0.0,0.0,0.0,0.03697328702,0.01646117891
0.2527424905,0.648804491,0.05092471763,0.0,0.0,0.04394543852,0.003582862335
0.1736121995,0.6145552297,0.1726374233,0.0,0.0,0.02106001333,0.01813513417
0.1494427139,0.6290027571,0.1384830503,0.0,0.0,0.07175400331,0.01131747539
0.2062740702,0.714665707,0.02914956202,0.0,0.0,0.03112232642,0.01878833433
0.2259828585,0.5489364901,0.1875222017,0.0,0.0,0.03661251598,0.0009459337254
0.2614404172,0.569470438,0.09790187613,0.0,0.0,0.05525242109,0.0159348476
0.1779700371,0.5718396862,0.2321900932,0.0,0.0,0.0147582953,0.003241888258
0.1628237119,0.7386273344,0.04767423236,0.0,0.0,0.04210754078,0.008767180624
0.135469357,0.6043065722,0.1983722342,0.0,0.0,0.0539456399,0.007906196663
0.190106612,0.7205606731,0.07902649109,0.0,0.0,0.007984899871,0.002321323962
0.165661608,0.4667786744,0.2711076725,0.0,0.0,0.07558599628,0.02086604882
0.2230595498,0.6672391267,0.06918157328,0.0,0.0,0.03173812598,0.008781624273
0.1318455949,0.5144719521,0.2923179612,0.0,0.0,0.04811416189,0.01325032989
0.1784384625,0.7760175398,0.01491325806,0.0,0.0,0.01554479582,0.01508594378
0.1438471739,0.6685195505,0.161434978,0.0,0.0,0.003375174604,0.02282312298
0.2000475352,0.6205008974,0.1125017494,0.0,0.0,0.05274924398,0.01420057402
0.2562474845,0.5135654586,0.2031289208,0.0,0.0,0.02083779649,0.006220339627
0.1633993276,0.5479208177,0.2101392752,0.0,0.0,0.06985177482,0.008688804699
0.1474948,0.7224352407,0.1022305062,0.0,0.0,0.02440311643,0.003436336592
0.2192077881,0.437365623,0.2739837267,0.0,0.0,0.05062765319,0.01881520894
0.1375279106,0.5636130668,0.2656965344,0.0,0.0,0.03147984363,0.001682644567
0.1879291775,0.6861220191,0.06119961712,0.0,0.0,0.05767255164,0.007076634645
0.2192876265,0.601117506,0.1563803959,0.0,0.0,0.009375812925,0.0138386587
0.2329449757,0.6228827419,0.1224016059,0.0,0.0,0.02082459237,0.0009460841893
0.1391685219,0.5173040744,0.2592992329,0.0,0.0,0.06138689116,0.02284127968
0.1846070571,0.7443448979,0.05253618208,0.0,0.0,0.003658807228,0.0148530557
0.1247661696,0.6184383941,0.2238888164,0.0,0.0,0.02048703626,0.01241958373
0.2013021735,0.6631330952,0.08211522708,0.0,0.0,0.03757179474,0.01587770953
0.1988917881,0.4601488878,0.296235871,0.0,0.0,0.03989758181,0.004825871342
0.1985387411,0.6042293,0.1369254671,0.0,0.0,0.05816902883,0.002137463016
0.1497505592,0.7046350057,0.1082947327,0.0,0.0,0.03048296423,0.006836738226
0.1266436978,0.5424262757,0.2917684223,0.0,0.0,0.02878330066,0.01037830348
0.1980986188,0.5795494387,0.1966541056,0.0,0.0,0.006109819379,0.01958801747
0.1560970377,0.6020779777,0.1900511874,0.0,0.0,0.03538973371,0.01638406347
0.157766543,0.6931506502,0.07170891721,0.0,0.0,0.05662569344,0.02074819615
0.1174567031,0.5396441674,0.2431618739,0.0,0.0,0.08096992134,0.01876733428
0.2266774181,0.7152158407,0.03047033062,0.0,0.0,0.01704346509,0.01059294545
0.247448968,0.5535696447,0.141648801,0.0,0.0,0.04841370102,0.008918885283
0.2410123746,0.5995924781,0.08651266206,0.0,0.0,0.06097461508,0.01190787017
0.1537937724,0.5237316917,0.3044577938,0.0,0.0,0.009093866472,0.008922875594
0.1595901769,0.7733448827,0.01922391792,0.0,0.0,0.04611241184,0.001728610589
0.1511825853,0.6264098601,0.1700469615,0.0,0.0,0.04822886373,0.004131729338
0.1868001489,0.6735453234,0.1197219293,0.0,0.0,0.01157012622,0.008362472129
0.1894355633,0.4736677509,0.2542739242,0.0,0.0,0.06898822172,0.01363453988
0.2513277665,0.6439805822,0.07981422034,0.0,0.0,0.006551930051,0.01832550085
0.1324720949,0.474462426,0.311974552,0.0,0.0,0.07967033797,0.001420589098
0.1825567233,0.7610710081,0.02756478645,0.0,0.0,0.02353487241,0.005272609752
0.1314412115,0.6363961578,0.1867539685,0.0,0.0,0.03393968048,0.01146898174
0.1833929544,0.6248597072,0.1252940118,0.0,0.0,0.06193288111,0.0045204454
0.2094077303,0.5130255849,0.2459959062,0.0,0.0,0.01343916482,0.01813161377
0.1789420127,0.5649942728,0.1951930499,0.0,0.0,0.04078511567,0.02008554894
0.1591165796,0.7308680707,0.08087166957,0.0,0.0,0.01460854035,0.01453513978
0.184868316,0.7081089244,0.04054968504,0.0,0.0,0.04929668425,0.01717639037
0.2207799619,0.6206215601,0.1378718948,0.0,0.0,0.01807092643,0.00265565678
0.2319773055,0.6696420355,0.03244495254,0.0,0.0,0.05291109288,0.01302461359
0.1664012929,0.6604568935,0.1558588987,0.0,0.0,0.01102960549,0.00625330941
0.2433436884,0.7346009623,0.008145697788,0.0,0.0,0.005867375225,0.008042276338
0.2429464418,0.516081467,0.1684556834,0.0,0.0,0.06138459137,0.01113181639
0.2472144153,0.5868470251,0.1104169294,0.0,0.0,0.04840508075,0.007116549448
0.1623386144,0.530523929,0.2663240559,0.0,0.0,0.02554240786,0.01527099286
0.1415199195,0.7048382081,0.06314658546,0.0,0.0,0.07131358972,0.01918169725
0.1364231046,0.5498927528,0.2289766204,0.0,0.0,0.06520030299,0.01950721923
0.1822379404,0.6779613868,0.09204401192,0.0,0.0,0.03514506853,0.01261159243
0.1791320313,0.4726325991,0.2940404895,0.0,0.0,0.04458519394,0.009609686135
0.243503619,0.6565831735,0.02842659021,0.0,0.0,0.05699229901,0.01449431829
0.1687736839,0.6180034891,0.2039231158,0.0,0.0,0.00499889146,0.004300819726
0.1672868567,0.6841120909,0.09127122681,0.0,0.0,0.04735094889,0.009978876658
0.2165735463,0.722137699,0.05136757389,0.0,0.0,0.009227000434,0.0006941803636
0.2295274208,0.529483658,0.1616220729,0.0,0.0,0.05959471725,0.019772131
0.1630657673,0.5030994687,0.2730773171,0.0,0.0,0.04015585833,0.02060158864
0.1637652845,0.7640413178,0.006250502828,0.0,0.0,0.05482906683,0.01111382803
0.1430243715,0.6204827503,0.145402771,0.0,0.0,0.07639993688,0.01469017026
0.1729840779,0.6765509347,0.109859963,0.0,0.0,0.02146203868,0.01914298574
0.1800317473,0.5303948806,0.2290446146,0.0,0.0,0.05774763385,0.002781123587
0.2229611013,0.6398040411,0.1140410866,0.0,0.0,0.01220757837,0.01098619265
0.1454022906,0.5485464958,0.2258940871,0.0,0.0,0.06935844829,0.01079867821
0.1692855332,0.7578665868,0.03846512123,0.0,0.0,0.0296214787,0.004761280062
0.2046360564,0.6597881213,0.06824241115,0.0,0.0,0.06128336431,0.006050046797
0.2251975675,0.4806680188,0.2686018633,0.0,0.0,0.009573640539,0.01595890986
0.1731375572,0.6012330664,0.1599172139,0.0,0.0,0.05238320655,0.01332895604
0.1460519933,0.6975708182,0.135461888,0.0,0.0,0.001893932749,0.01902136775
0.2453668965,0.4578756642,0.225422713,0.0,0.0,0.06791430595,0.003420420351
0.2064036233,0.7270617817,0.02047995951,0.0,0.0,0.03374198027,0.01231265526
0.2079669272,0.5450079173,0.2047694236,0.0,0.0,0.03467697227,0.007578759651
0.2360260636,0.6125081692,0.09685581664,0.0,0.0,0.04048176101,0.01412818951
0.1592828105,0.5594953748,0.2398583258,0.0,0.0,0.03503130318,0.006332185673
0.171340249,0.7261607034,0.04311604115,0.0,0.0,0.05820919018,0.001173816302
0.1244627281,0.5913713481,0.2052200315,0.0,0.0,0.07401947432,0.004926417957
0.1981442596,0.6931244559,0.07341210693,0.0,0.0,0.02556454031,0.009754637302
0.1981795553,0.4742252421,0.2635768579,0.0,0.0,0.05261237606,0.01140596857
0.1428920703,0.6431521683,0.1393520678,0.0,0.0,0.05448552167,0.02011817188
0.1995936394,0.7510059789,0.02345455937,0.0,0.0,0.01450223757,0.01144358478
0.1904373677,0.541661038,0.2014940102,0.0,0.0,0.05726019146,0.009147392572
0.2384608456,0.7049271397,0.01724054822,0.0,0.0,0.02083836288,0.0185331036
0.1676313182,0.7229356626,0.09803824316,0.0,0.0,0.005269303082,0.006125473052
0.1223391851,0.5719982829,0.283211275,0.0,0.0,0.01134503423,0.01110622281
0.2215979741,0.6815950133,0.05382360852,0.0,0.0,0.03862738139,0.004356022695
0.2667103494,0.5422260033,0.1495786991,0.0,0.0,0.02613618755,0.01534876056
0.1422068826,0.4727788189,0.2930778337,0.0,0.0,0.06944673782,0.02248972693
0.1592151013,0.7840351354,0.01113286629,0.0,0.0,0.0328127796,0.01280411735
0.1580268073,0.6422642416,0.1629680772,0.0,0.0,0.02316597539,0.01357489844
0.1706066536,0.6289915014,0.1109906316,0.0,0.0,0.07227661522,0.01713459817
0.2083752846,0.5639196417,0.220479617,0.0,0.0,0.003391503522,0.0038339532
0.252389037,0.6683632403,0.04402070725,0.0,0.0,0.02550181329,0.009725202223
0.1698832096,0.636319149,0.140552663,0.0,0.0,0.04277827842,0.0104667
0.1749780905,0.7008333585,0.1089600999,0.0,0.0,0.01112798549,0.004100465591
0.1177152162,0.5875294152,0.2864814756,0.0,0.0,0.007422635918,0.0008512570519
0.223081977,0.7268700843,0.005202013042,0.0,0.0,0.04009525047,0.004750675165
0.2324757097,0.5459655775,0.1815543001,0.0,0.0,0.02429965415,0.01570475858
0.1660060352,0.4995446789,0.2430256515,0.0,0.0,0.07836306157,0.01306057292
0.1571273036,0.7450235921,0.05805354883,0.0,0.0,0.02173667677,0.0180588787
0.1379262036,0.5867892705,0.2131243282,0.0,0.0,0.04113014934,0.02103004841
0.1683108962,0.6722867866,0.08909644053,0.0,0.0,0.05660963284,0.01369624379
0.1701724201,0.4929238631,0.3078718564,0.0,0.0,0.02101888353,0.008012976893
0.2228726859,0.6208442714,0.09486198993,0.0,0.0,0.04650814429,0.01491290845
0.1373131272,0.5245735701,0.3017795043,0.0,0.0,0.03037368548,0.005960112861
0.1667200423,0.7383309768,0.02248142291,0.0,0.0,0.06329827049,0.009169287479
0.1365214742,0.6236498895,0.165238472,0.0,0.0,0.06772622453,0.006863939698
0.2121479971,0.4689067795,0.2485702842,0.0,0.0,0.04852728727,0.02184765192
0.176594416,0.6061520749,0.1831765111,0.0,0.0,0.01502500036,0.01905199766
0.1501386899,0.7231455152,0.07458223047,0.0,0.0,0.03905924918,0.01307431518
0.2543799679,0.4551508603,0.2498511648,0.0,0.0,0.03247701903,0.008140987949
0.1336065574,0.5582643506,0.2341959403,0.0,0.0,0.05853720712,0.01539594457
0.2244054027,0.5692533221,0.1390968506,0.0,0.0,0.06578818953,0.001456235097
0.1594934593,0.5766038315,0.1920457446,0.0,0.0,0.06012187322,0.01173509141
0.168803531,0.6978171442,0.08332273457,0.0,0.0,0.03301501573,0.01704157445
0.2001386468,0.6764426452,0.0442139358,0.0,0.0,0.06497368641,0.01423108577
0.1513516099,0.473680868,0.3064302897,0.0,0.0,0.05786483228,0.01067240012
0.1708155877,0.7890358152,0.03027516824,0.0,0.0,0.006913532243,0.002959896585
0.1499693307,0.6574912027,0.1770007984,0.0,0.0,0.01297822294,0.002560445226
0.1665851007,0.6441817265,0.1360914904,0.0,0.0,0.04584516582,0.00729651658
0.1871478868,0.5197411896,0.2444584817,0.0,0.0,0.03328680652,0.01536563537
0.2058461733,0.6002161963,0.1210446775,0.0,0.0,0.06788844397,0.005004508943
0.1425228772,0.5619659562,0.2713250481,0.0,0.0,0.005180993431,0.01900512503
0.1645018186,0.7086649392,0.06445890307,0.0,0.0,0.05131798806,0.01105635106
0.12490841,0.5865570428,0.2263011208,0.0,0.0,0.04556103211,0.01667239425
0.2139606304,0.6532725554,0.09613564772,0.0,0.0,0.01663976072,0.01999140579
0.2164488091,0.452055272,0.270005272,0.0,0.0,0.06091199821,0.0005786487386
0.1906522115,0.6298783123,0.14690314,0.0,0.0,0.02915372525,0.003412610953
0.1356749496,0.671145379,0.1221078039,0.0,0.0,0.06256472023,0.008507147283
0.2671667702,0.5108210484,0.198853217,0.0,0.0,0.01035055441,0.01280840997
0.1236860916,0.5017848126,0.2902925061,0.0,0.0,0.0755349822,0.008701607428
0.2055296268,0.7588087635,0.01233677411,0.0,0.0,0.02213797171,0.001186863863
0.2061555613,0.5492327145,0.1776028735,0.0,0.0,0.04710902344,0.01989982718
0.2336966382,0.6383196408,0.07051770533,0.0,0.0,0.05219089959,0.00527511606
0.1463256918,0.5305060471,0.2848766549,0.0,0.0,0.02009182064,0.01819978561
0.1836287209,0.7571426008,0.003629517912,0.0,0.0,0.03719810849,0.01840105192
0.1303377841,0.6371528589,0.1552585138,0.0,0.0,0.05934604065,0.01790480251
0.2033402752,0.6838464352,0.09984626007,0.0,0.0,0.002441656423,0.01052537305
0.2100306394,0.4791402654,0.2251183611,0.0,0.0,0.07498026141,0.01073047267
0.1865242434,0.5804363953,0.2015544732,0.0,0.0,0.02442402719,0.007060860894
0.1500003623,0.6955698504,0.08710457844,0.0,0.0,0.06510216461,0.002223044315
0.252480605,0.4341872543,0.2875442241,0.0,0.0,0.005439876643,0.02034803987
0.1237142825,0.5412171066,0.2620188865,0.0,0.0,0.0698170911,0.003232633276
0.1879621544,0.7286001148,0.04879413315,0.0,0.0,0.0265437424,0.008099855316
0.1938948003,0.5781337968,0.1716234857,0.0,0.0,0.04383878946,0.01250912771
0.1535918482,0.583656567,0.1674008363,0.0,0.0,0.07312394545,0.02222680304
0.152965574,0.6808800358,0.1288176263,0.0,0.0,0.02144478279,0.01589198107
0.2198986225,0.7009749506,0.01563621677,0.0,0.0,0.04923334471,0.01425686539
0.2466489432,0.534807759,0.1990457586,0.0,0.0,0.01492756998,0.004569969237
0.2482086322,0.6005665282,0.10424892,0.0,0.0,0.02895639436,0.01801952529
0.1630863076,0.56086593,0.2259822012,0.0,0.0,0.04794615086,0.00211941027
0.162261885,0.7807879966,0.03672617081,0.0,0.0,0.0127362434,0.007487704186
0.1512890665,0.6352864392,0.1947049926,0.0,0.0,0.009601920282,0.009117581511
0.1951763061,0.692810896,0.06325098469,0.0,0.0,0.04516633163,0.003595481561
0.1846013472,0.4785460756,0.2867020649,0.0,0.0,0.03049763182,0.01965288052
0.2421539199,0.6246182306,0.05989802521,0.0,0.0,0.06402538393,0.009304440433
0.1505690767,0.5359564526,0.2986166258,0.0,0.0,0.002733199229,0.01212464564
0.1805673948,0.7568066855,0.008947930022,0.0,0.0,0.0495704388,0.004107550875
0.1372620324,0.658553755,0.160014906,0.0,0.0,0.04277761972,0.001391686912
0.194728584,0.6720583184,0.110909083,0.0,0.0,0.01667495708,0.005629057534
0.2075659088,0.4998788561,0.2159521817,0.0,0.0,0.06071593709,0.0158871163
0.175168176,0.5610678463,0.2196152136,0.0,0.0,0.03068292824,0.01346583584
0.1481260888,0.6736939105,0.09730302415,0.0,0.0,0.0623690818,0.01850789471
0.1880602196,0.7164469381,0.05923320046,0.0,0.0,0.02238490719,0.01387473458
0.2063623957,0.5837468521,0.156117329,0.0,0.0,0.046991209,0.006782214193
0.2329817257,0.6923315202,0.04633924576,0.0,0.0,0.01354368486,0.01480382343
0.1551047695,0.6032522334,0.1775017693,0.0,0.0,0.05908826671,0.005052961175
0.1532266341,0.6679932993,0.1342725808,0.0,0.0,0.03485261082,0.009654874979
0.2609544932,0.5265153872,0.1896621761,0.0,0.0,0.002036005656,0.02083193789
0.1557582698,0.525196982,0.2453540806,0.0,0.0,0.05435703432,0.01933363323
0.1592407732,0.7766602594,0.04304356094,0.0,0.0,0.008504419827,0.01255098666
0.1497833112,0.6157417955,0.2050366798,0.0,0.0,0.01443375685,0.01500445663
0.1855537724,0.6754677087,0.07732363513,0.0,0.0,0.04290215175,0.01875273204
0.1884561035,0.5129372367,0.2625387967,0.0,0.0,0.03413531252,0.001932550629
0.1570515642,0.5809042623,0.1820126265,0.0,0.0,0.07430405808,0.005727488908
0.18052903,0.7315551343,0.0695531117,0.0,0.0,0.01770277744,0.0006599465932
0.1219298537,0.6027567311,0.2331392959,0.0,0.0,0.03752779264,0.004646326635
0.2096112466,0.6928583918,0.03779660927,0.0,0.0,0.05058535763,0.009148394701
0.251361621,0.5863670779,0.1377696853,0.0,0.0,0.01395961884,0.01054199702
0.1558195851,0.4761304216,0.2996494045,0.0,0.0,0.05226490775,0.01613568098
0.1665703773,0.7820848089,0.02148171778,0.0,0.0,0.01181769399,0.01804540208
0.151960501,0.6536048336,0.1666523599,0.0,0.0,0.00803615243,0.01974615307
0.1631253524,0.6439357456,0.1294298421,0.0,0.0,0.05119435807,0.01231470184
0.1808894053,0.5267589519,0.2542304425,0.0,0.0,0.02817879044,0.009942409873
0.2103910954,0.5827557425,0.1299400679,0.0,0.0,0.05683910771,0.02007398651
0.1675562822,0.7341726046,0.0536158328,0.0,0.0,0.03839681258,0.006258467784
0.128477936,0.5929637525,0.2085931703,0.0,0.0,0.0589473596,0.01101778158
0.2184990169,0.6852049447,0.08721663103,0.0,0.0,0.004292085921,0.004787321425
0.189219611,0.4212071205,0.2932111861,0.0,0.0,0.07866961168,0.01769247068
0.1849782836,0.6262448537,0.1431141495,0.0,0.0,0.02541003976,0.02025267352
0.1381028171,0.6716304083,0.1097511818,0.0,0.0,0.06654947122,0.01396612162
0.1238065632,0.5115757503,0.2790934163,0.0,0.0,0.07036167294,0.01516259725
0.2057035284,0.7444685861,0.007613844382,0.0,0.0,0.02616864627,0.01604539489
0.2210491573,0.5573160368,0.1767856281,0.0,0.0,0.04134723717,0.003501940717
0.17113343,0.6107195905,0.1538812261,0.0,0.0,0.04812509036,0.016140663
0.1644437444,0.6874825629,0.120446106,0.0,0.0,0.006324934972,0.02130265173
0.2120585744,0.7267397392,0.0144274881,0.0,0.0,0.03699085309,0.009783345216
0.2287986176,0.5633519194,0.1689570277,0.0,0.0,0.028982198,0.009910237405
0.1607159856,0.5105200994,0.2572776242,0.0,0.0,0.06359645731,0.007889833479
0.161572034,0.7387233659,0.06197048344,0.0,0.0,0.03549128629,0.002242830359
0.1387575239,0.6147533499,0.2186011704,0.0,0.0,0.02447865499,0.003409300742
0.1701942638,0.6502080626,0.0999060259,0.0,0.0,0.07066892981,0.009022717921
0.1819810261,0.5081877283,0.2920312395,0.0,0.0,0.003953923785,0.01384608236
0.22452188,0.6511793079,0.08259554684,0.0,0.0,0.04121082186,0.0004924433885
0.1707232897,0.7274749403,0.02817795262,0.0,0.0,0.05994709181,0.01367672556
0.1285127953,0.6095262945,0.1758643985,0.0,0.0,0.07378784484,0.01230866687
0.2055824537,0.6180268443,0.1345974446,0.0,0.0,0.02579329911,0.01599995826
0.2324448368,0.4891154622,0.2233747221,0.0,0.0,0.04979802146,0.005266957398
0.1432492263,0.7153376715,0.08207935492,0.0,0.0,0.05182571051,0.007508036673
0.2483589643,0.4710306602,0.2465517621,0.0,0.0,0.01990465172,0.01415396169
0.1413342836,0.5668318118,0.2389934997,0.0,0.0,0.04360037015,0.009240034798
0.1978081535,0.7395225363,0.04658397544,0.0,0.0,0.01286522857,0.003220106152
0.2176453808,0.5764413117,0.133389565,0.0,0.0,0.0554598314,0.01706391105
0.2264632633,0.6150324057,0.1031795331,0.0,0.0,0.04560078474,0.009724013247
0.1546067908,0.5677614766,0.2357477183,0.0,0.0,0.02989070754,0.01199330682
0.1749270712,0.7131370531,0.03339605569,0.0,0.0,0.06300609998,0.01553372004
0.1196669039,0.5904907626,0.1975201566,0.0,0.0,0.06991291733,0.02240925959
0.2061088152,0.6835154628,0.06620040903,0.0,0.0,0.02964841828,0.01452689473
0.2055776563,0.472164644,0.268873231,0.0,0.0,0.0470696629,0.006314805752
0.2000679332,0.6131838739,0.1617325212,0.0,0.0,0.01622171195,0.0087939597
0.1469390327,0.6882974574,0.1238894103,0.0,0.0,0.03793799856,0.002936101041
0.261921018,0.4462965785,0.2390000672,0.0,0.0,0.03427227219,0.01851006414
0.1175833834,0.5088495434,0.3097539054,0.0,0.0,0.06112265785,0.002690510017
0.1763007771,0.5228673848,0.211729135,0.0,0.0,0.07390971354,0.01519298952
0.2462082289,0.7038041677,0.02222276441,0.0,0.0,0.02374815219,0.004016686841
0.1515668327,0.5688022677,0.2140565432,0.0,0.0,0.0476511202,0.01792323629
0.1620850375,0.7290383296,0.08724591008,0.0,0.0,0.009709492154,0.01192123069
0.1279279907,0.577562575,0.2699883857,0.0,0.0,0.00646166615,0.01805938236
0.2094838093,0.6775723269,0.04964288066,0.0,0.0,0.04394729561,0.01935368753
0.1421134027,0.4954484448,0.2765497598,0.0,0.0,0.08155795403,0.004330438683
0.1540194893,0.6540169692,0.1478943179,0.0,0.0,0.03603021146,0.00803901215
0.1868422274,0.654420926,0.09999933521,0.0,0.0,0.05687539589,0.001862115532
0.2013283348,0.5250521382,0.2351231671,0.0,0.0,0.01752632898,0.02097003085
0.1643286989,0.5791441792,0.2221972468,0.0,0.0,0.01152306882,0.02280680637
0.1612405476,0.6811462528,0.09875892465,0.0,0.0,0.04306250364,0.01579177128
0.2041270305,0.7103718928,0.06473254413,0.0,0.0,0.004527481035,0.01624105151
0.233281769,0.5557795278,0.1448453638,0.0,0.0,0.06218092459,0.003912414855
0.1631406161,0.5267329426,0.2835711674,0.0,0.0,0.02375625596,0.00279901796
0.1655503592,0.7483530717,0.01239290013,0.0,0.0,0.0670437106,0.0066599583
0.1416111849,0.633940986,0.1527468099,0.0,0.0,0.0620676542,0.009633364949
0.1768963856,0.667680473,0.1175808679,0.0,0.0,0.03481109166,0.003031181822
0.1852778058,0.5307533571,0.2210533389,0.0,0.0,0.04368998515,0.01922551301
0.2240963524,0.6598614061,0.1013804901,0.0,0.0,0.008586407785,0.006075343598
0.134820855,0.528167725,0.2451533528,0.0,0.0,0.07526289509,0.01659517204
0.169986361,0.7367035411,0.04646239323,0.0,0.0,0.02657077448,0.0202769302
0.1318469606,0.6147254274,0.2004948473,0.0,0.0,0.03486742766,0.01806533699
0.2087895596,0.6443989835,0.07801025235,0.0,0.0,0.05832963602,0.01047156852
0.2385570836,0.4892279666,0.2489105393,0.0,0.0,0.01328744341,0.01001696709
0.1806105164,0.602750357,0.1702004645,0.0,0.0,0.03865548675,0.007783175312
0.1425633501,0.7004848461,0.1392291238,0.0,0.0,0.01623179081,0.001490889243
0.2358591241,0.4595190123,0.2278879876,0.0,0.0,0.05676069868,0.01997317741
0.1330753987,0.5432895576,0.3173498365,0.0,0.0,0.002302853269,0.003982353938
0.1962260105,0.7195066869,0.03056605779,0.0,0.0,0.04630492463,0.007396320201
0.2087865111,0.562509372,0.1945048838,0.0,0.0,0.02071970213,0.01347953096
0.2480616125,0.6516437,0.08512233629,0.0,0.0,0.0111557382,0.004016613032
0.1250967261,0.4669376269,0.3125643807,0.0,0.0,0.07550546276,0.01989580356
0.1883833638,0.7565594538,0.01670184225,0.0,0.0,0.02834481482,0.01001052528
0.130294601,0.6478359969,0.1765144081,0.0,0.0,0.02824472596,0.01711026795
0.184806677,0.6059237415,0.1212189199,0.0,0.0,0.06831118981,0.01973947182
0.2224827339,0.5251562588,0.2439770384,0.0,0.0,0.007265654558,0.001118314328
0.1897172403,0.5744758367,0.1797786398,0.0,0.0,0.05305933285,0.002968950304
0.2501838325,0.4100519233,0.2560746634,0.0,0.0,0.07126696103,0.01242261982
0.1401783965,0.5981419887,0.2378779185,0.0,0.0,0.01629269606,0.007509000239
0.1864456032,0.7427486343,0.03365235103,0.0,0.0,0.03514115785,0.0020122536
0.2056322724,0.5919885957,0.1502365924,0.0,0.0,0.03302962822,0.0191129113
0.2367041955,0.662409376,0.03687869117,0.0,0.0,0.05576086033,0.008246876955
0.1715713746,0.6591016091,0.149935523,0.0,0.0,0.007031796806,0.01235969647
0.1534180438,0.6765155807,0.1063539963,0.0,0.0,0.04702782191,0.01668455736
0.2380086369,0.5212815018,0.176500955,0.0,0.0,0.05830206913,0.00590683716
0.2417538332,0.5900642848,0.1194713237,0.0,0.0,0.03688482874,0.01182572948
0.1572638245,0.5379634813,0.255022627,0.0,0.0,0.04032475579,0.009425311341
0.1525849604,0.7370183884,0.05062353344,0.0,0.0,0.05598227272,0.003790844968
0.1379194346,0.5736301558,0.2089349035,0.0,0.0,0.07749176212,0.002023744032
0.1930898888,0.6932506375,0.08452690356,0.0,0.0,0.02175300951,0.007379560702
0.1750367668,0.4458406348,0.3038587137,0.0,0.0,0.06022725461,0.01503663004
0.2386273549,0.6002378414,0.1115191745,0.0,0.0,0.03388384816,0.01573178108
0.1483397307,0.5336999869,0.2680743092,0.0,0.0,0.04473714027,0.005148832924
0.1771879794,0.7359134375,0.05941191283,0.0,0.0,0.01746102629,0.01002564397
0.1295882009,0.6294920482,0.2300132528,0.0,0.0,0.004436533224,0.006469964861
0.1954142034,0.6627216651,0.09032779977,0.0,0.0,0.05044152851,0.001094803236
0.18746152,0.4680621775,0.2964599367,0.0,0.0,0.02520474687,0.02281161891
0.1837838032,0.5774139677,0.1539094845,0.0,0.0,0.06623759426,0.01865515036
0.1507562555,0.6949133806,0.1162709928,0.0,0.0,0.02506433389,0.01299503717
0.1894502837,0.7285913377,0.01033510716,0.0,0.0,0.05439282654,0.01723044486
0.2157050474,0.5962384178,0.1745943852,0.0,0.0,0.01143963612,0.002022513553
0.1547530154,0.6117847021,0.2025073739,0.0,0.0,0.02069255708,0.01026235158
0.1608820374,0.6910707393,0.07523511573,0.0,0.0,0.06802047691,0.004791630705
0.2294342439,0.6962683959,0.04025721808,0.0,0.0,0.0287405893,0.005299552748
0.1511901338,0.4964344501,0.3230812866,0.0,0.0,0.01395595663,0.01533817289
0.1529829366,0.7596455278,0.02636300025,0.0,0.0,0.04430910726,0.01669942808
0.147394025,0.5964225292,0.1815973804,0.0,0.0,0.05376537588,0.02082068956
0.1794985572,0.6650430705,0.1335165847,0.0,0.0,0.008165212872,0.01377657483
0.1843963218,0.4951432656,0.2402583696,0.0,0.0,0.07194051274,0.008261530258
0.2376587342,0.652007368,0.05857259246,0.0,0.0,0.03342596352,0.01833534182
0.172822454,0.6301385835,0.1613402009,0.0,0.0,0.03489176147,0.0008070000682
0.1591453316,0.6532238165,0.1257714728,0.0,0.0,0.05617313053,0.00568624855
0.2200083028,0.7370248694,0.02171384376,0.0,0.0,0.01771213107,0.003540852942
0.2245560402,0.5074909992,0.1993174255,0.0,0.0,0.05155221318,0.01708332188
0.1808193965,0.5607494892,0.2287744057,0.0,0.0,0.008944472398,0.02071223621
0.159680033,0.7424602085,0.03720136526,0.0,0.0,0.04722972065,0.01342867256
0.1407630661,0.6128288221,0.1859105035,0.0,0.0,0.0475366672,0.01296094112
0.1826417691,0.7114243115,0.07489490759,0.0,0.0,0.01328914431,0.0177498675
0.163621422,0.4897562526,0.2744573631,0.0,0.0,0.06868684329,0.003478119037
0.2329408147,0.6575335586,0.07614633672,0.0,0.0,0.01972973194,0.01364955805
0.1365011492,0.5170461153,0.2767221268,0.0,0.0,0.06224211436,0.007488494315
0.1503761573,0.6830292529,0.1441369538,0.0,0.0,0.01720010691,0.005257529086
0.2007422875,0.6441774094,0.1063936033,0.0,0.0,0.03928210397,0.009404595807
0.2314543857,0.5048183879,0.2167744906,0.0,0.0,0.03535725203,0.01159548377
0.1600478862,0.5533132558,0.2053496351,0.0,0.0,0.06653876457,0.01475045835
0.1481731325,0.7100061093,0.09283805481,0.0,0.0,0.02857254249,0.02041016094
0.24142713,0.4391487533,0.2732814823,0.0,0.0,0.04444634704,0.001696287329
0.1328215019,0.559508071,0.2588593703,0.0,0.0,0.02809362199,0.0207174348
0.192168817,0.6799320308,0.0548087374,0.0,0.0,0.0610245109,0.01206590387
0.2312674504,0.5951920663,0.160233489,0.0,0.0,0.005481444103,0.007825550228
0.121953815,0.5185564185,0.0,0.3346584269,0.0,0.01095398013,0.01387735946
0.1905543222,0.5707867336,0.0,0.2162083489,0.0,0.02109549547,0.001355099803
0.1925622124,0.6245225447,0.0,0.1222934931,0.0,0.04651719185,0.01410455796
0.2042849164,0.731054634,0.0,0.01264159964,0.0,0.03324569097,0.01877315893
0.2166286825,0.5050198764,0.0,0.2505494012,0.0,0.02511516162,0.002686878313
0.1196258521,0.5881515868,0.0,0.2781457262,0.0,0.004296012216,0.009780822698
0.144239893,0.6654205979,0.0,0.1493870118,0.0,0.03208678248,0.008865714831
0.1310374271,0.5089590124,0.0,0.3010926763,0.0,0.05816598418,0.0007449000181
0.1768138161,0.5803992644,0.0,0.1883861511,0.0,0.05089781963,0.003502948842
0.2498872245,0.6331488112,0.0,0.08661488734,0.0,0.01455576503,0.01579331191
0.2165398664,0.424714056,0.0,0.3100752319,0.0,0.0388040892,0.009866756555
0.1708555766,0.7201393339,0.0,0.08631411405,0.0,0.016807397,0.005883578499
0.137501697,0.5502662414,0.0,0.2347078986,0.0,0.06276243285,0.0147617302
0.1781224543,0.4890126327,0.0,0.2929610991,0.0,0.03324977735,0.006654036562
0.2083255675,0.7276834626,0.0,0.02427685494,0.0,0.02630444815,0.0134096668
0.1763918695,0.6753981809,0.0,0.11389222,0.0,0.02397230103,0.01034542857
0.09837226039,0.459014938,0.0,0.3715197386,0.0,0.05289877092,0.0181942921
0.1542799351,0.7502681135,0.0,0.05132785521,0.0,0.04359026106,0.0005338351313
0.1662864856,0.6042902787,0.0,0.2067496701,0.0,0.01395284448,0.008720721045
0.1755550951,0.5323788489,0.0,0.2840992112,0.0,0.003256382541,0.004710462204
0.2451425399,0.6823800425,0.0,0.008613894887,0.0,0.05360434277,0.0102591799
0.1414439903,0.6314870122,0.0,0.1823495282,0.0,0.04023641193,0.004483057497
0.1662576638,0.731439395,0.0,0.03979356983,0.0,0.05253054305,0.009978828317
0.2144522311,0.6099066414,0.0,0.1296724766,0.0,0.04287901603,0.003089634873
0.1763279599,0.5461822747,0.0,0.2374580693,0.0,0.02200652039,0.01802517564
0.1293073586,0.4783165869,0.0,0.3534022314,0.0,0.02493799191,0.01403583127
0.1410831013,0.6769966386,0.0,0.1030613616,0.0,0.06424213181,0.01461676674
0.127127554,0.6009556969,0.0,0.2265343212,0.0,0.03975904412,0.005623383761
0.2128654789,0.4294589083,0.0,0.2907888718,0.0,0.05201721621,0.01486952465
0.1961921065,0.7392367772,0.0,0.05865985233,0.0,0.002083341945,0.003827922052
0.1850576449,0.6350977133,0.0,0.1664214778,0.0,0.01235405656,0.001069107512
0.1824991491,0.4893279289,0.0,0.2597646755,0.0,0.05334992692,0.01505831958
0.1319550241,0.5361615025,0.0,0.2821728837,0.0,0.04151498957,0.008195600222
0.162499247,0.6743253045,0.0,0.138934598,0.0,0.005568695433,0.01867215511
0.1433607921,0.4799050418,0.0,0.3341062864,0.0,0.03286832856,0.009759551105
0.1381342009,0.5454534144,0.0,0.2548029327,0.0,0.04853876728,0.01307068476
0.1093581172,0.5443408736,0.0,0.3239213195,0.0,0.0180606654,0.004319024343
0.2323528603,0.5268704045,0.0,0.2182633766,0.0,0.01294585052,0.009567508028
0.1742059743,0.6128460606,0.0,0.1553833288,0.0,0.05251898323,0.00504565316
0.2068088029,0.6580238908,0.0,0.06801528466,0.0,0.05830338032,0.008848641349
0.1584490147,0.6924091967,0.0,0.09915727177,0.0,0.04396446472,0.006020052087
0.2194482738,0.631679758,0.0,0.0788805453,0.0,0.05251329069,0.01747813226
0.157407249,0.4919201493,0.0,0.3328345917,0.0,0.01448720489,0.003350805112
0.1524609221,0.7555811173,0.0,0.04530228693,0.0,0.03840894749,0.008246726192
0.1160436635,0.5235169612,0.0,0.2842822373,0.0,0.06438792195,0.01176921598
0.2245195546,0.502168524,0.0,0.2389995883,0.0,0.03072575777,0.003586575392
0.1580535592,0.6300107702,0.0,0.1675306046,0.0,0.02768563388,0.01671943218
0.2064547864,0.6891220075,0.0,0.06805925213,0.0,0.02043142768,0.0159325263
0.1806874229,0.4676626382,0.0,0.3066658801,0.0,0.04407122584,0.0009128329629
0.1375296401,0.5719977567,0.0,0.2289592392,0.0,0.04938532929,0.01212803474
0.1872639171,0.7715344976,0.0,0.008292111946,0.0,0.03036724052,0.002542232785
0.2248632139,0.591055347,0.0,0.1717450916,0.0,0.002770967464,0.009565380086
0.1556730623,0.525456399,0.0,0.2553723763,0.0,0.05689045626,0.006607706086
0.1268384617,0.4806527242,0.0,0.3298683113,0.0,0.05530125274,0.007339250029
0.1476520819,0.6948360029,0.0,0.1358163552,0.0,0.01981051817,0.001885041773
0.1336224807,0.6361367833,0.0,0.2016873992,0.0,0.01029397504,0.01825936178
0.1819517833,0.4524301083,0.0,0.3397072824,0.0,0.02129647138,0.004614354578
0.1820754699,0.6802088122,0.0,0.08045524587,0.0,0.04653597852,0.01072449355
0.1971747182,0.6088313906,0.0,0.1473109825,0.0,0.0346631458,0.01201976297
0.1945511577,0.5521998378,0.0,0.2210414321,0.0,0.02338532355,0.008822248828
0.1204863898,0.5312320834,0.0,0.3246752957,0.0,0.007465048291,0.01614118278
0.1270792008,0.5681372315,0.0,0.2777056305,0.0,0.01889249778,0.008185439315
0.184895955,0.512888465,0.0,0.2754357199,0.0,0.01280864078,0.01397121935
0.2299592399,0.6959975122,0.0,0.02110081107,0.0,0.05175647384,0.001185962926
0.1764661674,0.6485195688,0.0,0.1156682419,0.0,0.05630976173,0.003036260108
0.2256064565,0.5466147201,0.0,0.2069574715,0.0,0.00353387615,0.01728747573
0.1084942822,0.5231466124,0.0,0.3322824287,0.0,0.02973720821,0.006339468565
0.1572882933,0.7299267642,0.0,0.09349492454,0.0,0.006889272163,0.0124007458
0.1525245396,0.5878249867,0.0,0.2083180244,0.0,0.03486068452,0.01647176474
0.1442414612,0.4962677248,0.0,0.2982295984,0.0,0.04466931891,0.01659189668
0.1647764779,0.6681468472,0.0,0.1462939501,0.0,0.009250658205,0.01153206665
0.1153865462,0.4869823838,0.0,0.3581265613,0.0,0.03743516893,0.002069339724
0.2155819564,0.5441199223,0.0,0.1733197822,0.0,0.0546862651,0.01229207392
0.1914037775,0.7512641804,0.0,0.03461396396,0.0,0.0161370181,0.006581060021
0.2054599721,0.4464498959,0.0,0.2905665451,0.0,0.04814963908,0.009373947826
0.1278470492,0.5845476374,0.0,0.239905274,0.0,0.04476832092,0.002931718563
0.1266198798,0.6193670742,0.0,0.1857102658,0.0,0.05220923987,0.01609354034
0.1473045349,0.5308872874,0.0,0.2879924673,0.0,0.02129341703,0.01252229335
0.1790176369,0.5711147993,0.0,0.2119248767,0.0,0.02719708295,0.01074560412
0.2119107285,0.6227212187,0.0,0.1295817206,0.0,0.03122696135,0.004559370828
0.1620196758,0.6974872993,0.0,0.05602724819,0.0,0.06695929024,0.01750648644
0.1476259394,0.633179105,0.0,0.214094521,0.0,0.001687282632,0.003413151966
0.1614221587,0.4790013854,0.0,0.3202036174,0.0,0.02985984026,0.00951299825
0.2164138795,0.6959431473,0.0,0.04483853032,0.0,0.03707929129,0.005725151601
0.1668579517,0.6031437466,0.0,0.1790359183,0.0,0.04329097161,0.007671411811
0.2167069645,0.512716383,0.0,0.2425737444,0.0,0.01526869941,0.01273420875
0.1159174863,0.5668458324,0.0,0.3000320452,0.0,0.0156249532,0.001579682974
0.1668568773,0.7649506761,0.0,0.02767174556,0.0,0.02307818162,0.01744251941
0.1435119289,0.5624107827,0.0,0.2317756221,0.0,0.05068286786,0.01161879841
0.1341710514,0.436696337,0.0,0.355096947,0.0,0.06231528385,0.01172038069
0.1603398846,0.6811977493,0.0,0.113633072,0.0,0.02831341565,0.01651587839
0.1259839576,0.5088518706,0.0,0.3034329278,0.0,0.05503436416,0.006696879834
0.1892349707,0.5142444705,0.0,0.2389341395,0.0,0.04048926743,0.01709715192
0.1869561412,0.6479566857,0.0,0.1439602684,0.0,0.01857723401,0.002549670715
0.1827988637,0.7064724941,0.0,0.08034676383,0.0,0.02856751793,0.001814360385
0.2039617105,0.4316185007,0.0,0.3145016616,0.0,0.03623339868,0.0136847285
0.129516551,0.6010019439,0.0,0.203724276,0.0,0.05803631968,0.007720909429
0.141593633,0.6844873166,0.0,0.1261337112,0.0,0.03656765863,0.0112176806
0.1373169611,0.5037545924,0.0,0.3344882614,0.0,0.00706131461,0.01737887053
0.1792349701,0.5385409269,0.0,0.2586467944,0.0,0.008282109713,0.01529519894
0.1682420738,0.7568403246,0.0,0.01554746086,0.0,0.04658365074,0.01278649
0.1441828319,0.6393644794,0.0,0.1567426836,0.0,0.05847188411,0.001238121015
0.2407817016,0.6785215148,0.0,0.03127236461,0.0,0.03658180912,0.0128426098
0.1612504692,0.4947531363,0.0,0.3077996647,0.0,0.02834242958,0.00785430019
0.1668967053,0.6230211073,0.0,0.1842017607,0.0,0.01973213267,0.006148294091
0.1497823975,0.7145149822,0.0,0.07420732774,0.0,0.05821959191,0.003275700712
0.103004147,0.4841719773,0.0,0.3491124779,0.0,0.04701850436,0.01669289336
0.1751688409,0.6663910512,0.0,0.137170567,0.0,0.009436981919,0.01183255892
0.183605326,0.4870432743,0.0,0.2671042753,0.0,0.05698161302,0.005265511338
0.1342282511,0.5501825443,0.0,0.2617276334,0.0,0.03688926364,0.01697230761
0.1764827005,0.7385035832,0.0,0.0626235948,0.0,0.01503411889,0.0073560026
0.2221226834,0.4301976842,0.0,0.2880675881,0.0,0.04794116774,0.01167087664
0.2412316252,0.6195056675,0.0,0.109085498,0.0,0.01624380938,0.01393339996
0.1727022491,0.5730624349,0.0,0.2112041327,0.0,0.04096729865,0.002063884732
0.1359661359,0.5415022008,0.0,0.2831328674,0.0,0.03663907423,0.002759721721
0.1182303685,0.5852975009,0.0,0.2555642456,0.0,0.02772995419,0.01317793078
0.1948175582,0.6924284016,0.0,0.03453352904,0.0,0.06287229436,0.01534821682
0.201110267,0.6347018389,0.0,0.09922128154,0.0,0.04825485522,0.01671175735
0.2025843955,0.5880461259,0.0,0.1937464844,0.0,0.01125761906,0.004365375129
0.1142394778,0.4967877403,0.0,0.3563973107,0.0,0.02142883148,0.01114663967
0.1629338048,0.7076240785,0.0,0.0791716196,0.0,0.03538341271,0.01488708442
0.2106458256,0.6134784086,0.0,0.1082327288,0.0,0.06010447205,0.007538564865
0.1896063436,0.5995202633,0.0,0.1916683136,0.0,0.005781899061,0.0134231804
0.1485667979,0.5219478397,0.0,0.3088598534,0.0,0.0113400426,0.009285466474
0.1280030117,0.6389770706,0.0,0.1629789957,0.0,0.05034454129,0.01969638073
0.1232627129,0.5602365874,0.0,0.2613976993,0.0,0.05426208178,0.0008409186637
0.2116300503,0.4678413202,0.0,0.2703238271,0.0,0.03943117677,0.01077362557
0.1940245239,0.7677951432,0.0,0.01097272241,0.0,0.01855837096,0.008649239531
0.191783703,0.6465268242,0.0,0.1249904065,0.0,0.03107019895,0.005628867288
0.2094656223,0.5497750967,0.0,0.1957329053,0.0,0.03452561777,0.01050075798
0.1174458257,0.4852595262,0.0,0.3348281456,0.0,0.05899600056,0.003470501839
0.1558086322,0.6377191994,0.0,0.1693863958,0.0,0.02349606257,0.01358971001
0.1497050225,0.5107743213,0.0,0.2744156844,0.0,0.05065488542,0.01445008637
0.1449572367,0.5454842945,0.0,0.2305243059,0.0,0.06128243158,0.01775173135
0.1558766275,0.7391277005,0.0,0.06840386457,0.0,0.0257589794,0.01083282809
0.1084592162,0.520108839,0.0,0.3595790784,0.0,0.002720951224,0.009131915172
0.2236818113,0.5504325327,0.0,0.1835165976,0.0,0.02824546196,0.01412359644
0.1844402246,0.6838413486,0.0,0.0924512666,0.0,0.03877412646,0.0004930338112
0.2216598977,0.6918609025,0.0,0.04297546774,0.0,0.03920169096,0.004302041104
0.1715403508,0.4931340335,0.0,0.2996221508,0.0,0.01908077125,0.0166226937
0.1354815924,0.5936103182,0.0,0.2535399005,0.0,0.01242678083,0.004941408102
0.1198104338,0.5321602698,0.0,0.3026036024,0.0,0.02657190161,0.01885379245
0.1960272124,0.5508688261,0.0,0.2415518882,0.0,0.005782053031,0.005770020186
0.1882726388,0.5763619464,0.0,0.1667580994,0.0,0.05928329377,0.009324021523
0.188725899,0.6882655947,0.0,0.05674316843,0.0,0.05237139676,0.0138939411
0.1966641669,0.4711284881,0.0,0.3171929116,0.0,0.007957861664,0.007056571755
0.1256142895,0.6099343192,0.0,0.2245119499,0.0,0.02522666083,0.01471278054
0.153210535,0.7166340745,0.0,0.1122073793,0.0,0.01389668673,0.004051324457
0.1243759934,0.4760352402,0.0,0.3531490876,0.0,0.0410872165,0.005352462326
0.1598869152,0.5557604007,0.0,0.2368121031,0.0,0.03940222573,0.008138355279
0.2174039972,0.5920851352,0.0,0.1515475882,0.0,0.02744565643,0.01151762303
0.1917477744,0.7726108941,0.0,0.03065425476,0.0,0.003885908246,0.001101168504
0.1417486767,0.5941727239,0.0,0.206377462,0.0,0.04759011386,0.01011102362
0.1754264844,0.4491295606,0.0,0.3274571958,0.0,0.04575868026,0.002228078856
0.2043724575,0.6767335985,0.0,0.09069647343,0.0,0.01014133882,0.01805613179
0.1708928717,0.666021876,0.0,0.1431377108,0.0,0.004673957921,0.01527358366
0.1142370904,0.5261753833,0.0,0.3119195318,0.0,0.0342367486,0.01343124578
0.1540583769,0.7591411882,0.0,0.0198441284,0.0,0.06154663692,0.005409669519
0.2378532974,0.5529998613,0.0,0.1584212199,0.0,0.03468863281,0.01603698859
0.152115661,0.5442354799,0.0,0.2697685051,0.0,0.02987755946,0.004002794492
0.2225821257,0.6617751201,0.0,0.05787161422,0.0,0.04272475743,0.01504638256
0.1543042389,0.6603302558,0.0,0.1216585814,0.0,0.05447084157,0.009236082305
0.2031513107,0.6054747501,0.0,0.1695530712,0.0,0.008490497404,0.01333037053
0.1641469979,0.5308634232,0.0,0.2469085032,0.0,0.05056161217,0.007519463545
0.1310077876,0.4677077898,0.0,0.3351983488,0.0,0.06027015919,0.005815914631
0.1400127135,0.6909657533,0.0,0.1389822517,0.0,0.02649396778,0.003545313657
0.1394610211,0.6413361097,0.0,0.1984041809,0.0,0.004105266456,0.01669342181
0.2037240994,0.4388077483,0.0,0.3237563494,0.0,0.02608815319,0.00762364969
0.1784766436,0.6968202502,0.0,0.07179678325,0.0,0.04066531523,0.01224100768
0.1839399035,0.6075812136,0.0,0.1564729468,0.0,0.04070194847,0.01130398772
0.2127194736,0.5429425911,0.0,0.2225045773,0.0,0.01690676542,0.004926592659
0.1236644671,0.5193644199,0.0,0.3262832544,0.0,0.01388504621,0.01680281241
0.1709712657,0.6874256912,0.0,0.1003677519,0.0,0.03362413559,0.007611155686
0.2248029618,0.6138366406,0.0,0.08623358123,0.0,0.0608794231,0.01424739328
0.1441846988,0.5023345734,0.0,0.3471659676,0.0,0.00459927938,0.00171548091
0.1546418066,0.590741281,0.0,0.241861485,0.0,0.01019181469,0.002563612647
0.1589405294,0.7445482689,0.0,0.04082560946,0.0,0.04870805679,0.006977535506
0.1096001631,0.5313841069,0.0,0.2913620735,0.0,0.05502119356,0.01263246293
0.1706008574,0.6234020671,0.0,0.173220786,0.0,0.01688338904,0.01589290052
0.2209970184,0.6747831309,0.0,0.05762563354,0.0,0.02972404789,0.01687016922
0.1725752384,0.4836622798,0.0,0.3044936934,0.0,0.03526715918,0.004001629235
0.128604394,0.5722812004,0.0,0.2279768727,0.0,0.06019298042,0.01094455251
0.1088564875,0.4777664764,0.0,0.3628718498,0.0,0.04735975757,0.003145428685
0.1965870986,0.5634788026,0.0,0.1844058899,0.0,0.04647794985,0.009050259059
0.2121973749,0.6607617991,0.0,0.1099273435,0.0,0.011172766,0.005940716476
0.2037000183,0.756849104,0.0,0.0251742122,0.0,0.006093473002,0.008183192499
0.1839192889,0.4539515022,0.0,0.2902872638,0.0,0.05922669935,0.01261524569
0.1253208551,0.5999089463,0.0,0.239116854,0.0,0.03446553407,0.001187810549
0.1275253695,0.6057610631,0.0,0.1871736455,0.0,0.0622185889,0.01732133299
0.1387139813,0.5208374844,0.0,0.2975043104,0.0,0.03162515759,0.01131906623
0.1727117395,0.5905605065,0.0,0.207271343,0.0,0.01784123862,0.01161517243
0.2264685199,0.6048315077,0.0,0.120264123,0.0,0.04039641286,0.008039436558
0.1721392453,0.7033096605,0.0,0.05196212066,0.0,0.0558195098,0.01676946366
0.1357031657,0.5616494497,0.0,0.2715631483,0.0,0.02450610026,0.006578136122
0.1966337722,0.5144285481,0.0,0.2650395027,0.0,0.007193823163,0.01670435381
0.2120617414,0.7133755732,0.0,0.01263175026,0.0,0.05918670585,0.002744229294
0.16544536,0.6561357412,0.0,0.1250301896,0.0,0.05124150898,0.002147200141
0.2388647956,0.5298306708,0.0,0.2085366644,0.0,0.009233572343,0.01353429683
0.1146717371,0.5202696858,0.0,0.3345531619,0.0,0.02321546411,0.007289951134
0.1474345258,0.7371574693,0.0,0.09065232276,0.0,0.01315606134,0.01159962077
0.1653712493,0.5796265958,0.0,0.1973370367,0.0,0.04068292488,0.01698219325
0.1543256601,0.4890783758,0.0,0.3032280961,0.0,0.03837267138,0.01499519661
0.15617122,0.6770800126,0.0,0.1507785675,0.0,0.00285751997,0.01311267981
0.126952903,0.5530956197,0.0,0.2428687018,0.0,0.05797292835,0.01910984711
0.1675503555,0.4850904871,0.0,0.3023992311,0.0,0.03896260996,0.005997316337
0.2266465825,0.7134515833,0.0,0.03142131153,0.0,0.01939620277,0.009084319911
0.1870035637,0.6660087478,0.0,0.1037324034,0.0,0.02958073011,0.01367455492
0.09378619129,0.4635835609,0.0,0.3687010827,0.0,0.05928447047,0.01464469461
0.1638372173,0.7417946014,0.0,0.05331704252,0.0,0.03738536104,0.003665777689
0.1544077071,0.6138566323,0.0,0.2181623737,0.0,0.007713683744,0.005859603142
0.1618873285,0.53854028,0.0,0.2822292445,0.0,0.009020233955,0.008322913072
0.1502105403,0.6272719284,0.0,0.1757752553,0.0,0.04588728903,0.0008549870151
0.2099970633,0.5555162577,0.0,0.2023140587,0.0,0.02971658132,0.002456039069
0.1887851913,0.6414761302,0.0,0.1151285569,0.0,0.03696891881,0.01764120278
0.1913877326,0.7294943365,0.0,0.02074434982,0.0,0.04340907132,0.01496450971
0.1212052411,0.5688872168,0.0,0.2810425905,0.0,0.0150454849,0.0138194667
0.1431361343,0.6838122647,0.0,0.1460742183,0.0,0.02195958394,0.005017798769
0.1382232801,0.5149564718,0.0,0.2942373477,0.0,0.04819499554,0.004387904894
0.2307172903,0.6518320111,0.0,0.09782558727,0.0,0.004989794051,0.01463531726
0.1609891253,0.7125644596,0.0,0.08961245424,0.0,0.02770834964,0.009125611225
0.1518404942,0.6818971051,0.0,0.1356276117,0.0,0.0158681374,0.01476665164
0.2477296055,0.6850833518,0.0,0.04444874132,0.0,0.01560571188,0.007132589539
0.154800272,0.4662601535,0.0,0.3229634599,0.0,0.04253316245,0.01344295221
0.1484426781,0.5433073727,0.0,0.2605565537,0.0,0.03804387639,0.009649519027
0.234457319,0.5659366118,0.0,0.1655739861,0.0,0.02850638626,0.005525696815
0.1664129258,0.8058776099,0.0,0.006287668563,0.0,0.001677396924,0.01974439881
0.1161996344,0.5382405867,0.0,0.3168219403,0.0,0.02769263703,0.001045201565
0.1598455513,0.6190812412,0.0,0.1489782325,0.0,0.06388547338,0.008209501579
0.1948744497,0.6740198836,0.0,0.07645396801,0.0,0.0493448071,0.005306891579
0.170234138,0.4611645248,0.0,0.3473671505,0.0,0.01037489446,0.01085929213
0.1551341811,0.627716713,0.0,0.1912454163,0.0,0.02199259009,0.003911099444
0.1691213688,0.7172279648,0.0,0.04177996027,0.0,0.05840718947,0.01346351673
0.2353640596,0.5920678001,0.0,0.1344281642,0.0,0.03638175166,0.001758224449
0.1665871238,0.5434280426,0.0,0.2470244825,0.0,0.02829644351,0.01466390753
0.1245182834,0.4868584801,0.0,0.3509349457,0.0,0.01941691698,0.01827137385
0.1492269683,0.6853463481,0.0,0.09814853059,0.0,0.05702524556,0.01025290748
0.1211214115,0.591280827,0.0,0.23216771,0.0,0.04606756962,0.009362481966
0.1866340331,0.4429839134,0.0,0.3076364691,0.0,0.04829349329,0.01445209106
0.1979463631,0.6351274608,0.0,0.1562560049,0.0,0.00665839262,0.004011778667
0.1684935518,0.4985740637,0.0,0.255675971,0.0,0.06048592271,0.01677049077
0.1280245035,0.5500462862,0.0,0.2812925277,0.0,0.03535775805,0.005278924451
0.1486688929,0.6389022704,0.0,0.1728065798,0.0,0.02994114818,0.009681108641
0.2465277192,0.7265504598,0.0,0.02070098823,0.0,0.003447843429,0.002772989313
0.1535736402,0.4910310311,0.0,0.2810385507,0.0,0.05612117792,0.01823560008
0.1550367805,0.5574541644,0.0,0.2188320163,0.0,0.05435680675,0.014320232
0.1523623111,0.7464739643,0.0,0.06682854729,0.0,0.01986580223,0.01446937505
0.1128187389,0.5148998027,0.0,0.3574211689,0.0,0.009074891063,0.005785398501
0.1719504274,0.6763737691,0.0,0.1030188702,0.0,0.04508486579,0.003572067537
0.2179348802,0.7124855033,0.0,0.0355499312,0.0,0.03330487488,0.000724810417
0.1924708801,0.4841953182,0.0,0.2841449577,0.0,0.02403006527,0.01515877877
0.1404026156,0.5935785701,0.0,0.2507694198,0.0,0.006525797482,0.00872359697
0.1703155523,0.6893626875,0.0,0.07627877642,0.0,0.04576096431,0.01828201952
0.2290629862,0.6178481252,0.0,0.09750867672,0.0,0.0494428604,0.006137351451
0.1776451979,0.6124794107,0.0,0.1841253607,0.0,0.01563001309,0.01012001762
0.1382432941,0.6427234047,0.0,0.1644387996,0.0,0.03939691973,0.0151975818
0.1152125207,0.5545401669,0.0,0.2604470227,0.0,0.06531910066,0.004481188962
0.2015256812,0.4896997014,0.0,0.2681101393,0.0,0.03059065994,0.01007381819
0.2087036517,0.6301232507,0.0,0.1320296589,0.0,0.02066779903,0.008475639649
0.1955900561,0.5409525258,0.0,0.2071060662,0.0,0.04432119154,0.0120301604
0.1114465552,0.4990683752,0.0,0.339290049,0.0,0.0496256187,0.0005694019628
0.1369431874,0.6050142815,0.0,0.205975286,0.0,0.03771266228,0.0143545829
0.1612541025,0.4565347405,0.0,0.3245755021,0.0,0.05607490685,0.001560747957
0.1715883463,0.6423470527,0.0,0.1521342103,0.0,0.0152396814,0.01869070932
0.2050474921,0.5115428113,0.0,0.2306000378,0.0,0.0497750734,0.003034585526
0.1101048349,0.5234050946,0.0,0.3125223714,0.0,0.04411663851,0.009851060572
0.1615315939,0.7613317919,0.0,0.01777903214,0.0,0.0507623073,0.008595274725
0.1497980867,0.5665506457,0.0,0.2621805527,0.0,0.02033546392,0.00113525103
0.1477418443,0.4998420931,0.0,0.3222769354,0.0,0.02642238247,0.003716744699
0.2442741869,0.6438717125,0.0,0.06391858361,0.0,0.03238511232,0.01555040464
0.1579296413,0.6493794117,0.0,0.1236044415,0.0,0.0635517959,0.005534709539
0.1284237421,0.5352589267,0.0,0.3011941344,0.0,0.01981944629,0.0153037506
0.20531793,0.5299119276,0.0,0.2463487856,0.0,0.01160037093,0.006820985888
0.1738333258,0.5787903824,0.0,0.179727357,0.0,0.0548871939,0.0127617409
0.1764722773,0.7046807564,0.0,0.04943040638,0.0,0.05925314377,0.01016341609
0.2113670908,0.4744329098,0.0,0.3053523255,0.0,0.0025428907,0.006304783119
0.1327017696,0.5976786758,0.0,0.2197065916,0.0,0.03118577431,0.01872718863
0.1315198616,0.4645724453,0.0,0.3596812261,0.0,0.03525232188,0.008974145112
0.1762331848,0.5522054335,0.0,0.2221158188,0.0,0.04455177577,0.004893787156
0.2119067326,0.6115234799,0.0,0.144317811,0.0,0.0221584143,0.01009356217
0.1784265652,0.7782686729,0.0,0.02902453226,0.0,0.009973232048,0.004306997538
0.1180242109,0.5099504155,0.0,0.3023564571,0.0,0.06183514225,0.007833774245
0.1831197508,0.535297461,0.0,0.233220091,0.0,0.03469962237,0.01366307486
0.2015005694,0.6396705203,0.0,0.1336204698,0.0,0.0237794516,0.001428988882
0.1957804948,0.6904076516,0.0,0.08848579929,0.0,0.02194637396,0.00337968036
0.1866139725,0.4244923805,0.0,0.3295931342,0.0,0.04236494885,0.01693556394
0.1230117594,0.6112580186,0.0,0.2072757492,0.0,0.05245808242,0.005996390363
0.1478841665,0.6738690267,0.0,0.1229887761,0.0,0.04282378065,0.01243425005
0.1302548522,0.5132956404,0.0,0.3272007792,0.0,0.01299111647,0.01625761172
0.1629282292,0.5465742259,0.0,0.2720116067,0.0,0.002156283892,0.0163296543
0.2183767147,0.5683298698,0.0,0.1564362011,0.0,0.05322600562,0.003631208849
0.1806432043,0.7482697705,0.0,0.01919625973,0.0,0.03990082654,0.01198993892
0.1523490898,0.620192253,0.0,0.2134851455,0.0,0.01208431479,0.001889196893
0.1749137448,0.4675496539,0.0,0.3256016923,0.0,0.01972883662,0.01220607233
0.2012956546,0.6893059187,0.0,0.05475891182,0.0,0.0472755254,0.007363989471
0.164785432,0.6222567488,0.0,0.1728059598,0.0,0.03334723835,0.006804621147
0.121617942,0.5738558966,0.0,0.2963530099,0.0,0.005608071502,0.00256507997
0.1580333921,0.7595739077,0.0,0.03159351893,0.0,0.03421525392,0.01658392736
0.1472354469,0.5434038642,0.0,0.2371294836,0.0,0.05998436217,0.01224684321
0.144765845,0.4494735933,0.0,0.3435618945,0.0,0.05190954696,0.01028912029
0.2378008431,0.6783278899,0.0,0.06563082266,0.0,0.01351411154,0.00472633281
0.1578118927,0.6931542858,0.0,0.112606597,0.0,0.01830848399,0.01811874052
0.1690027981,0.753174816,0.0,0.06691793296,0.0,0.004424779559,0.00647967341
0.2205997061,0.6157648511,0.0,0.119327192,0.0,0.02661994939,0.01768830134
0.18556848,0.5642112884,0.0,0.2161823332,0.0,0.03107604939,0.002961848939
0.1477248694,0.5357763374,0.0,0.2691496765,0.0,0.04607164857,0.001277468124
0.1377310353,0.6707752756,0.0,0.1717688495,0.0,0.01129730053,0.008427539098
0.1264169116,0.5890191851,0.0,0.2561307875,0.0,0.01680083465,0.01163228125
0.1828502896,0.7014566521,0.0,0.04469003591,0.0,0.05397641697,0.01702660538
0.1854594619,0.6462584435,0.0,0.09282696526,0.0,0.05933176983,0.01612335951
0.2179100973,0.5966610691,0.0,0.1829668752,0.0,0.00185486296,0.0006070954231
0.1213305912,0.4866042992,0.0,0.349200983,0.0,0.03108148894,0.01178263769
0.1519689765,0.6392426824,0.0,0.1539742138,0.0,0.05195705483,0.002857072585
0.1559338645,0.5131382925,0.0,0.3017191745,0.0,0.02295905951,0.006249609028
0.1585420568,0.614613805,0.0,0.1933986047,0.0,0.02618634273,0.00725919077
0.1524813343,0.7045196106,0.0,0.07721493279,0.0,0.06367628695,0.002107835359
0.1004264623,0.4930134072,0.0,0.3481410779,0.0,0.04087098992,0.01754806262
0.2266398245,0.5301819171,0.0,0.1874730638,0.0,0.05142935566,0.004275838934
0.1870088484,0.6706162407,0.0,0.1277509257,0.0,0.003513291318,0.0111106939
0.2276580083,0.7364171646,0.0,0.009570428636,0.0,0.01394927589,0.01240512252
0.1641958032,0.4906472554,0.0,0.2835929363,0.0,0.05303682518,0.008527179966
0.1286986725,0.5483146822,0.0,0.2643332815,0.0,0.04289565176,0.015757712
0.1064973959,0.263280386,0.1772773659,0.4095112568,0.0,0.04264997056,0.0007836248193
0.1341987658,0.6074950397,0.02571924807,0.1950833997,0.0,0.02330363867,0.01419990809
0.1481697932,0.6341161275,0.1540146293,0.01937227996,0.0,0.03119801996,0.0131291501
0.1907871856,0.5198814564,0.05089958077,0.1938993851,0.0,0.04146188172,0.003070510446
0.2003635226,0.3525286347,0.2839663426,0.1393213167,0.0,0.01731506376,0.006505119621
0.1245167779,0.4029244612,0.06579138548,0.3211971202,0.0,0.06671405221,0.01885620304
0.1328958992,0.4611685935,0.2189567169,0.1208497813,0.0,0.0547229084,0.01140610069
0.1564256433,0.4678108191,0.2325867528,0.05460975464,0.0,0.07421470515,0.01435232502
0.1209625339,0.4855374947,0.1240607384,0.2540487652,0.0,0.01277547985,0.00261498794
0.2136892949,0.4782417644,0.08652604479,0.155133614,0.0,0.05676796772,0.009641314325
0.1778097276,0.6619596257,0.04660832343,0.07256306256,0.0,0.03398500809,0.007074252609
0.1419666546,0.2914937911,0.2699768175,0.2530779009,0.0,0.03424483127,0.009240004615
0.1353962935,0.6703636882,0.09270298129,0.0321957987,0.0,0.05099427785,0.01834696043
0.1279235152,0.3582959819,0.1247894706,0.3575285502,0.0,0.02600683905,0.005455643047
0.2518680178,0.4319953198,0.1723184334,0.09007256447,0.0,0.05098769281,0.002757971647
0.1500959362,0.4579629613,0.2917281787,0.0742610977,0.0,0.02433336441,0.001618461606
0.2188307304,0.4266428849,0.06984834614,0.2388774409,0.0,0.03346020207,0.01234039564
0.1847609327,0.4683502601,0.1398225725,0.1845441901,0.0,0.005793605516,0.01672843915
0.1492717131,0.1787069192,0.2384615167,0.368361457,0.0,0.05340440531,0.01179398873
0.1480520016,0.5623985917,0.1033834836,0.1476601303,0.0,0.03445081484,0.004054977973
0.1523340276,0.5887948879,0.1875399982,0.0473210154,0.0,0.002122879435,0.02188719156
0.1858853534,0.4360867509,0.2368924732,0.1103993114,0.0,0.02673478646,0.004001324636
0.23116455,0.6013007125,0.06385882514,0.07631293186,0.0,0.02639172174,0.0009712587687
0.1463378815,0.2755456958,0.1414609695,0.3621190728,0.0,0.06604966542,0.008486715006
0.1846829115,0.5743242001,0.04696219986,0.163751217,0.0,0.01437361067,0.01590586091
0.2483204031,0.4093560391,0.1054737173,0.1724937348,0.0,0.04772082354,0.01663528208
0.1266413282,0.3630351411,0.2074410722,0.2803118015,0.0,0.01075783697,0.01181281999
0.1716611745,0.710767494,0.006644260606,0.04908026395,0.0,0.05767058141,0.004176225493
0.2098854844,0.4431877565,0.03741647741,0.2934468936,0.0,0.004657567015,0.01140582109
0.1409676841,0.5074050548,0.09613722438,0.2241834005,0.0,0.02139984499,0.009906791143
0.2290129463,0.4990640263,0.1531059825,0.07013989981,0.0,0.04368179184,0.004995353207
0.1097464238,0.5298712268,0.04008805703,0.273207363,0.0,0.02681461277,0.02027231663
0.2107428397,0.6162209662,0.007339721768,0.1232398159,0.0,0.03551088565,0.006945770787
0.1399183268,0.4446038883,0.1342169298,0.2386365616,0.0,0.03819919322,0.00442510022
0.1470350042,0.6378963411,0.07715509247,0.1232392615,0.0,0.007677136883,0.0069971638
0.1588218718,0.3833481492,0.09937741162,0.2813173285,0.0,0.06167962753,0.0154556114
0.1243375081,0.4876826413,0.01654635219,0.3233590148,0.0,0.04648945341,0.00158503025
0.1311274647,0.5097070119,0.1549051492,0.1765218304,0.0,0.02119105223,0.006547491607
0.1723484366,0.4140147445,0.2992777281,0.092768466,0.0,0.007853168161,0.01373745671
0.1049460079,0.4824407094,0.07299456344,0.2761997757,0.0,0.05994015177,0.003478791806
0.2087121321,0.5540507896,0.1050400369,0.1076218554,0.0,0.01084012314,0.01373506284
0.1809287288,0.3367202581,0.1662548387,0.2495094258,0.0,0.04995931843,0.0166274302
0.2159222682,0.6767784722,0.02642181566,0.04253213893,0.0,0.03020983919,0.008135465868
0.121074409,0.3498116334,0.1572475268,0.3390546241,0.0,0.02802975175,0.004782054938
0.1521684488,0.6262171519,0.0426986217,0.1253041383,0.0,0.04328691248,0.01032472674
0.2267558897,0.3056982417,0.2086317033,0.1932108105,0.0,0.0561520892,0.009551265641
0.1537540442,0.5515697311,0.2227888126,0.01026454952,0.0,0.05849747685,0.003125385698
0.1834995429,0.3810523342,0.1941690432,0.1546804756,0.0,0.06552280314,0.02107580099
0.1090926548,0.5376033843,0.010794699,0.3290956815,0.0,0.00841403983,0.004999540452
0.2185857668,0.6172946591,0.03356540113,0.06135584882,0.0,0.05308033639,0.01611798781
0.136081787,0.6000829494,0.1119261114,0.1052617771,0.0,0.02660795382,0.02003942131
0.1770100232,0.4146015241,0.06848287991,0.2885290415,0.0,0.04270407088,0.008672460418
0.131642255,0.5031251193,0.06144276601,0.2243047582,0.0,0.06638791281,0.01309718863
0.1713841587,0.3900085673,0.1421279018,0.2237067705,0.0,0.0584756702,0.01429693142
0.1604044265,0.7572937043,0.05561170258,0.01909613406,0.0,0.00663750557,0.0009565270182
0.1068770279,0.4783700536,0.1878187729,0.211021971,0.0,0.01228141723,0.003630757381
0.1587934286,0.4018908239,0.02435756847,0.3485413727,0.0,0.05577291503,0.01064389128
0.2199379041,0.4364565753,0.2279493345,0.0591001505,0.0,0.03551851497,0.02103752066
0.1455308406,0.4378142755,0.1115194468,0.2483953068,0.0,0.05106291979,0.005677210557
0.1550022285,0.5074373748,0.1587430712,0.09161210572,0.0,0.07078133565,0.01642388406
0.1278073008,0.3533875536,0.2680833819,0.1932346272,0.0,0.05480389082,0.002683245714
0.1840477716,0.6494960569,0.00327910049,0.09756131302,0.0,0.04910767641,0.01650808159
0.1073972193,0.2365764508,0.2263915817,0.3956605741,0.0,0.01467676712,0.019297407
0.1081230734,0.5195282159,0.1320990144,0.1618593411,0.0,0.06974968848,0.008640666829
0.1179662367,0.4776667872,0.2859098148,0.03844928496,0.0,0.07324425293,0.006763623423
0.1647707573,0.4856975353,0.08707327889,0.2341658106,0.0,0.008660646462,0.01963197147
0.145650567,0.5048886276,0.03292824422,0.2972426141,0.0,0.01648866058,0.002801286533
0.128525418,0.4114408108,0.270018216,0.1704349302,0.0,0.003359476612,0.01622114841
0.2001608926,0.3607406428,0.08755387914,0.3009320739,0.0,0.04925864827,0.001353863336
0.1376012676,0.5894593889,0.01981290747,0.1974587547,0.0,0.04003755037,0.01563013095
0.2161352187,0.5335098238,0.05449935881,0.1648184604,0.0,0.02525374985,0.005783388514
0.1955508737,0.2047616798,0.2515795055,0.2742461531,0.0,0.06997065089,0.003891136944
0.1644491243,0.6489225213,0.0828797808,0.07574622118,0.0,0.01640434183,0.01159801063
0.1135136247,0.2773117995,0.2360341945,0.2966080522,0.0,0.05489419622,0.02163813283
0.1369947299,0.62478306,0.1257361276,0.0723113466,0.0,0.03361267523,0.006562060711
0.1411096647,0.3792339191,0.09173072198,0.3370098806,0.0,0.03470781632,0.01620799736
0.1688744085,0.5422354768,0.03803634174,0.193692995,0.0,0.05607308406,0.00108769388
0.1477433968,0.5089936862,0.2536844524,0.02948077291,0.0,0.04780344108,0.01229425068
0.1611319998,0.4758258162,0.172107448,0.1244868847,0.0,0.05884190365,0.007605947677
0.1281066605,0.5174530151,0.02987948187,0.3048184855,0.0,0.002151499978,0.01759085707
0.1209874777,0.1581170008,0.2852112066,0.4019000413,0.0,0.03159662083,0.002187652826
0.1526748884,0.5633403652,0.07031816788,0.1556161373,0.0,0.04487049787,0.01317994336
0.1794277468,0.3616695276,0.1284064159,0.2986168256,0.0,0.01982583657,0.0120536475
0.1302547715,0.6482244634,0.06622343489,0.1141345424,0.0,0.03833192086,0.002830867034
0.1251873134,0.5297942977,0.1987832727,0.08942005427,0.0,0.05681506189,0.0
0.1843115698,0.510750447,0.01546972195,0.2458902074,0.0,0.02999885689,0.01357919697
0.1811141678,0.3158958988,0.2395135751,0.1761029534,0.0,0.06828869689,0.01908470811
0.1203356375,0.3913658715,0.1023166811,0.3679375374,0.0,0.01036351673,0.007680755787
0.1420483387,0.4287165493,0.1665356353,0.2097477506,0.0,0.0329750826,0.01997664346
0.1944655048,0.3847572926,0.03344971836,0.340982514,0.0,0.04052669737,0.005818272918
0.1811763642,0.4539359935,0.2748209686,0.07016477478,0.0,0.01509939159,0.004802507348
0.1045364372,0.4701837912,0.0857242222,0.2604874476,0.0,0.06793267907,0.01113542276
0.2311276306,0.5200565562,0.1222908375,0.1248411489,0.0,0.0,0.001683826666
0.1966002014,0.7418264075,0.009121263183,0.01238044035,0.0,0.02493290296,0.01513878458
0.1257211463,0.4817632761,0.2398284645,0.1408698085,0.0,0.01089727259,0.0009200320501
0.2107622171,0.4882373727,0.2094262636,0.03623570296,0.0,0.03717373734,0.01816470638
0.2190030521,0.5616442475,0.04300988039,0.1388246855,0.0,0.01960370327,0.01791443126
0.1147855087,0.22040467,0.2615661569,0.3253196244,0.0,0.06455406579,0.01336997411
0.1988720109,0.6133428951,0.0903144007,0.08933894964,0.0,0.004952243473,0.003179500131
0.1098245558,0.3644504945,0.1867822065,0.2980988781,0.0,0.02664830756,0.01419555763
0.1196330563,0.4983903826,0.1160617803,0.1926492841,0.0,0.05695623446,0.01630926232
0.2399020001,0.4995307468,0.06033117235,0.1800136472,0.0,0.01352410014,0.006698333371
0.1272720229,0.4538496962,0.05452493094,0.3268947586,0.0,0.02766714985,0.009791441482
0.1565360863,0.5683607064,0.1457852464,0.05770874889,0.0,0.06321554382,0.008393668198
0.1372681287,0.2940805581,0.2882152705,0.2201873239,0.0,0.0430007459,0.01724797286
0.2101895357,0.6084408895,0.09894371473,0.0212242224,0.0,0.04933816608,0.01186347154
0.1739912197,0.2820522163,0.1741081105,0.338026164,0.0,0.01183751096,0.01998477858
0.1809338704,0.6112783317,0.02078676091,0.1232067565,0.0,0.05863715984,0.005157120626
0.1419810329,0.3732715862,0.1653512568,0.2468597579,0.0,0.07101976878,0.001516597335
0.1667126096,0.7287243738,0.03325254482,0.04018023065,0.0,0.01744687255,0.01368336852
0.1829526685,0.434885086,0.01372755458,0.3170161675,0.0,0.04804965786,0.003368865533
0.1925845794,0.4689736459,0.1518920373,0.1612767526,0.0,0.01689318664,0.008379798175
0.1443288639,0.2649476985,0.2146003377,0.3309861756,0.0,0.04153562588,0.003601298426
0.1733372538,0.5497708578,0.1241401049,0.1171946351,0.0,0.02350102805,0.01205612044
0.1080060194,0.3712575981,0.1479530432,0.3630782537,0.0,0.00720114868,0.002503936849
0.1726127056,0.7039780091,0.06575063948,0.01059730785,0.0,0.0369670024,0.01009433552
0.1489666118,0.323221387,0.1105320613,0.3678806602,0.0,0.03184644859,0.0175528311
0.1512807501,0.5570377113,0.02644020991,0.250055658,0.0,0.01062739603,0.004558274642
0.1285049604,0.4657738459,0.1962212489,0.1430697445,0.0,0.04707753683,0.01935266336
0.2197465272,0.4618115647,0.2416154316,0.01818488914,0.0,0.05809523338,0.0005463538876
0.1743433777,0.4981094405,0.0754458621,0.1853365319,0.0,0.06396498476,0.002799803068
0.2312729091,0.3762976819,0.1229012542,0.2376293617,0.0,0.0268868167,0.005011976431
0.1875288301,0.6318829411,0.05824357749,0.05776088998,0.0,0.04519548941,0.0193882719
0.1480896346,0.6487143321,0.01246186665,0.1566676373,0.0,0.03282273114,0.001243798138
0.1307914769,0.6048969889,0.1810944784,0.05418777607,0.0,0.02441739277,0.004611887006
0.2101230338,0.4974128198,0.03220115911,0.2162137594,0.0,0.03424365173,0.009805576229
0.1110393182,0.4285015653,0.0885921988,0.3077763481,0.0,0.05750487887,0.006585690775
0.115137216,0.4366531614,0.1657165125,0.2175679404,0.0,0.05246850511,0.01245666468
0.1250010548,0.5864354822,0.1042119901,0.1487617058,0.0,0.01514430356,0.0204454635
0.1578936106,0.4036946531,0.1115006712,0.266932215,0.0,0.0516038352,0.00837501495
0.1998113184,0.3915013878,0.1928581358,0.1890153557,0.0,0.02581044202,0.001003360306
0.1487851851,0.4530343099,0.004170333114,0.3419605595,0.0,0.03929114152,0.01275847084
0.2297571681,0.3891462427,0.06237370498,0.3040282326,0.0,0.00544831497,0.009246336645
0.1848817927,0.5160288448,0.1490916461,0.09137942414,0.0,0.03962484804,0.01899344423
0.1225308515,0.5151790997,0.04983967081,0.2858338994,0.0,0.01968584414,0.006930634422
0.2074890617,0.2990876683,0.2283919067,0.2403284526,0.0,0.01106297265,0.01363993805
0.1731691226,0.6161660312,0.108633543,0.03620538177,0.0,0.06368894271,0.002136978752
0.159807591,0.356147841,0.182779082,0.2952931974,0.0,0.003234804442,0.002737484054
0.1445798676,0.6892306223,0.0197542459,0.0801707979,0.0,0.05399107263,0.01227339362
0.1311285599,0.5271002145,0.1433774482,0.1088398697,0.0,0.0734350536,0.01611885419
0.2551541529,0.3837072597,0.2607744027,0.04424474744,0.0,0.04799403758,0.008125399678
0.1435258422,0.5017525852,0.07345653978,0.2361902843,0.0,0.02758530817,0.0174894403
0.1767953686,0.5711109755,0.2033868401,0.02678030123,0.0,0.01424114317,0.007685371354
0.1579574223,0.4338210833,0.2160272817,0.1460107292,0.0,0.03430894182,0.01187454171
0.2418018776,0.60303889,0.07830994457,0.04731497966,0.0,0.0168192373,0.01271507085
0.2112866843,0.2158948528,0.1453688401,0.3565433717,0.0,0.0560659253,0.01484032574
0.1522369012,0.6062812344,0.03688898603,0.1874168743,0.0,0.008220815235,0.008955188723
0.1551285313,0.6156869993,0.1735084019,0.00661914915,0.0,0.04783464359,0.00122227473
0.1345822884,0.3354068743,0.286400761,0.1620095324,0.0,0.06211766345,0.01948288042
0.1904744144,0.5212349026,0.1305293103,0.07103249649,0.0,0.0672073559,0.01952152031
0.1324305738,0.2356122243,0.1920118861,0.3969244783,0.0,0.03094903952,0.01207179802
0.1840227613,0.5933699227,0.009803110409,0.1665565646,0.0,0.04304240168,0.003205239272
0.1265890146,0.3761023691,0.1356936309,0.2994499382,0.0,0.0523901045,0.009774942696
0.1590887527,0.6403617426,0.0616313012,0.0894194436,0.0,0.03358742264,0.01591133731
0.2076874217,0.4624217444,0.01665468681,0.2746632873,0.0,0.03239311482,0.006179744999
0.1235876274,0.4615324197,0.1077426769,0.2366758422,0.0,0.05975329263,0.01070814112
0.1098564672,0.3902608802,0.2561140436,0.2027957735,0.0,0.03208377711,0.008889058414
0.2099325795,0.3046295666,0.09644332182,0.3317861113,0.0,0.04129993831,0.01590848249
0.2368688701,0.4816832003,0.1672220845,0.08254244151,0.0,0.01644950339,0.01523390019
0.222852623,0.621535214,0.04824768143,0.09288206908,0.0,0.002955124138,0.01152728836
0.1333293776,0.2260897083,0.2929650153,0.2763185194,0.0,0.04813318001,0.02316419941
0.2004479427,0.6608617422,0.06943348744,0.04170333012,0.0,0.02240665221,0.005146845371
0.1270066001,0.3850247135,0.2132890884,0.2474813862,0.0,0.009263754553,0.01793445713
0.1054411622,0.269380702,0.2323394456,0.3709231615,0.0,0.01991277436,0.002002754358
0.1252564458,0.5577211668,0.1232109976,0.1408874917,0.0,0.03852271863,0.01440117943
0.1933654211,0.4445363503,0.09098095696,0.2380868445,0.0,0.02904695692,0.003983470321
0.1148039352,0.4347465593,0.04309373132,0.3769743098,0.0,0.01232792089,0.01805354341
0.1262235644,0.2985810941,0.1703057479,0.3805564657,0.0,0.003613222562,0.02071990533
0.1325578416,0.6149353252,0.03484496092,0.1565295699,0.0,0.05548931093,0.005642991541
0.1242934911,0.5452795509,0.2078464527,0.03277368903,0.0,0.08020617165,0.009600644593
0.210239144,0.5493395609,0.01082893912,0.2000241451,0.0,0.01463495664,0.01493325422
0.2090961026,0.3977689664,0.2115526733,0.1203597717,0.0,0.04619830393,0.01502418214
0.1295069808,0.4011718635,0.1234121474,0.3174517037,0.0,0.02759346516,0.0008638393791
0.1557244589,0.5238230846,0.1429148143,0.1546550961,0.0,0.01214228593,0.0107402602
0.1699135544,0.4837720314,0.2875301291,0.01171803383,0.0,0.03821652948,0.008849721809
0.1236715883,0.5135490456,0.08141722724,0.2122799313,0.0,0.05092659012,0.01815561748
0.231419417,0.4858660977,0.09106273584,0.1648120283,0.0,0.0177878688,0.009051852333
0.2221521046,0.3075858703,0.1637766049,0.2481118316,0.0,0.05623457835,0.002139010236
0.1949527541,0.7040133727,0.02080422943,0.06115847111,0.0,0.006777046546,0.01229412611
0.140881785,0.3043094574,0.2332222988,0.2342002801,0.0,0.07420978542,0.01317639324
0.1438846692,0.6964422014,0.1235664423,0.01714666106,0.0,0.01559420313,0.003365822818
0.1263064002,0.3678307369,0.06289828574,0.376738976,0.0,0.05211575013,0.014109851
0.148058067,0.5068875237,0.05067038157,0.246849507,0.0,0.03992930277,0.007605217902
0.141732749,0.4476338784,0.2341693884,0.08819049145,0.0,0.0665586047,0.02171488802
0.2183924353,0.4013120152,0.1117719465,0.2579554156,0.0,0.004569507142,0.005998680369
0.1544880735,0.4136869175,0.2067503741,0.1791363257,0.0,0.04176269507,0.004175614134
0.1172670205,0.5073492752,0.002715975561,0.3419349191,0.0,0.02015918809,0.01057362166
0.2007508626,0.2188015606,0.2421980869,0.3193040923,0.0,0.009592531848,0.009352865758
0.1454699645,0.5688520958,0.0934969163,0.1114983223,0.0,0.06395256303,0.0167301381
0.1578538263,0.3773488438,0.1898569094,0.2463624481,0.0,0.02230103947,0.006276932936
0.1591208628,0.7346035754,0.01535357653,0.03316731653,0.0,0.03862436577,0.01913030296
0.1695852583,0.4468977657,0.02926716282,0.3161204676,0.0,0.03072943106,0.007399914495
0.2045728519,0.3783719629,0.2539412513,0.09659920852,0.0,0.06578506884,0.0007296565299
0.1454665183,0.4587804676,0.08537843233,0.2864667001,0.0,0.009468966548,0.01443891513
0.1587225206,0.5377955121,0.187723832,0.07906657224,0.0,0.03136688929,0.005324673712
0.123040407,0.3569046867,0.2644618445,0.2166245178,0.0,0.01787633329,0.02109221061
0.216819793,0.2948222996,0.1266710422,0.3107708812,0.0,0.03917726104,0.01173872287
0.168548888,0.6123167277,0.05664257908,0.1366310819,0.0,0.0235279187,0.002332804576
0.1072065123,0.3833137414,0.1496102948,0.2698125387,0.0,0.06876866858,0.02128824423
0.1164709012,0.5716610301,0.07107062862,0.1951673046,0.0,0.03307895633,0.01255117914
0.1304609874,0.5431858361,0.2607689814,0.02467546823,0.0,0.02308890828,0.01781981861
0.1662846119,0.4728958317,0.1079772455,0.2164031815,0.0,0.03594489122,0.0004942382556
0.1379079208,0.4579161594,0.02305571864,0.3096170414,0.0,0.0554848246,0.01601833519
0.135337688,0.41762293,0.2708150485,0.1212525482,0.0,0.04725375484,0.007718030527
0.2058500255,0.3924684629,0.08486578332,0.2790825656,0.0,0.02044394834,0.01728921434
0.2076290271,0.5352787038,0.1492028391,0.03988104675,0.0,0.05677286045,0.01123552288
0.1303367945,0.577317707,0.04709440076,0.2371436496,0.0,0.00410038248,0.004007065744
0.217238249,0.2524664313,0.2059462744,0.2815656763,0.0,0.02640450933,0.0163788596
0.1506959407,0.5788691899,0.1253629026,0.08857320504,0.0,0.04713627744,0.009362484323
0.2053307136,0.4648048762,0.2105183809,0.07252309141,0.0,0.03773217879,0.009090759097
0.2087815942,0.5243456506,0.07770694211,0.1379724555,0.0,0.04534928263,0.005844074988
0.2107930404,0.415844944,0.1516906292,0.2059080775,0.0,0.01212095214,0.003642356713
0.2200076393,0.6661075984,0.03620049927,0.006880164603,0.0,0.06028990911,0.01051418929
0.1621396609,0.68468583,0.01569194028,0.1131526027,0.0,0.01499440879,0.009335557351
0.1226058466,0.6099401866,0.1463557495,0.1104995627,0.0,0.002719583741,0.007879070936
0.2021314857,0.4101934359,0.05756975385,0.2635427455,0.0,0.05019062508,0.01637195397
0.210982362,0.3135236372,0.2696446638,0.1685782823,0.0,0.02584096777,0.01143008698
0.1177217182,0.4131757495,0.07492169565,0.3501881431,0.0,0.0395695481,0.004423145397
0.1239069805,0.4583848933,0.3253571423,0.05705983142,0.0,0.01301897836,0.02227217413
0.1000384509,0.4786975006,0.05043638375,0.3050444665,0.0,0.05082686469,0.01495633355
0.2213402957,0.6566922859,0.02836503622,0.07263256639,0.0,0.01855980252,0.002410013298
0.1230178052,0.1904783754,0.2291062855,0.3894151726,0.0,0.06249368581,0.005488675449
0.1550512036,0.5345273025,0.1133970559,0.1698263314,0.0,0.006158257332,0.02103984928
0.1475732428,0.635060507,0.09703191007,0.0634692933,0.0,0.05519062812,0.001674418718
0.1563140914,0.3827731231,0.1165165278,0.320476883,0.0,0.01322014411,0.01069923055
0.1521021743,0.6030936514,0.006976348391,0.2029225707,0.0,0.02847333662,0.006431918549
0.2270239373,0.557240198,0.1322522249,0.01937663433,0.0,0.06085661692,0.003250388553
0.1243182942,0.5645268007,0.06166280122,0.2266647465,0.0,0.01086528609,0.01196207119
0.2068851901,0.5600944939,0.01844051249,0.1632937849,0.0,0.05064430857,0.0006417100001
0.1606556429,0.2904820661,0.2457841238,0.2723312366,0.0,0.02166521904,0.00908171156
0.1881023558,0.6002811296,0.09916933609,0.05655963282,0.0,0.03870462781,0.01718291796
0.1040877867,0.3598139993,0.1700653228,0.3012693007,0.0,0.05691893129,0.007844659223
0.139898028,0.5678709854,0.08987009399,0.1715851691,0.0,0.02591984234,0.004855881178
0.1161099499,0.5581004949,0.2411289041,0.04614179279,0.0,0.0355669788,0.002951879583
0.1836288588,0.4019572941,0.1203445484,0.2354399042,0.0,0.04634874072,0.01228065373
0.1360961408,0.5048215523,0.0124880605,0.2761628508,0.0,0.06111890372,0.009312491857
0.140977152,0.4961818439,0.2217295317,0.1066367533,0.0,0.02032806441,0.01414665468
0.2043378417,0.409521819,0.214587243,0.1569268912,0.0,0.008959677151,0.005666527919
0.2299670973,0.6327718915,0.0860769697,0.03093892418,0.0,0.01239906946,0.007846047825
0.1861134289,0.3224515435,0.1418542822,0.302227158,0.0,0.04677566801,0.0005779193984
0.1862641274,0.6094749719,0.04321478736,0.1176445674,0.0,0.02946805423,0.01393349176
0.2306723197,0.4609414947,0.1039110929,0.1309013398,0.0,0.06320913893,0.01036461413
0.1571713479,0.3955968871,0.1784568258,0.2191264298,0.0,0.02963239651,0.02001611298
0.1723578794,0.3911757974,0.0491736626,0.3511791633,0.0,0.02125740269,0.01485609465
0.2584600686,0.3219488856,0.2705256488,0.07717901979,0.0,0.057512964,0.01437341322
0.14036912,0.5269531281,0.06527542709,0.2631812129,0.0,0.00285974128,0.001361370738
0.112303881,0.2614885564,0.2920896228,0.3198353616,0.0,0.01303704835,0.001245529815
0.1341077055,0.6254701123,0.07768263964,0.08117192789,0.0,0.06694240662,0.014625208
0.1649576737,0.4262272943,0.1010286571,0.2976227895,0.0,0.006596445375,0.003567139961
0.2530346637,0.4888956628,0.1714282239,0.04498297554,0.0,0.03558197168,0.006076502388
0.1770387761,0.5425835619,0.01728981292,0.2274214843,0.0,0.01807962096,0.01758674381
0.1550033886,0.5162403599,0.294815202,0.01762766238,0.0,0.004447564619,0.01186582248
0.1726268484,0.4864906118,0.1664757309,0.1365271249,0.0,0.02407410257,0.01380558141
0.1183027003,0.4951315468,0.03576816685,0.3106413506,0.0,0.03807800995,0.002078225468
0.1148100235,0.163203466,0.2081903121,0.4204560078,0.0,0.07396809063,0.01937209991
0.138025576,0.4948599617,0.1359958933,0.2060743001,0.0,0.01770814232,0.007336126514
0.1152398908,0.2455487552,0.2023242459,0.3668411304,0.0,0.06168970315,0.008356274566
0.140979972,0.6869623755,0.005222922581,0.1450581778,0.0,0.0045659564,0.01721059572
0.1408960033,0.5800734558,0.1712580109,0.07451799701,0.0,0.01028620105,0.02296833196
0.1702302963,0.4894774788,0.03897942558,0.2398608276,0.0,0.05680977328,0.004642198518
0.2068403902,0.3328225315,0.2375449817,0.1838779512,0.0,0.03626227954,0.002651865901
0.1047732576,0.3560391024,0.09623515625,0.3786790632,0.0,0.05168253135,0.01259088918
0.1415931761,0.4435443363,0.1747708133,0.1669885497,0.0,0.07131997449,0.001783150181
0.2254360973,0.4226309484,0.02463723094,0.3035796062,0.0,0.0123710883,0.01134502885
0.1564892488,0.4133232907,0.2485963485,0.1102553681,0.0,0.05306753577,0.01826820816
0.1013049215,0.4408592816,0.1102869526,0.3073274309,0.0,0.0305285155,0.009692897923
0.22638683,0.5424582257,0.06695894319,0.1079234358,0.0,0.03914212175,0.01713044362
0.17750926,0.6882160835,0.05110000024,0.02608693046,0.0,0.05289990145,0.004187824363
0.1316460572,0.6028986541,0.1082060043,0.1070942165,0.0,0.04885295226,0.001302115671
0.1700752191,0.453802259,0.0723234903,0.2693961888,0.0,0.02331919903,0.01108364374
0.2285527318,0.4150537245,0.1233407351,0.1636352438,0.0,0.05119884659,0.01821871818
0.1381621275,0.4398464829,0.06056488914,0.3540401796,0.0,0.001636294827,0.005750026027
0.1153786497,0.3943327569,0.227597472,0.2205622721,0.0,0.02406081996,0.01806802929
0.183781584,0.2906435285,0.1179378141,0.3621604823,0.0,0.03654537226,0.008931218846
0.1865466709,0.5473382281,0.2017594056,0.0562568794,0.0,0.005876000278,0.002222815715
0.1359221016,0.5527716815,0.008430662052,0.2368230064,0.0,0.05369352971,0.01235901864
0.1946290936,0.259667585,0.2527288514,0.2305321592,0.0,0.05497119759,0.007471113198
0.1790784326,0.6573081975,0.08702246445,0.02303431699,0.0,0.03496547393,0.01859111452
0.162292963,0.3442763391,0.1572639918,0.2771618366,0.0,0.04105099781,0.01795387169
0.1457358772,0.7110334873,0.0421198266,0.07072963718,0.0,0.02257375453,0.007807417127
0.115012814,0.4746452065,0.2141903419,0.159470624,0.0,0.03064440454,0.006036609034
0.1628819791,0.4672783001,0.005514252167,0.3062441453,0.0,0.04007825347,0.01800306991
0.1393659833,0.4679407018,0.11733729,0.2028162123,0.0,0.06981695773,0.002722854831
0.1801630237,0.5627311158,0.1536450528,0.03631795996,0.0,0.05307903938,0.01406380834
0.1305203715,0.3397513981,0.3005610903,0.142694071,0.0,0.075292874,0.01118019504
0.1063423971,0.4671053556,0.07054715954,0.327697113,0.0,0.01217284266,0.01613513207
0.2238040748,0.5272053048,0.1026729814,0.08400562382,0.0,0.05599358508,0.00631843013
0.1592114859,0.6162851083,0.03080282412,0.1475887033,0.0,0.03553510709,0.01057677128
0.120399649,0.4589773397,0.265124655,0.06752251175,0.0,0.08117925608,0.006796588458
0.1685801855,0.3859705312,0.1794102714,0.2063830811,0.0,0.04720588106,0.0124500498
0.1006008415,0.4731625491,0.02312684895,0.3734086974,0.0,0.02667593483,0.003025128267
0.1095614022,0.4885245975,0.1469685566,0.2285350225,0.0,0.02546496334,0.0009454578066
0.2481888036,0.6315632735,0.05285677115,0.01695607907,0.0,0.0374203987,0.01301467395
0.1832292798,0.5600691157,0.07461736266,0.1203927356,0.0,0.0534912778,0.008200228392
0.1156363195,0.3250118839,0.2192920537,0.2675096695,0.0,0.06717529663,0.005374776809
0.1522843837,0.6385213973,0.1357581134,0.0539006377,0.0,0.008406500578,0.01112896727
0.1742632175,0.3581428825,0.07894375618,0.3271836897,0.0,0.05938762051,0.002078833615
0.1411327083,0.5005575146,0.03227828369,0.2654414641,0.0,0.04598889604,0.0146011333
0.1991824496,0.4477275411,0.2662491711,0.03480040113,0.0,0.02953637576,0.02250406137
0.1078608523,0.5129800164,0.09565706392,0.233145926,0.0,0.04462978549,0.005726355861
0.166666461,0.4987482743,0.1210249044,0.1648176362,0.0,0.03103263471,0.01771008935
0.1623139418,0.2472609258,0.1994663866,0.3073120823,0.0,0.06847638709,0.01517027635
0.1229672058,0.3353585349,0.1418545534,0.3831141675,0.0,0.01021856211,0.006486976286
0.1296604351,0.5531406569,0.05517039447,0.179484719,0.0,0.06358932754,0.01895446698
0.1272052256,0.5751219785,0.1968451569,0.01382881131,0.0,0.06832316739,0.01867566035
0.2248402338,0.5581162623,0.02250122242,0.18166379,0.0,0.004888393032,0.007990098498
0.1608751524,0.79318266,0.0,0.0,0.00816283715,0.01902399039,0.01875536006
0.2216614759,0.7070714888,0.0,0.0,0.0166003235,0.0448021095,0.009864602347
0.1732335126,0.7694318201,0.0,0.0,0.01432945969,0.02707548926,0.0159297184
0.2419918375,0.6746193957,0.0,0.0,0.03587266378,0.0317346176,0.0157814854
0.1872902679,0.7730626731,0.0,0.0,0.01834177064,0.01613028368,0.005175004645
0.1883195923,0.752039166,0.0,0.0,0.006578497347,0.04870080737,0.004361936924
0.2130862481,0.7200324154,0.0,0.0,0.010462047,0.05463268725,0.001786602335
0.1705296914,0.8098393872,0.0,0.0,0.003914436481,0.007989748348,0.007726736512
0.1621683482,0.7367852138,0.0,0.0,0.03468105603,0.05672677731,0.009638604733
0.219662793,0.7325114609,0.0,0.0,0.02138063166,0.008184629632,0.01826048487
0.1764100157,0.7195460173,0.0,0.0,0.02842899102,0.06391559489,0.01169938113
0.2446388206,0.7311421425,0.0,0.0,0.005868728906,0.01750323952,0.0008470684272
0.1762172961,0.7528334165,0.0,0.0,0.02503104102,0.04200593256,0.003912313881
0.2045012808,0.737343762,0.0,0.0,0.03108747168,0.02193678045,0.005130705086
0.2332284605,0.703531772,0.0,0.0,0.02755981259,0.02842879757,0.007251157406
0.1581502335,0.7675994634,0.0,0.0,0.03803487775,0.0344605271,0.001754898199
0.1541178209,0.7346875438,0.0,0.0,0.03051338751,0.06486556068,0.01581568704
0.2084313431,0.7342476011,0.0,0.0,0.03855619325,0.009007876055,0.009756986433
0.1676845707,0.7306504397,0.0,0.0,0.02684427753,0.05655877178,0.01826194034
0.249260343,0.7203476079,0.0,0.0,0.003072357176,0.01277448196,0.0145452099
0.1861560082,0.7525774211,0.0,0.0,0.02086251799,0.03327051748,0.007133535218
0.1932712481,0.7401298224,0.0,0.0,0.0339446116,0.03046602262,0.002188295303
0.2200822876,0.7250677945,0.0,0.0,0.02812049096,0.02249942659,0.004230000339
0.1643731189,0.7536638518,0.0,0.0,0.03622869264,0.04106783773,0.004666498891
0.16935755,0.7841739675,0.0,0.0,0.007433470508,0.02625959532,0.01277541663
0.2059775386,0.7207654482,0.0,0.0,0.01864255241,0.03892897994,0.01568548093
0.1901304969,0.7374450742,0.0,0.0,0.005088184722,0.04885759482,0.01847864935
0.1834139017,0.7782727531,0.0,0.0,0.01111618357,0.0172222463,0.009974915351
0.2364944028,0.6720492609,0.0,0.0,0.03287389156,0.05589005241,0.002692392342
0.1792057518,0.7951082248,0.0,0.0,0.01772301513,0.006676933791,0.001286074463
0.1974097412,0.7290027834,0.0,0.0,0.008472594504,0.05731627429,0.007798606611
0.223040556,0.7094855504,0.0,0.0,0.01494583715,0.04709488251,0.005433173977
0.1562041366,0.7778659279,0.0,0.0,0.01025357985,0.04624204968,0.009434305982
0.2355364489,0.740148953,0.0,0.0,0.004154697893,0.01968016249,0.0004797377375
0.2011076242,0.7504541471,0.0,0.0,0.01785017835,0.02795800142,0.002630048924
0.1758210588,0.7732651947,0.0,0.0,0.00690756992,0.03727811508,0.006728061498
0.2452915154,0.7026770305,0.0,0.0,0.02296561548,0.02256281165,0.006503026996
0.195603928,0.7662625815,0.0,0.0,0.01466873558,0.01039980809,0.01306494686
0.2195077622,0.7595985772,0.0,0.0,0.007779824027,0.002486825303,0.01062701125
0.158808478,0.7414445573,0.0,0.0,0.01688569991,0.06472886646,0.01813239827
0.170349195,0.7878295862,0.0,0.0,0.02711997393,0.01407773489,0.0006235100166
0.212963792,0.6931762596,0.0,0.0,0.03842318203,0.04741112733,0.008025639072
0.1871876105,0.7242604468,0.0,0.0,0.02459283703,0.05770806903,0.006251036606
0.1918465445,0.7680328629,0.0,0.0,0.03144522892,0.005609858859,0.003065504897
0.2398601127,0.6989261395,0.0,0.0,0.0136553094,0.03829496516,0.009263473181
0.1746059126,0.7538826762,0.0,0.0,0.03759505871,0.01990871789,0.01400763468
0.2002038488,0.7132085496,0.0,0.0,0.02901703139,0.04368301187,0.0138875583
0.2251066112,0.6901436207,0.0,0.0,0.03489809932,0.03436025517,0.01549141361
0.1614812962,0.776156454,0.0,0.0,0.02131753541,0.02920692299,0.01183779132
0.1650926529,0.7949288079,0.0,0.0,0.02801627395,0.004796355463,0.007165909797
0.2235955432,0.6830788227,0.0,0.0,0.0362490002,0.0547919033,0.002284730588
0.1775909395,0.765563815,0.0,0.0,0.03471243671,0.01296451641,0.009168292422
0.2340891531,0.6942403238,0.0,0.0,0.01510723684,0.05189605199,0.004667234331
0.1792940085,0.7382547355,0.0,0.0,0.03821561599,0.02720380218,0.01703183784
0.1947276204,0.7307833285,0.0,0.0,0.02707566721,0.03678364698,0.01062973695
0.2087362828,0.7041502064,0.0,0.0,0.03033266214,0.04401917355,0.01276167508
0.1709077028,0.7698437177,0.0,0.0,0.02464313179,0.01931909566,0.01528635203
0.1656906718,0.7802176471,0.0,0.0,0.01459767217,0.03618804719,0.003305961694
0.1922839262,0.7602199519,0.0,0.0,0.01740108507,0.02168146503,0.008413571748
0.1832647307,0.7636331386,0.0,0.0,0.008732816919,0.04333771209,0.001031601652
0.1679135864,0.7524316566,0.0,0.0,0.0046550463,0.06340814031,0.01159157043
0.208300005,0.7595592926,0.0,0.0,0.01155621948,0.003563911024,0.01702057195
0.2288159687,0.738895016,0.0,0.0,0.007125152058,0.01105304692,0.01411081633
0.1547647642,0.7569235592,0.0,0.0,0.01870793409,0.05565354162,0.01395020088
0.1605880131,0.7844101872,0.0,0.0,0.02401341354,0.03045141688,0.0005369693534
0.2191293122,0.7088385315,0.0,0.0,0.03084147476,0.03275546329,0.008435218328
0.1996953058,0.7263127603,0.0,0.0,0.02650266028,0.04124826152,0.006241012135
0.1707085637,0.7667083959,0.0,0.0,0.03791926937,0.02194513077,0.002718640239
0.1833844817,0.7651445499,0.0,0.0,0.03454445616,0.003897989834,0.01302852246
0.182684497,0.7210895934,0.0,0.0,0.02061868818,0.06071665094,0.0148905704
0.2022143642,0.6933270042,0.0,0.0,0.03676288457,0.05097626124,0.01671948589
0.1663942369,0.7819573603,0.0,0.0,0.02858137859,0.01202223085,0.01104479337
0.1647963062,0.7465754529,0.0,0.0,0.01847657008,0.06156227078,0.008589400101
0.2271474082,0.7605115576,0.0,0.0,0.007568370834,0.004130221184,0.0006424421344
0.2039070054,0.7695832819,0.0,0.0,0.01093487894,0.01245593263,0.003118901128
0.1836563111,0.7522264468,0.0,0.0,0.004890154829,0.05288049525,0.00634659201
0.2359025557,0.694465862,0.0,0.0,0.02301878458,0.02920842703,0.01740437069
0.1774022408,0.7602637885,0.0,0.0,0.008431608228,0.03928910234,0.01461326018
0.2051363923,0.7369293262,0.0,0.0,0.01763912415,0.02649617585,0.01379898146
0.1574288749,0.7614222387,0.0,0.0,0.01527534184,0.04876209514,0.01711144942
0.1604928674,0.7679415723,0.0,0.0,0.01655735042,0.05232976371,0.00267844619
0.2378604758,0.7342890672,0.0,0.0,0.008248144351,0.01298761425,0.006614698394
0.2141621723,0.7574586567,0.0,0.0,0.01418823783,0.005206412109,0.008984521032
0.186327386,0.7498923606,0.0,0.0,0.006512941473,0.04618410544,0.01108320654
0.1949255498,0.7498885453,0.0,0.0,0.01840092277,0.01962551829,0.01715946386
0.2228578512,0.7311119563,0.0,0.0,0.004083299857,0.02736393218,0.01458296046
0.1672745267,0.7693423722,0.0,0.0,0.01082619805,0.03859366195,0.01396324112
0.1674976706,0.78374195,0.0,0.0,0.02112506539,0.0216049902,0.006030323831
0.2068895784,0.7139610527,0.0,0.0,0.03482557894,0.04118591438,0.003137875584
0.1901005086,0.745767878,0.0,0.0,0.02826613368,0.03475752331,0.001107956397
0.1780540906,0.747604988,0.0,0.0,0.03743011584,0.02863817515,0.008272630424
0.2378496065,0.6799319458,0.0,0.0,0.02023885856,0.04672837338,0.01525121581
0.1745144061,0.765869853,0.0,0.0,0.03146020505,0.01094416188,0.01721137396
0.1921175391,0.7188346078,0.0,0.0,0.02497538027,0.05294563513,0.01112683776
0.2154923463,0.6758346066,0.0,0.0,0.0383516638,0.05768193927,0.01263944407
0.1593632242,0.7944494946,0.0,0.0,0.02815497133,0.002996939667,0.01503537013
0.1528876533,0.75876995,0.0,0.0,0.03688883356,0.04102703034,0.01042653282
0.2238632307,0.7072871845,0.0,0.0,0.0283038477,0.02369462126,0.01685111579
0.1979209844,0.7360143017,0.0,0.0,0.03475307171,0.01614554244,0.01516609969
0.1695084189,0.7478370172,0.0,0.0,0.020299732,0.0494115549,0.01294327701
0.2515299198,0.7092993366,0.0,0.0,0.009574480354,0.0191955224,0.01040074082
0.1745091847,0.7367707136,0.0,0.0,0.0265293696,0.05800221436,0.00418851782
0.1940721636,0.7568562371,0.0,0.0,0.03791418104,0.006088758938,0.005068659289
0.2132355529,0.7408056449,0.0,0.0,0.02465067302,0.01417808264,0.007130046485
0.1623045122,0.755684101,0.0,0.0,0.03001686849,0.05023400527,0.001760513032
0.2127480541,0.7030015911,0.0,0.0,0.01472734695,0.06038836898,0.0091346388
0.1916996806,0.7329242248,0.0,0.0,0.008637989475,0.0550125929,0.01172551224
0.1893922817,0.7667446872,0.0,0.0,0.01743122238,0.009929073759,0.01650273494
0.2360224753,0.6834268373,0.0,0.0,0.03961045764,0.03344072887,0.007499500922
0.2440001633,0.6603604077,0.0,0.0,0.03390381228,0.04650506166,0.01523055501
0.1771736749,0.7737259731,0.0,0.0,0.01111432696,0.0325340982,0.005451926837
0.2126189215,0.74696079,0.0,0.0,0.004553556169,0.03212045437,0.00374627798
0.2290990867,0.7127559306,0.0,0.0,0.01876354177,0.03785971577,0.001521725136
0.1665362258,0.7928957313,0.0,0.0,0.007194728949,0.02518837781,0.008184936141
0.1661023092,0.8071978389,0.0,0.0,0.004390114761,0.009225435856,0.01308430123
0.2296928218,0.6914392433,0.0,0.0,0.01046362014,0.05350135477,0.01490296003
0.1974309231,0.7138055711,0.0,0.0,0.00676373153,0.06392386861,0.01807590567
0.2261344428,0.6744496788,0.0,0.0,0.03180532361,0.05546761757,0.01214293728
0.1893204681,0.7711048906,0.0,0.0,0.01425984563,0.02307883334,0.002235962368
0.2187353837,0.7273120491,0.0,0.0,0.01702348502,0.03233471282,0.004594369376
0.1721295222,0.7837234824,0.0,0.0,0.007794919525,0.03181422526,0.004537850641
0.1566413278,0.7398937782,0.0,0.0,0.03888416803,0.04826476992,0.01631595607
0.2142808597,0.7295322592,0.0,0.0,0.02757237196,0.0168308772,0.01178363199
0.1878131803,0.7458287919,0.0,0.0,0.03130822049,0.02547487483,0.009574932411
0.1780678944,0.7386805238,0.0,0.0,0.02494177937,0.03980629952,0.01850350293
0.1671616693,0.7467287666,0.0,0.0,0.02858726996,0.04946874977,0.00805354435
0.2031528966,0.743722141,0.0,0.0,0.03699728482,0.01495078426,0.001176893276
0.2298935254,0.7382045509,0.0,0.0,0.02149410174,0.006882400203,0.003525421705
0.1525841448,0.7490267165,0.0,0.0,0.03435225241,0.05816483569,0.005872050532
0.2172457655,0.6965410129,0.0,0.0,0.01964043199,0.06044819287,0.006124596767
0.1994784489,0.7323236617,0.0,0.0,0.003566304698,0.05572180124,0.008909783486
0.1792450447,0.7990847545,0.0,0.0,0.01208726843,0.009000215112,0.000582717198
0.2393934762,0.6714059944,0.0,0.0,0.03839948442,0.04672512485,0.004075920134
0.1830069865,0.7583649676,0.0,0.0,0.0162501513,0.03145818318,0.01091971143
0.188373308,0.7493883907,0.0,0.0,0.0097481179,0.03467051212,0.01781967134
0.2117018927,0.7188725,0.0,0.0,0.01395985019,0.04081702304,0.01464873406
0.1673524285,0.7922170368,0.0,0.0,0.002103721601,0.02459025971,0.01373655341
0.1659187291,0.7565623255,0.0,0.0,0.03188245202,0.03928187006,0.006354623328
0.2198475548,0.7298856086,0.0,0.0,0.02288947065,0.02435677343,0.003020592426
0.1962594261,0.747344443,0.0,0.0,0.03910755655,0.01661376135,0.0006748129479
0.1815398482,0.7378653777,0.0,0.0,0.02519143129,0.0469691482,0.008434194546
0.2450043099,0.7286404583,0.0,0.0,0.008070457544,0.002999929346,0.01528484488
0.1717655449,0.731283752,0.0,0.0,0.02191326399,0.05840843914,0.01662899996
0.2052440725,0.743406292,0.0,0.0,0.03316658192,0.006962446386,0.01122060724
0.2355013225,0.7069222157,0.0,0.0,0.02982415702,0.01459998016,0.01315232462
0.1532984508,0.7465760822,0.0,0.0,0.03538882752,0.05020962222,0.01452701724
0.2314207561,0.722073304,0.0,0.0,0.02247254095,0.01542462698,0.008608772001
0.2072074776,0.7265139241,0.0,0.0,0.03619098646,0.02351474899,0.006572862867
0.1727929535,0.7553757277,0.0,0.0,0.02942733028,0.03983133081,0.002572657711
0.180471217,0.7321969102,0.0,0.0,0.02374501213,0.05018558111,0.01340127954
0.1949994886,0.7434606907,0.0,0.0,0.03254765629,0.01436474794,0.01462741645
0.2206108252,0.7300603394,0.0,0.0,0.02690047314,0.005941434754,0.01648692752
0.1600384202,0.7311144683,0.0,0.0,0.0394318998,0.05853543009,0.01087978161
0.1721118905,0.7994794815,0.0,0.0,0.009493269918,0.01024085762,0.008674500444
0.2076827493,0.7232361223,0.0,0.0,0.0152311639,0.05278826799,0.001061696498
0.1873357919,0.7918713966,0.0,0.0,0.01284758392,0.001973333396,0.005971894183
0.2380434644,0.6725054101,0.0,0.0,0.03064814673,0.04160062935,0.01720234937
0.1735719191,0.7672117747,0.0,0.0,0.0195233641,0.02495703691,0.01473590519
0.1997370273,0.7406125055,0.0,0.0,0.005240538809,0.04084203875,0.01356788961
0.2270215234,0.7183870001,0.0,0.0,0.0120493064,0.03164744078,0.01089472933
0.1586515898,0.7863181315,0.0,0.0,0.002764800389,0.0343208806,0.01794459776
0.151989898,0.7590657594,0.0,0.0,0.01352700454,0.06211981408,0.013297524
0.2368740863,0.7404264203,0.0,0.0,0.002500327817,0.005041905938,0.0151572596
0.2006735613,0.751753275,0.0,0.0,0.01620564521,0.01358113937,0.01778637904
0.1722792492,0.7548200811,0.0,0.0,0.00996212376,0.05243608657,0.01050245938
0.2487769292,0.708528847,0.0,0.0,0.02149342587,0.008824921252,0.01237587673
0.1845403184,0.772950569,0.0,0.0,0.003279640881,0.03740612058,0.001823351138
0.1931006685,0.7592933095,0.0,0.0,0.01245848824,0.02772904647,0.007418487205
0.2182708577,0.7517176126,0.0,0.0,0.006013003216,0.01887855174,0.005119974719
0.1635241458,0.7659159767,0.0,0.0,0.02004864734,0.04616830497,0.004342925141
0.1647644501,0.7592282514,0.0,0.0,0.02948291801,0.02988817944,0.01663620104
0.215257938,0.7038351402,0.0,0.0,0.03587694009,0.03391460612,0.01111537564
0.1907668571,0.734929986,0.0,0.0,0.0215951643,0.04327438792,0.009433604653
0.1846011787,0.7417356045,0.0,0.0,0.03360797901,0.02129394001,0.01876129773
0.2366481921,0.693051134,0.0,0.0,0.01059447121,0.05409655895,0.005609643697
0.2478187276,0.6777454769,0.0,0.0,0.01671829152,0.04429366519,0.01342383884
0.1781330361,0.7716615704,0.0,0.0,0.03933911448,0.002989597781,0.007876681229
0.2011373375,0.71311924,0.0,0.0,0.02524140019,0.05892557592,0.001576446375
0.2242535632,0.6908460972,0.0,0.0,0.03141107454,0.04992202827,0.003567236839
0.1657892787,0.7941576194,0.0,0.0,0.02341046184,0.01110488248,0.005537757556
0.1612674909,0.7791942367,0.0,0.0,0.02623647256,0.02290960892,0.01039219089
0.2234353528,0.679323982,0.0,0.0,0.04038806784,0.03999849379,0.01685410356
0.2021828867,0.724560383,0.0,0.0,0.02367121444,0.03427723612,0.01530827971
0.1746388756,0.7501972323,0.0,0.0,0.03261293564,0.03021640924,0.01233454721
0.2366046625,0.6982381126,0.0,0.0,0.01863258823,0.03655938672,0.0099652499
0.1857945153,0.7622740525,0.0,0.0,0.03597589408,0.011633793,0.004321745124
0.1917196857,0.7226541152,0.0,0.0,0.02968578948,0.05133936168,0.004601047993
0.2070620516,0.6954509241,0.0,0.0,0.0332623891,0.05741600416,0.006808631014
0.1758510281,0.7950963638,0.0,0.0,0.0227506623,0.004069004028,0.002232941795
0.1605960022,0.7539000891,0.0,0.0,0.01175166002,0.0546984175,0.01905383109
0.2198225448,0.7551451225,0.0,0.0,0.003136783817,0.01233536254,0.009560186357
0.1952377906,0.7690014943,0.0,0.0,0.01934932414,0.004156335311,0.01225505566
0.1766752584,0.7391762336,0.0,0.0,0.005536336756,0.06216967207,0.01644249917
0.208409516,0.756934332,0.0,0.0,0.01310386061,0.01793404157,0.003618249835
0.2271088439,0.7371932397,0.0,0.0,0.009085407539,0.02547912721,0.001133381693
0.1593844371,0.7772242516,0.0,0.0,0.01578403422,0.03933564695,0.008271630121
0.160592795,0.7871390268,0.0,0.0,0.02248116418,0.01369925316,0.01608776086
0.214506958,0.690789921,0.0,0.0,0.03369399955,0.04894314903,0.01206597247
0.1938790367,0.708333064,0.0,0.0,0.02958863272,0.05824506656,0.009954200099
0.1716685335,0.7684393054,0.0,0.0,0.03704839908,0.004898239926,0.01794552214
0.2428895166,0.6691511237,0.0,0.0,0.01457389652,0.05971714811,0.0136683151
0.1825351623,0.7589959891,0.0,0.0,0.03241984165,0.0187860989,0.00726290806
0.1872554323,0.7422800672,0.0,0.0,0.02364565637,0.04502936828,0.001789475784
0.2087131984,0.712506723,0.0,0.0,0.03936941348,0.03534833879,0.004062326353
0.164596283,0.7762716768,0.0,0.0,0.02615685362,0.02777226791,0.005202918723
0.168312258,0.7599652243,0.0,0.0,0.01530022614,0.04432252007,0.01209977155
0.2184369974,0.7349808361,0.0,0.0,0.009372473834,0.02130523538,0.01590445729
0.1971755137,0.7412395399,0.0,0.0,0.01305723174,0.02976942711,0.01875828755
0.2419424257,0.7162621828,0.0,0.0,0.02447575245,0.01415655865,0.003163080482
0.1771008448,0.7618597438,0.0,0.0,0.005302659473,0.05401120337,0.001725548538
0.2100988512,0.7517230694,0.0,0.0,0.01965026372,0.01093306332,0.00759475233
0.2442294383,0.7448664657,0.0,0.0,0.002598354327,0.003238590143,0.005067151453
0.15829983,0.7632442635,0.0,0.0,0.01163624332,0.06283035139,0.003989311791
0.1592087617,0.7641404633,0.0,0.0,0.01991360181,0.03790760149,0.01882957164
0.2350598674,0.7217342916,0.0,0.0,0.006107999043,0.0273280163,0.009769825748
0.2098302524,0.7451990094,0.0,0.0,0.01236170401,0.02033632201,0.0122727122
0.1754002261,0.7588680954,0.0,0.0,0.003771060653,0.0458493516,0.01611126624
0.2399981045,0.7004422851,0.0,0.0,0.02765483801,0.01561625607,0.01628851633
0.1844283649,0.7391807716,0.0,0.0,0.009662555978,0.06203393689,0.004694370557
0.2008836254,0.7757915491,0.0,0.0,0.01644474216,0.002392742509,0.004487340795
0.1644606933,0.7588308384,0.0,0.0,0.01359374092,0.05574943639,0.007365290896
0.1696828155,0.7911739883,0.0,0.0,0.02305092879,0.006003482012,0.01008878536
0.2000310513,0.6932243962,0.0,0.0,0.03188100097,0.05729030973,0.01757324175
0.1850514368,0.7228655733,0.0,0.0,0.0255282437,0.05063428679,0.01592045945
0.1791449937,0.7547874869,0.0,0.0,0.0397983262,0.01404273293,0.01222646025
0.2459573046,0.7066988973,0.0,0.0,0.01669412009,0.02995125441,0.0006984235651
0.1730892563,0.7621707499,0.0,0.0,0.03276105215,0.0282099548,0.003768986852
0.1982365029,0.738409125,0.0,0.0,0.02196852505,0.03575395655,0.005631890479
0.2205480925,0.6949830869,0.0,0.0,0.03514874552,0.04192402689,0.007396048137
0.1590158055,0.7901668082,0.0,0.0,0.0292091752,0.02028138092,0.001326830203
0.1510453997,0.7471020795,0.0,0.0,0.03946984467,0.05582092635,0.006561749746
0.2306630741,0.7321483979,0.0,0.0,0.02602566263,0.008672616025,0.002490249335
0.1665639461,0.7372580784,0.0,0.0,0.02337887192,0.06375452809,0.009044575532
0.1738813006,0.7365662753,0.0,0.0,0.03038780803,0.04151265818,0.01765195792
0.1904578055,0.7396105251,0.0,0.0,0.0362222035,0.02322512724,0.01048433867
0.2081258118,0.7260319103,0.0,0.0,0.02262964607,0.03065511244,0.01255751937
0.1626115057,0.7544236242,0.0,0.0,0.03370184601,0.03394955906,0.01531346505
0.1746448672,0.8016707325,0.0,0.0,0.002942512479,0.01755184182,0.003190046002
0.2183714834,0.7179559047,0.0,0.0,0.01147382572,0.04609692841,0.006101857846
0.1955159522,0.7503733453,0.0,0.0,0.005700362198,0.03983475674,0.008575583552
0.1898615135,0.765494032,0.0,0.0,0.01910414345,0.02496323198,0.0005770791015
0.2328512963,0.6703708707,0.0,0.0,0.03637928486,0.04934171792,0.01105683027
0.179290377,0.7799934252,0.0,0.0,0.01334934462,0.01563299839,0.01173385486
0.2235421305,0.6917340246,0.0,0.0,0.01563655266,0.05550369642,0.01358359586
0.1677873203,0.8012602313,0.0,0.0,0.009154966705,0.00710313974,0.01469434187
0.1643089619,0.7960411606,0.0,0.0,0.002337470227,0.02763371777,0.009678689476
0.2046699633,0.7370182511,0.0,0.0,0.01006476688,0.04577392954,0.002473089177
0.181581755,0.7769710483,0.0,0.0,0.01610287912,0.01822689643,0.007117421095
0.2418238928,0.6483829943,0.0,0.0,0.03835373887,0.05541273325,0.01602664076
0.2297328572,0.6889928174,0.0,0.0,0.03481294594,0.03957821156,0.0068831679
0.189407328,0.7745613229,0.0,0.0,0.0128274099,0.007924051142,0.01527988802
0.1935252897,0.7320157917,0.0,0.0,0.003500256682,0.05752705116,0.01343161081
0.2124923644,0.7100753657,0.0,0.0,0.01999940701,0.04697333791,0.01045952497
0.1731607602,0.7858569494,0.0,0.0,0.005891491819,0.01708724881,0.01800354976
0.1568067169,0.7433311087,0.0,0.0,0.03490146785,0.06390662921,0.001054077372
0.1909716331,0.7615807445,0.0,0.0,0.0334653991,0.008115738776,0.005866484544
0.1790979499,0.7403788778,0.0,0.0,0.02145236469,0.05584784423,0.003222963362
0.1697029953,0.7556220565,0.0,0.0,0.02597522024,0.03495906579,0.01374066221
0.1960538784,0.7209768471,0.0,0.0,0.03937411652,0.02957295569,0.01402220224
0.2236215269,0.7148041318,0.0,0.0,0.02341571867,0.02185068813,0.01630793453
0.1542138908,0.7595249582,0.0,0.0,0.03157805973,0.04312647762,0.01155661364
0.1700382982,0.611362941,0.117024483,0.0,0.03359451569,0.06531839367,0.002661368503
0.2224354993,0.6040177942,0.135412902,0.0,0.007262879021,0.01333771367,0.01753321178
0.1699517419,0.5405005351,0.1988669205,0.0,0.03235583347,0.05648279853,0.001842170507
0.1641375878,0.7075210303,0.05283828437,0.0,0.03883846623,0.03164987069,0.005014760664
0.2055972764,0.6952378595,0.01520965577,0.0,0.02525012113,0.0441034614,0.01460162579
0.2074717944,0.4788640064,0.2534424741,0.0,0.02297019735,0.03285808138,0.004393446267
0.2353318139,0.6993263954,0.03920664315,0.0,0.002546720155,0.02304850187,0.0005399255084
0.1292830729,0.4969148926,0.2637857412,0.0,0.04387071207,0.04241794937,0.02372763196
0.1499691399,0.7067259454,0.08588519757,0.0,0.02777067316,0.01561748381,0.01403156012
0.1889733864,0.7505828473,0.03327689485,0.0,0.01219334321,0.005457728212,0.009515799977
0.1706658656,0.4849913857,0.24077957,0.0,0.03061778214,0.06142460281,0.01152079373
0.1586600992,0.5246809034,0.2866554233,0.0,0.01076785208,0.01243650001,0.006799222071
0.1617124387,0.6766751529,0.09943156389,0.0,0.01880271201,0.04108858198,0.002289550522
0.1213867866,0.5314552176,0.240542192,0.0,0.01574122763,0.07271995285,0.01815462334
0.2230615415,0.6701610512,0.06782993842,0.0,0.005025028608,0.02250621767,0.01141622262
0.2301917641,0.5020149672,0.178031954,0.0,0.04418928063,0.03701802705,0.008554006957
0.2212504306,0.5739144563,0.1248220336,0.0,0.02435984281,0.04874407635,0.006909160331
0.1671175954,0.6209569736,0.1490398842,0.0,0.01896980058,0.0301842987,0.01373144742
0.1565449449,0.7576262583,0.004251983939,0.0,0.005905339996,0.05655036011,0.01912111275
0.2355149233,0.4652680343,0.2572905639,0.0,0.03675869396,0.003927090401,0.001240694193
0.1378264981,0.6584882546,0.1480979981,0.0,0.004619033324,0.04480387491,0.006164341024
0.2081904667,0.76011136,0.008776782789,0.0,0.01327581899,0.008273493739,0.001372077817
0.1587179409,0.4029686948,0.3021230818,0.0,0.03337021319,0.08125314508,0.02156692415
0.1871693781,0.5739189714,0.2235543464,0.0,0.005957603917,0.00597636508,0.003423335128
0.1566666239,0.6960011919,0.07460233105,0.0,0.01723197712,0.04630687152,0.009191004574
0.1186947445,0.5039030598,0.275512199,0.0,0.01471047127,0.0707212497,0.0164582758
0.2260603262,0.6273273131,0.08192298199,0.0,0.02502620902,0.03582973488,0.003833434811
0.1532195465,0.5992579663,0.1834469874,0.0,0.02082597482,0.02525098436,0.01799854066
0.1571595454,0.7124273045,0.04546188753,0.0,0.00981358919,0.06317224247,0.01196543086
0.1210156356,0.5633324906,0.2488688598,0.0,0.02811093857,0.03613551713,0.002536558244
0.1703697394,0.6429401572,0.09255300956,0.0,0.03477913513,0.05319764153,0.006160317175
0.1993596373,0.5804402814,0.1876412037,0.0,0.009055411849,0.007813848388,0.0156896173
0.2583129218,0.6125047461,0.09746211352,0.0,0.01154613983,0.0104779462,0.009696132633
0.1666778157,0.5732029256,0.15222801,0.0,0.02748768304,0.07028938959,0.01011417608
0.1804081888,0.7343147668,0.02772490114,0.0,0.03710805864,0.01694819999,0.003495884695
0.1325589239,0.5791018827,0.2128750977,0.0,0.03771023444,0.01576141672,0.02199244457
0.2063551181,0.67048712,0.05441746815,0.0,0.02213357849,0.03425560867,0.0123511066
0.2391710331,0.49382021,0.215206376,0.0,0.01839936731,0.02577175196,0.007631261592
0.13036091,0.4611690624,0.2911333208,0.0,0.0452661304,0.05854877408,0.01352180236
0.1962356739,0.6876817603,0.04778470194,0.0,0.02759497241,0.02319254571,0.01751034575
0.1980872928,0.5310258994,0.2174733572,0.0,0.01228003533,0.03976325142,0.001370163814
0.1407544446,0.4527154724,0.3099924849,0.0,0.04071746053,0.03493042077,0.02088971674
0.1458710766,0.6330548516,0.1195067687,0.0,0.02652701816,0.06383403599,0.01120624905
0.1272209788,0.5215778872,0.2544327119,0.0,0.03405045161,0.05478998982,0.007927980726
0.2240215598,0.5246550166,0.1718060315,0.0,0.002873719894,0.05617587456,0.02046779763
0.2033622706,0.586100275,0.1115680325,0.0,0.01669354959,0.0661843079,0.01609156439
0.1647570514,0.6271272306,0.1679533457,0.0,0.02278082818,0.0127340276,0.004647516533
0.1581956392,0.7410165986,0.02004174239,0.0,0.03198504013,0.04133693983,0.007424039819
0.1675416562,0.6504105014,0.1067813067,0.0,0.006664940876,0.05368256957,0.01491902528
0.2061164159,0.5788172923,0.1478908934,0.0,0.03384584986,0.02722531257,0.006104235927
0.2454237365,0.6065629913,0.08822476622,0.0,0.03061858924,0.02037575678,0.008794159925
0.1717227535,0.5741231763,0.1853850453,0.0,0.01523082322,0.04244011828,0.01109808346
0.1773518768,0.7469691941,0.03758185472,0.0,0.004883394085,0.01636594542,0.01684773491
0.1478420661,0.6617028904,0.1574250463,0.0,0.01036557389,0.02169452176,0.0009699015404
0.2074441657,0.4595927032,0.2802249054,0.0,0.02725963937,0.01070761834,0.014770968
0.1515456938,0.7290339375,0.06779064332,0.0,0.01217208964,0.03437247353,0.005085162153
0.2530914462,0.4753910889,0.1818965647,0.0,0.03020800116,0.04409044916,0.01532244985
0.1213220112,0.5906623066,0.2329056828,0.0,0.02195175377,0.01977350852,0.01338473716
0.1801016219,0.6752655419,0.0782570769,0.0,0.01077448476,0.0381239302,0.01747734434
0.2079038825,0.5332512732,0.1929797555,0.0,0.03893197557,0.02410979791,0.002823315198
0.1931197207,0.5866338066,0.1345673043,0.0,0.01340709958,0.05282341025,0.01944865855
0.1468183569,0.6099945353,0.1888976595,0.0,0.006396246785,0.03884048548,0.009052715927
0.2085926671,0.682865574,0.03740371815,0.0,0.01729348888,0.05025874619,0.003585805687
0.2047471184,0.4937567943,0.2511777915,0.0,0.02556513096,0.007096604182,0.0176565606
0.2368230439,0.6799721615,0.01615386643,0.0,0.0403981544,0.009111119537,0.01754165422
0.1512057765,0.6910197651,0.113953867,0.0,0.01389875179,0.02307842589,0.006843413806
0.1234374978,0.5857008028,0.165041164,0.0,0.04281832706,0.06482072111,0.01818148727
0.1861656494,0.7209863219,0.02421049464,0.0,0.03080629602,0.02790912128,0.009922116776
0.1602418347,0.4708362955,0.2828629042,0.0,0.01734256537,0.05707638363,0.0116400167
0.151666796,0.5173017419,0.2473245685,0.0,0.03772751529,0.02989022006,0.01608915822
0.1592975365,0.6425563695,0.09166474286,0.0,0.02225907519,0.06564744017,0.01857483572
0.1174148118,0.5022779276,0.2940063074,0.0,0.03049773373,0.05047421969,0.005328999826
0.1955868113,0.6162886818,0.1272936137,0.0,0.04028971777,0.01203573474,0.008505440724
0.227234078,0.6245700027,0.06747583822,0.0,0.02013727115,0.04891281093,0.01166999898
0.1660224379,0.5921065655,0.1975064971,0.0,0.02749197471,0.009230493581,0.007642031205
0.1445164026,0.7142636903,0.06014643729,0.0,0.03372170333,0.0464092568,0.0009425096877
0.2527861886,0.4720367121,0.2130493921,0.0,0.009246901814,0.03294626717,0.01993453813
0.125325988,0.6219559919,0.1812309899,0.0,0.01501081042,0.03519981776,0.02127640206
0.1964336343,0.7059144601,0.02261664648,0.0,0.004504860096,0.05639512294,0.01413527614
0.1554080841,0.4866911079,0.2537011812,0.0,0.01926055081,0.07255597745,0.01238309866
0.1631086726,0.6932605301,0.09242131147,0.0,0.005692035805,0.02708405338,0.01843339664
0.1842659854,0.6321471833,0.1198102671,0.0,0.01355317845,0.04322883206,0.006994553572
0.2490509864,0.5617774072,0.1283271374,0.0,0.02983393965,0.01788423228,0.01312629714
0.2148728219,0.6372038542,0.06979830867,0.0,0.03663849692,0.03010093735,0.01138558093
0.1456187407,0.5599126577,0.221517093,0.0,0.01104603047,0.05299318954,0.008912288571
0.1602730163,0.7573591739,0.05086290093,0.0,0.01926586094,0.007886982741,0.004352065128
0.1166167583,0.5352392214,0.2477032951,0.0,0.03869636688,0.04502770162,0.01671665674
0.1755320058,0.6962060218,0.06732423025,0.0,0.02608357733,0.01715899926,0.01769516557
0.1876546694,0.5337158303,0.1911787383,0.0,0.02111778361,0.06434915962,0.001983818766
0.1851765711,0.6025263393,0.1504595894,0.0,0.04097240245,0.003455730884,0.01740936684
0.1784400901,0.7365099355,0.003412571082,0.0,0.02539180779,0.04689124661,0.00935434887
0.1309577796,0.5806857836,0.1940358133,0.0,0.02391633843,0.06207270992,0.008331575109
0.2220882883,0.678916717,0.03425019411,0.0,0.03313165332,0.03086782551,0.0007453217139
0.2219345615,0.4731361847,0.228693929,0.0,0.008251428081,0.04733847148,0.02064542519
0.2535089565,0.6571331759,0.02509714372,0.0,0.01528401285,0.03524176292,0.01373494808
0.1385612876,0.5156685038,0.2800525211,0.0,0.03514766684,0.02477065606,0.005799364608
0.1320313054,0.6402643675,0.1085127126,0.0,0.04054633084,0.06999513143,0.008650152219
0.1826205264,0.6685303205,0.111524601,0.0,0.0225817231,0.00317434636,0.01156848275
0.2144384642,0.5415364982,0.1593312854,0.0,0.01671113003,0.05858089001,0.009401732183
0.1811891426,0.5658300265,0.1779545472,0.0,0.04282116928,0.01666523679,0.01553987767
0.1582458554,0.7114314309,0.0432790992,0.0,0.03030607288,0.03811588505,0.01862165657
0.1456604461,0.610674275,0.1397291806,0.0,0.02685876817,0.07310840227,0.003968927874
0.2149127598,0.7126499551,0.01315034058,0.0,0.03423755067,0.0180274612,0.007021932623
0.1813336547,0.4531360118,0.2935344922,0.0,0.009845982431,0.04780135635,0.01434850247
0.2336743808,0.651675442,0.04887398155,0.0,0.01160361153,0.04200709435,0.01216548979
0.1435687611,0.560114018,0.2222695309,0.0,0.02972588862,0.03720193967,0.007119861728
0.1298828593,0.604838847,0.2103018221,0.0,0.01359521882,0.028961972,0.01241928079
0.1852146178,0.5374563243,0.2192542005,0.0,0.04025777393,0.0141768084,0.003640275051
0.1292582438,0.4522958247,0.3011623617,0.0,0.02152214996,0.07359065979,0.02217076006
0.1570145388,0.6467421922,0.1397852976,0.0,0.0100653081,0.03104091661,0.0153517466
0.1333798542,0.5762271714,0.2647210328,0.0,0.005883781711,0.009274276779,0.01051388311
0.2017092658,0.6431929042,0.08986382476,0.0,0.01448918799,0.04633584289,0.004408974356
0.2396409513,0.5084023323,0.1743494819,0.0,0.03181161532,0.0306741721,0.01512144718
0.2284764887,0.6080096162,0.09375837701,0.0,0.03370486834,0.01764456528,0.01840608448
0.1731264502,0.6100913217,0.1635917368,0.0,0.006551672418,0.04549632919,0.001142489579
0.1587303524,0.778586931,0.02670824061,0.0,0.01781397744,0.01117930932,0.006981189287
0.229553121,0.4096648697,0.2508114127,0.0,0.02603821091,0.07059127422,0.01334111153
0.1881311733,0.6691877576,0.08276689373,0.0,0.01988435076,0.03097412044,0.009055704174
0.2047672731,0.5389310047,0.1703256982,0.0,0.02623906497,0.0484346981,0.01130226093
0.1690771409,0.7353713428,0.01854612068,0.0,0.01202528168,0.06347042165,0.00150969229
0.1371885564,0.5610263133,0.2209468856,0.0,0.01948790938,0.04281004428,0.01854029096
0.2046423022,0.7093512783,0.05425258609,0.0,0.005769491618,0.01376581476,0.01221852696
0.2073514846,0.4859875785,0.1984820657,0.0,0.03402038691,0.06589713731,0.008261347022
0.2295925672,0.6729569303,0.01118734213,0.0,0.02816211952,0.05247999531,0.005621045497
0.1394890057,0.6454671646,0.1338622705,0.0,0.004239412366,0.05467158089,0.02227056589
0.1425322968,0.6500280606,0.1527993576,0.0,0.0333019495,0.01053010751,0.01080822795
0.185516314,0.7292076309,0.006747836756,0.0,0.03858866654,0.0369751851,0.002964366653
0.1753408971,0.4831130939,0.2933095363,0.0,0.004234315018,0.02418339547,0.01981876232
0.2537907248,0.6257937321,0.0563314893,0.0,0.01717568102,0.03052197978,0.01638639299
0.159812024,0.5346224833,0.2292384788,0.0,0.02374428822,0.04997358109,0.002609144596
0.1692610212,0.7152679697,0.07098822155,0.0,0.03384453652,0.004859524846,0.005778726229
0.1959168888,0.6060797905,0.09821446602,0.0,0.02722417378,0.05750538645,0.01505929447
0.2589126663,0.5751751499,0.1474825833,0.0,0.0115521731,0.002341078686,0.004536348696
0.2506857083,0.6413360755,0.08354027995,0.0,0.008592756349,0.0147339218,0.001111258134
0.1459747442,0.5301118601,0.1963762705,0.0,0.03685349547,0.06919189262,0.02149173705
0.157471558,0.747971312,0.03510237252,0.0,0.02480674698,0.02188095339,0.01276705719
0.2424501436,0.469118467,0.2189786109,0.0,0.02228001386,0.03984365551,0.007329109204
0.1334977044,0.6434932708,0.1849288862,0.0,0.02937648389,0.00699978201,0.001703872719
0.1855140552,0.6842306084,0.04518507491,0.0,0.03820810503,0.04163049869,0.005231657739
0.1907705075,0.5000901985,0.2507089511,0.0,0.002485967754,0.03876544285,0.01717893232
0.1624716185,0.4912687081,0.2618939253,0.0,0.02888052788,0.04514897778,0.01033624242
0.1544704452,0.6804324154,0.1156208347,0.0,0.03596312051,0.01031116686,0.003202017365
0.1301944899,0.5412086778,0.2335424988,0.0,0.04433397241,0.02786259135,0.0228577697
0.1921428347,0.6316522955,0.07328706937,0.0,0.0305520173,0.05926390138,0.01310188181
0.2231012518,0.5358904627,0.2004002901,0.0,0.01604207135,0.01750780219,0.00705812193
0.227131892,0.6392276156,0.1142224395,0.0,0.007521367389,0.004254036552,0.007642648884
0.1496383688,0.5984573948,0.1448253893,0.0,0.03427626333,0.06001417052,0.01278841328
0.1649022571,0.7616428244,0.01014226289,0.0,0.02071402729,0.0268591988,0.01573942947
0.2433520801,0.4117090642,0.2685809557,0.0,0.01839604928,0.05351743625,0.00444441443
0.1723804979,0.6578472403,0.1284859375,0.0,0.01889330707,0.02019624578,0.002196771448
0.191552161,0.5744766658,0.1476667967,0.0,0.02462714025,0.04318311133,0.01849412495
0.1702297008,0.5789696459,0.2057621524,0.0,0.005197825718,0.03575090945,0.004089765699
0.1719491069,0.6925733116,0.05998652225,0.0,0.01384708097,0.05207961912,0.009564359089
0.1414934771,0.6060468348,0.1642500778,0.0,0.01995624235,0.05399343683,0.01425993105
0.217170802,0.4398276168,0.2423214366,0.0,0.03878205339,0.06123271094,0.0006653802804
0.2389146579,0.6422396708,0.03189801106,0.0,0.02725933413,0.05558235112,0.004105975048
0.1509127109,0.5467255902,0.2533678215,0.0,0.0135882101,0.01704321936,0.018362448
0.123709403,0.6168868484,0.2008114366,0.0,0.02651271088,0.01170256382,0.02037703727
0.1914610229,0.6920022637,0.03452732818,0.0,0.034956341,0.03700487041,0.01004817379
0.1942415454,0.5239007792,0.2373279406,0.0,0.01080674563,0.02378385135,0.009939137838
0.1497088966,0.4745010631,0.2745574317,0.0,0.03183657371,0.05200997734,0.01738605752
0.1564692825,0.6715331504,0.1074711616,0.0,0.03893742135,0.006359235165,0.01922974894
0.1372977532,0.5520924226,0.2381533273,0.0,0.03574108105,0.03167964778,0.005035768068
0.1940721428,0.658730356,0.06236307725,0.0,0.02315240516,0.05421582496,0.007466193855
0.2344409029,0.538176228,0.1904339665,0.0,0.02001692399,0.004259703531,0.01267227507
0.2093110162,0.6262841535,0.1279134218,0.0,0.004965919872,0.01727809497,0.01424739364
0.1532772706,0.5859783852,0.1464796158,0.0,0.04322820714,0.06389436536,0.007142155853
0.2501538473,0.4029459056,0.2695851711,0.0,0.01586986213,0.04015733588,0.02128787794
0.1623765527,0.6479676105,0.1222187775,0.0,0.01547910588,0.03412527843,0.017832675
0.2051986428,0.5793275079,0.1346904484,0.0,0.03164562594,0.04566915517,0.003468619724
0.1696130544,0.5590772327,0.2204454545,0.0,0.007989926041,0.02257742479,0.02029690752
0.1657494499,0.6904263353,0.04844284175,0.0,0.01613955279,0.06522629142,0.01401552891
0.1420929437,0.6249406535,0.1719777884,0.0,0.01227243763,0.0393696813,0.009346495501
0.2392380542,0.7218143132,0.01929168905,0.0,0.002286483857,0.01292436651,0.004445093183
0.1973511232,0.4279079919,0.2461693796,0.0,0.04323304357,0.06868754353,0.01665091823
0.2384862914,0.623531523,0.04252650634,0.0,0.02543965809,0.05297764486,0.01703837631
0.152854312,0.5648651261,0.2556444101,0.0,0.02351386229,0.002160799781,0.0009614898022
0.1444387797,0.697127818,0.09002582378,0.0,0.009235802743,0.05139066605,0.007781109799
0.2565391828,0.5100157923,0.1559582668,0.0,0.03696511087,0.02808226403,0.01243938317
0.1859019954,0.6767643896,0.0930855885,0.0,0.01109820312,0.01813513538,0.01501468801
0.2089580027,0.5327917449,0.1803930588,0.0,0.02835569113,0.0441841668,0.00531733564
0.1925398706,0.5939495523,0.1595244701,0.0,0.00906740806,0.03307350994,0.01184518905
0.1625509894,0.7239744847,0.02383520781,0.0,0.01993386801,0.05296553252,0.01673991749
0.1915411537,0.4709614973,0.2161301832,0.0,0.04375721052,0.06367068922,0.01393926606
0.2408408259,0.6652970646,0.006741964373,0.0,0.02099457928,0.05552253301,0.01060303289
0.1327594082,0.5209510724,0.2996236674,0.0,0.01977048424,0.01716785511,0.009727512759
0.1461590564,0.6655926676,0.136243023,0.0,0.00818843258,0.03964845187,0.004168368628
0.1438604986,0.6669643536,0.144304439,0.0,0.02410665494,0.005153239048,0.01561081478
0.1888329942,0.7105436468,0.01133177224,0.0,0.030792045,0.04158960802,0.01690993371
0.1657112251,0.484229537,0.3006613494,0.0,0.006431273686,0.03998500344,0.002981611402
0.1532404957,0.5298103502,0.2194509069,0.0,0.03244025935,0.04631277753,0.01874521031
0.1691454627,0.6902624688,0.07837078734,0.0,0.04190098418,0.009689905803,0.01063039123
0.121004906,0.5271035225,0.2765011605,0.0,0.04097901577,0.02603217422,0.008379220993
0.1917766007,0.6191788377,0.1025645522,0.0,0.02468679025,0.06076643355,0.001026785672
0.2546104531,0.5309236163,0.1586092347,0.0,0.02101679899,0.01578281919,0.01905707777
0.1577917475,0.5602005902,0.1753534752,0.0,0.03992831035,0.06197291799,0.004752958737
0.1508826276,0.7435184285,0.04185127618,0.0,0.0284816528,0.02671337171,0.008552643214
0.249069612,0.4379693757,0.2334795971,0.0,0.01396131834,0.05338894074,0.01213115614
0.1884503513,0.66279325,0.09781105216,0.0,0.03036036114,0.01553999461,0.005044990736
0.2040077117,0.544347824,0.1569752979,0.0,0.01528376025,0.06451583739,0.01486956871
0.1819523835,0.5813878398,0.1879784628,0.0,0.0353602647,0.003477524847,0.00984352433
0.1678286483,0.7261579495,0.03130462208,0.0,0.02264660235,0.04960711157,0.002455066152
0.1444927822,0.5939416577,0.1499755884,0.0,0.02926430069,0.06066653755,0.02165913351
0.2043163666,0.713185711,0.005350219773,0.0,0.03565280906,0.02947706608,0.01201782742
0.2251133863,0.6512557727,0.05988875685,0.0,0.01862027438,0.03768638898,0.007435420738
0.1458482217,0.5536618015,0.235595408,0.0,0.02687081918,0.0236383202,0.01438542941
0.1427930666,0.6662425894,0.06924310411,0.0,0.03555569501,0.07018658403,0.01597896084
0.130787742,0.5912446497,0.21597418,0.0,0.02246612901,0.03290374802,0.006623551261
0.1796720324,0.699736963,0.05124923209,0.0,0.008530049344,0.05859318582,0.002218537309
0.1402368698,0.466015671,0.2991753607,0.0,0.01304121334,0.07768381682,0.003847068415
0.1598956353,0.6714579559,0.1288416313,0.0,0.002534338059,0.02661229821,0.01065814126
0.1247028556,0.5595094866,0.2779611187,0.0,0.00774408367,0.01408809281,0.01599436259
0.2049609399,0.6382564961,0.07945242464,0.0,0.01631402929,0.04193992915,0.01907618085
0.2482737465,0.5454065604,0.1642937261,0.0,0.0230441717,0.01778310692,0.001198688369
0.235604809,0.5929223385,0.09854521625,0.0,0.04018469151,0.02844238672,0.004300558022
0.1605716723,0.5892403311,0.1767777803,0.0,0.003282207708,0.05299965796,0.01712835069
0.1637342473,0.7846029938,0.01786430161,0.0,0.01465810199,0.007340571044,0.01179978426
0.2275353802,0.4315960088,0.2425090965,0.0,0.03349664431,0.05575772258,0.009105147655
0.1343771088,0.6525387315,0.1638370037,0.0,0.01752142905,0.02825742284,0.003468304052
0.1895800301,0.7069336998,0.02770079414,0.0,0.00706809531,0.06009092769,0.008626453031
0.186061968,0.481072775,0.2650857055,0.0,0.03847030532,0.01703165002,0.01227759614
0.1668606448,0.5089458636,0.2344558276,0.0,0.01701678352,0.0664374393,0.006283441096
0.159253409,0.7051139246,0.09834969337,0.0,0.003838847492,0.03183043489,0.001613690698
0.1250196286,0.5171350929,0.3180286228,0.0,0.009401664799,0.00977707237,0.02063791859
0.1866773012,0.6090733977,0.1243382809,0.0,0.02055450417,0.04709561857,0.01226089751
0.2321791067,0.5623969247,0.1398406411,0.0,0.02675517139,0.03139734296,0.007430813046
0.2277875271,0.6498318276,0.0611465,0.0,0.03827943994,0.01686438873,0.006090316626
0.1603560895,0.7345563549,0.06032430611,0.0,0.01121361019,0.01320102215,0.02034861723
0.1154140522,0.5461939834,0.2282415392,0.0,0.04082035785,0.05826502541,0.01106504192
0.1837791324,0.7079127405,0.07270193934,0.0,0.0285601073,0.003473464169,0.003572616288
0.1735587999,0.5135372043,0.2158227169,0.0,0.01430427617,0.06405777271,0.01871923005
0.2461505117,0.556897717,0.1109394503,0.0,0.01052329116,0.05856822838,0.01692080143
0.1820003102,0.6231620328,0.137480924,0.0,0.03799518941,0.01727141209,0.002090131505
0.1834120049,0.7435608682,0.008275770972,0.0,0.02384797711,0.03519962845,0.005703750436
0.1339059499,0.5702945413,0.1782372718,0.0,0.03060014159,0.07448235051,0.01247974479
0.2134532835,0.6703488598,0.04209190086,0.0,0.0404448403,0.01947744717,0.01418366829
0.2336050225,0.4788105925,0.2353003998,0.0,0.005004527887,0.04223527651,0.005044180805
0.138807268,0.4975616053,0.2732684901,0.0,0.02610356619,0.0416002422,0.02265882823
0.1307191899,0.6475312971,0.1166926336,0.0,0.03276837335,0.05855757497,0.01373093103
0.1226936085,0.6072953451,0.2471052341,0.0,0.01192300555,0.004795729286,0.006187077519
0.1923323487,0.5273023965,0.189947635,0.0,0.04190923032,0.02882473418,0.01968365526
0.1915464529,0.6022660965,0.1442704743,0.0,0.02105452916,0.03821306283,0.002649384288
0.1822791847,0.778435392,0.006564643619,0.0,0.008162586208,0.01572322514,0.008834968299
0.1489817262,0.602207602,0.2043612023,0.0,0.003640581232,0.02516884448,0.01564004377
0.1962480212,0.6711585122,0.03381475958,0.0,0.0149797279,0.06476759412,0.01903138502
0.2236558103,0.5068468308,0.2238587586,0.0,0.03451905704,0.0105014134,0.0006181298945
0.2369516273,0.6983326594,0.02247152223,0.0,0.03303322529,0.005662333791,0.003548631974
0.1239185946,0.4788542305,0.3006734199,0.0,0.008893594894,0.06779491405,0.01986524605
0.1440518994,0.6822656641,0.1064466961,0.0,0.01744945723,0.03640073378,0.01338554947
0.1289360451,0.5901272514,0.1759277142,0.0,0.03303058917,0.06953053297,0.002447867208
0.1881435861,0.7423710262,0.01798014623,0.0,0.02178445223,0.0243778789,0.005342910364
0.1699477414,0.4867614947,0.2667039555,0.0,0.01996653677,0.04056994469,0.01605032691
0.1535300085,0.5015201231,0.2542144368,0.0,0.04578207847,0.03387297439,0.01108037868
0.1603856351,0.6653206041,0.08327129993,0.0,0.02925119434,0.0586111099,0.003160156632
0.2031740797,0.6189336485,0.1192030644,0.0,0.03774512611,0.008264229735,0.01267985151
0.2582778516,0.5534212856,0.1214729889,0.0,0.01077492561,0.04942410645,0.00662884172
0.2371277115,0.6102937402,0.07104807421,0.0,0.01280177683,0.06080279517,0.007925902136
0.153671091,0.5747705889,0.2127231835,0.0,0.03168232057,0.01382646982,0.01332634613
0.1448415743,0.7039141662,0.05629941243,0.0,0.03759186036,0.0420351923,0.0153177944
0.11578928,0.5562034701,0.2104072761,0.0,0.03822560925,0.06921257846,0.01016178612
0.1902745948,0.6989711494,0.05639432712,0.0,0.02359232063,0.02790360751,0.002864000517
0.1934477732,0.4860342279,0.2262609198,0.0,0.02107132766,0.05408715241,0.01909859898
0.1566829301,0.4861113054,0.2860872921,0.0,0.04186433906,0.02762456469,0.001629568688
0.1396493851,0.6260606268,0.1317146904,0.0,0.02869799158,0.06808575771,0.00579154837
0.1262030297,0.5304287573,0.2522720969,0.0,0.02579024425,0.05111577744,0.01419009436
0.1947247285,0.6493092993,0.09465303073,0.0,0.03343210856,0.01189792533,0.01598290761
0.2144937361,0.5320084786,0.1743939517,0.0,0.006966982073,0.06791854797,0.004218303578
0.1585371393,0.6168001112,0.1631074754,0.0,0.03246686543,0.007625515479,0.0214628932
0.1579779005,0.7123896461,0.03086894262,0.0,0.04060528501,0.04511690969,0.01304131611
0.2657974361,0.445491953,0.2437422122,0.0,0.005386132568,0.03270830353,0.006873962603
0.1195303843,0.5590547961,0.2804765411,0.0,0.01664543246,0.01971764589,0.00457520005
0.1723299812,0.6548599739,0.1188102284,0.0,0.0028568652,0.04092178884,0.01022116246
0.1972475523,0.569865808,0.1574432299,0.0,0.04233603933,0.02259095681,0.01051641371
0.2583553742,0.6033061233,0.07887021068,0.0,0.02169713595,0.02461439488,0.01315676097
0.1657901636,0.576747552,0.1779992847,0.0,0.01720944182,0.05551586863,0.006737689254
0.1844486796,0.75747496,0.04635577424,0.0,0.00700613825,0.002570137136,0.002144310757
0.1483024663,0.6423070405,0.1525129129,0.0,0.00226090445,0.03728204006,0.01733463577
0.217892713,0.69881756,0.01091222255,0.0,0.01097840408,0.05107872534,0.01032037503
0.2161003503,0.4544490595,0.2836181112,0.0,0.03165642553,0.005026590172,0.009149463341
0.2467468265,0.6592717362,0.04450647061,0.0,0.03480254344,0.008225307265,0.006447115935
0.1472559151,0.5173194424,0.2311671054,0.0,0.009872403657,0.07947474879,0.0149103846
0.1458966848,0.7129810187,0.07890660997,0.0,0.02132593886,0.02090020965,0.01998953805
0.1293652789,0.6358910148,0.1634722911,0.0,0.007949907987,0.05117531469,0.01214619249
0.1728037048,0.4566900828,0.279528344,0.0,0.02466259924,0.0630544761,0.003260793091
0.1688356683,0.5471233359,0.2470551655,0.0,0.004443656835,0.01091374704,0.02162842641
0.1599352229,0.6972959448,0.07022147755,0.0,0.01593387257,0.04144198162,0.01517150063
0.1194888312,0.4871094875,0.285985728,0.0,0.02238020361,0.07574787716,0.00928787254
0.1933613014,0.6662745205,0.1048847307,0.0,0.008396480404,0.02276277684,0.004320190066
0.2280994027,0.5392893862,0.1427527522,0.0,0.03635990621,0.03767526286,0.01582328983
0.2074418036,0.6053920612,0.09059792681,0.0,0.02699241422,0.05048799756,0.01908779662
0.1182445256,0.5371067136,0.2695907178,0.0,0.03252032537,0.02209277123,0.02044494644
0.1621482179,0.635598682,0.08776798055,0.0,0.0375686946,0.06686387462,0.01005255029
0.2503877799,0.6127629156,0.1044248987,0.0,0.01988858912,0.006814685756,0.005721131067
0.1681477698,0.565637221,0.1671456606,0.0,0.02645917537,0.05740638643,0.01520378689
0.1711681484,0.7251829004,0.02147194989,0.0,0.03599332958,0.02923589559,0.01694777614
0.2136027654,0.6564560042,0.04787509911,0.0,0.0286789469,0.04562685021,0.007760334172
0.2259133366,0.5064594882,0.2102397062,0.0,0.01494620462,0.03019973769,0.0122415267
0.1288679664,0.4696248522,0.3119579329,0.0,0.03688042188,0.04357281664,0.009096010024
0.1452314418,0.6928336585,0.1229275012,0.0,0.02376519245,0.01425532379,0.0009868822495
0.1589377615,0.5892159081,0.133887133,0.0,0.04330136588,0.05507173433,0.01958609719
0.2348252604,0.6111983502,0.1387138176,0.0,0.005353995035,0.008043615936,0.001864960859
0.1713255841,0.5162152092,0.1970015714,0.0,0.02545006444,0.07126294643,0.01874462439
0.1621832852,0.7114461864,0.06319525054,0.0,0.0329108159,0.01895663762,0.01130782441
0.1495319552,0.6246152207,0.1636844258,0.0,0.03933867513,0.01593889071,0.006890832456
0.1932339614,0.4616177114,0.2785229541,0.0,0.01427412486,0.02927623496,0.02307501329
0.239482489,0.6789391443,0.03048182913,0.0,0.00927028469,0.02739242595,0.01443382697
0.1307446373,0.5202541671,0.249604411,0.0,0.0395142062,0.05545302241,0.004429556026
0.1268633206,0.5967336794,0.1983142942,0.0,0.009763527915,0.04712397938,0.02120119856
0.1889046096,0.7243805607,0.0420601766,0.0,0.02072553509,0.0102818185,0.01364729955
0.1610413922,0.4799401544,0.2482550325,0.0,0.02857959593,0.07567953291,0.006504292054
0.1583039333,0.5367039805,0.2825498776,0.0,0.00288661884,0.006742764114,0.01281282555
0.1614682503,0.6473097639,0.1149059515,0.0,0.0122444472,0.04655807915,0.01751350804
0.1299065223,0.559101448,0.2266752067,0.0,0.01743826254,0.06572945265,0.001149107808
0.2111149009,0.6699827841,0.07749582656,0.0,0.007029208752,0.02757720376,0.006800075877
0.2387721189,0.4805315826,0.1831581135,0.0,0.03567014278,0.04941299807,0.01245504417
0.2175121994,0.5891707141,0.1142132789,0.0,0.03128487101,0.03650568422,0.01131325235
0.1764162419,0.6355113232,0.1386472235,0.0,0.01585533985,0.0245543544,0.009015517131
0.1533838869,0.7642284395,0.01507447285,0.0,0.003046892875,0.05989434704,0.004371960879
0.2295955618,0.420440052,0.2703256251,0.0,0.04478697668,0.01863159174,0.0162201927
0.2291502733,0.6202392984,0.0,0.08357802617,0.01014223016,0.04907666875,0.007813503224
0.1284476907,0.5636957125,0.0,0.2446433877,0.03801762592,0.01054214878,0.01465343436
0.1896786688,0.5937547398,0.0,0.1372390573,0.0246960616,0.04490451861,0.009726953946
0.1957267407,0.7124904908,0.0,0.01114161274,0.03516138551,0.03371772944,0.0117620408
0.1119424434,0.5465246442,0.0,0.297589486,0.01961154378,0.007504687121,0.01682719554
0.2046878801,0.4670245283,0.0,0.2757378492,0.002335927496,0.03626762279,0.01394619219
0.1493292062,0.6903651154,0.0,0.1008073894,0.02715772095,0.02453958468,0.007800983335
0.1463572943,0.565787542,0.0,0.1906856959,0.03472428142,0.05919934468,0.003245841636
0.1732376804,0.7126271304,0.0,0.05629793175,0.03184397176,0.02118844965,0.004804836096
0.1798169624,0.5019031751,0.0,0.2420186401,0.01719022841,0.04178257291,0.01728842106
0.2201027105,0.6500927677,0.0,0.09657484571,0.02415617818,0.004806995129,0.004266502717
0.1182678556,0.4894883742,0.0,0.3169325039,0.00527881004,0.06022834517,0.009804111058
0.2075071201,0.7016340074,0.0,0.0279694299,0.01909876235,0.03011869437,0.0136719859
0.1139229618,0.5273168538,0.0,0.277233652,0.0131265624,0.05575314859,0.01264682136
0.1468137172,0.715434742,0.0,0.07573483706,0.0163779729,0.04290202736,0.002736703462
0.1332874642,0.4818493864,0.0,0.3569562251,0.007957055876,0.01284109876,0.007108769697
0.1850198777,0.5781390236,0.0,0.2186961557,0.01145013101,0.001648300533,0.005046511451
0.1563994623,0.6830599456,0.0,0.1181484104,0.003569628843,0.03765395312,0.001168599803
0.191982143,0.4877706636,0.0,0.2587952579,0.02510151698,0.02420247782,0.01214794063
0.2179089857,0.5586448526,0.0,0.1871520201,0.02185441434,0.008288130553,0.006151596725
0.1661424813,0.7111622409,0.0,0.03958397422,0.007626197473,0.05829268491,0.01719242117
0.1649420412,0.4985459522,0.0,0.2912430164,0.01610694463,0.01789767942,0.01126436622
0.1540634628,0.5435947319,0.0,0.2581204619,0.002643638776,0.03171213151,0.009865573093
0.1272513906,0.6071225176,0.0,0.1775384578,0.01169010616,0.06097714908,0.01542037873
0.2138039973,0.4432902222,0.0,0.2959293556,0.03566965368,0.003738387625,0.007568383653
0.2341669094,0.5677563464,0.0,0.1262209884,0.02995211438,0.02510896882,0.01679467259
0.1029645513,0.4871772448,0.0,0.3489539245,0.0181369289,0.03765467131,0.005112679188
0.1887395123,0.6574426418,0.0,0.1226991681,0.01471243629,0.01340027496,0.003005966469
0.2363733455,0.692691581,0.0,0.005299060534,0.03003671682,0.02109548818,0.01450380792
0.1579945899,0.4448131282,0.0,0.3309324391,0.01223875158,0.0528194538,0.001201637369
0.1575014938,0.6343482773,0.0,0.1537978837,0.03585637365,0.006405418769,0.01209055279
0.1633336292,0.5341954946,0.0,0.2241922879,0.02743471865,0.03408175967,0.01676210997
0.1342526702,0.5075060779,0.0,0.2689513486,0.02991537563,0.04547057327,0.01390395434
0.1689393489,0.7639968325,0.0,0.02177486717,0.02399413699,0.0115157706,0.009779043774
0.2233426404,0.5184095067,0.0,0.1996194162,0.006058315562,0.0487270452,0.003843075902
0.1280128488,0.6379889873,0.0,0.1881341276,0.02455965241,0.02044610117,0.0008582826812
0.1702988923,0.6344592279,0.0,0.1045644702,0.03760853958,0.04774336385,0.005325506174
0.2010171526,0.6496307521,0.0,0.0639242565,0.0205722468,0.05769283225,0.007162759736
0.1145149551,0.5123124062,0.0,0.3145304164,0.03130541691,0.02499506407,0.002341741346
0.2120677357,0.568957029,0.0,0.1558934217,0.01562450382,0.03711957731,0.01033773249
0.1761302309,0.4629718121,0.0,0.3187192318,0.006629221852,0.0196594454,0.0158900579
0.1363518222,0.6090438274,0.0,0.1827480225,0.02205122108,0.04283508789,0.006970018964
0.1700287269,0.5455590044,0.0,0.237803943,0.03069722176,0.01422404606,0.001687057772
0.1431501173,0.5322964842,0.0,0.2923967231,0.02627756671,0.002262367107,0.00361674162
0.1462519566,0.7255647872,0.0,0.04246841752,0.03685936952,0.04022439906,0.008631070107
0.1230771,0.559380632,0.0,0.2094695882,0.03295314758,0.05671960823,0.01839992401
0.1672707499,0.6335546983,0.0,0.1361770489,0.01997758524,0.02948858945,0.01353132827
0.1985531137,0.6538915091,0.0,0.08303174992,0.03911263951,0.01546325877,0.009947728994
0.1123279567,0.4532499785,0.0,0.3429603136,0.02310202919,0.05295945056,0.01540027146
0.2161738413,0.620285504,0.0,0.1397561169,0.004888493507,0.01124130487,0.007654739407
0.1831818002,0.5266731278,0.0,0.2072611267,0.03679327906,0.03458805613,0.01150261015
0.181238488,0.7642422139,0.0,0.01317937595,0.01156710947,0.02838598138,0.001386831335
0.1463116221,0.5061405182,0.0,0.277097228,0.003146468998,0.06125749954,0.006046663148
0.1389120537,0.5508385817,0.0,0.2340968632,0.01547308373,0.051597242,0.009082175661
0.1412817597,0.6650406959,0.0,0.1579316092,0.008013050427,0.02342705528,0.004305829436
0.1784340481,0.4256047738,0.0,0.3303388379,0.02024662825,0.03693203891,0.008443673072
0.1904880446,0.6736905747,0.0,0.05849007882,0.01441777194,0.04511223939,0.01780129048
0.2076287406,0.6325020803,0.0,0.1052179797,0.006012166372,0.03301451605,0.01562451704
0.1457327818,0.6250813603,0.0,0.1941518451,0.01873631078,0.004951967032,0.01134573501
0.2264977772,0.5700681295,0.0,0.1182947077,0.0346762769,0.03729732818,0.0131657806
0.1235267178,0.5345502761,0.0,0.2957027965,0.0137674367,0.02423855256,0.00821422028
0.1709428011,0.611191134,0.0,0.1354511206,0.01870026933,0.06171943171,0.001995243234
0.1215215617,0.5854401899,0.0,0.2536780775,0.004853270187,0.02764971052,0.006857190205
0.1959206581,0.4842109095,0.0,0.2336192562,0.02536452462,0.05391460589,0.006970045732
0.1628365097,0.762811058,0.0,0.04900109176,0.003126871013,0.005900944023,0.01632352551
0.1231421232,0.4835314286,0.0,0.3381382443,0.01160234275,0.03291127526,0.01067458592
0.1657002987,0.5694266854,0.0,0.1981283871,0.007679199617,0.04537072429,0.01369470498
0.1654687273,0.691400628,0.0,0.09806676872,0.01741168932,0.00909582401,0.01855636263
0.1585816998,0.4721698298,0.0,0.2841402657,0.0302432051,0.05044758561,0.00441741398
0.2383412527,0.6598647115,0.0,0.06059636925,0.008917497255,0.02327851633,0.009001652961
0.1336657317,0.5446712153,0.0,0.2593923831,0.01987674918,0.03799453469,0.00439938605
0.183661009,0.609283982,0.0,0.1620984473,0.0335164016,0.002942185434,0.008497974609
0.1917037853,0.7336604414,0.0,0.02836042512,0.02622293846,0.01420120293,0.005851206713
0.1109107447,0.5067282832,0.0,0.3027767093,0.03578352498,0.04218685488,0.001613883053
0.2245977162,0.4985383241,0.0,0.2469279486,0.01767971292,0.009698968965,0.002557329239
0.1311378207,0.6474389846,0.0,0.1258969983,0.0304915451,0.05337025414,0.01166439717
0.1556483788,0.5726229593,0.0,0.2160226466,0.0227063192,0.01738500301,0.01561469307
0.138739707,0.4418474696,0.0,0.3416811164,0.03380627493,0.02711732948,0.01680810259
0.1520838639,0.6732821476,0.0,0.07531032613,0.02772047107,0.05833604044,0.01326715086
0.2035083283,0.5577293016,0.0,0.1398471726,0.03179450863,0.05645439646,0.0106662924
0.1137320261,0.5020680647,0.0,0.362773778,0.01580811734,0.003796945254,0.001821068608
0.2117653672,0.6683802043,0.0,0.06805566372,0.007788394681,0.03744305636,0.00656731371
0.1752875112,0.6426340942,0.0,0.1182757074,0.01179086631,0.04361604917,0.008395771726
0.1261919419,0.619438817,0.0,0.2330279973,0.002427924039,0.01513082873,0.003782491008
0.167317869,0.7678670056,0.0,0.02611211875,0.005620773367,0.01880371352,0.01427851981
0.1228597891,0.4707432608,0.0,0.3166897353,0.01866549791,0.0527801329,0.018261584
0.1532898729,0.6253954289,0.0,0.1669390618,0.01437666794,0.02936198087,0.0106369877
0.1683013079,0.4654684457,0.0,0.2997207194,0.03263008395,0.03120830546,0.002671137557
0.1399937998,0.5834721772,0.0,0.1935819371,0.02715631875,0.04978749145,0.006008275742
0.1913386348,0.6525016312,0.0,0.09679299434,0.03600179281,0.02205740482,0.00130754197
0.1817245006,0.7116202309,0.0,0.05284119378,0.0234846981,0.02631231189,0.004017064782
0.1003924235,0.4676251722,0.0,0.3315516745,0.02876044223,0.06256192634,0.009108361223
0.2283797249,0.5709078553,0.0,0.1674016648,0.01821741394,0.00177700648,0.01331633458
0.21703138,0.4353338311,0.0,0.3049612236,0.0103700594,0.02730558836,0.004997917397
0.1300550484,0.6290211176,0.0,0.1516086171,0.03795109058,0.03303379713,0.0183303291
0.1570355879,0.5619310873,0.0,0.2382499077,0.02501087381,0.005195594288,0.01257694905
0.1649791392,0.5094770394,0.0,0.2750226879,0.03218558617,0.007633283317,0.01070226409
0.1703290664,0.737623113,0.0,0.007749475996,0.02092140255,0.04694410148,0.01643284064
0.2207526869,0.5545333163,0.0,0.1906675981,0.009123794843,0.0181513059,0.006771297934
0.1503194518,0.6474819605,0.0,0.1116710941,0.02457769414,0.06204705388,0.003902745593
0.1869795984,0.5702014765,0.0,0.1713173659,0.0384704179,0.02539956071,0.007631580619
0.1403345243,0.4989482393,0.0,0.3134387571,0.01910741859,0.02184141325,0.006329647447
0.1464921875,0.7028561217,0.0,0.06330826376,0.03378542074,0.05142519215,0.002132814127
0.1194884526,0.5611449543,0.0,0.2292186358,0.03495293306,0.04436850978,0.01082651453
0.1598227421,0.6295115463,0.0,0.1585167751,0.02739467829,0.009443319381,0.01531093878
0.208566395,0.7192544879,0.0,0.01750132654,0.03282118082,0.004038302863,0.01781830687
0.125838964,0.5273620816,0.0,0.277969669,0.02130878872,0.03369275447,0.01382774226
0.2164567259,0.6284805328,0.0,0.1174913868,0.007348527337,0.02972369468,0.0004991324732
0.1763950053,0.5028472351,0.0,0.2318961177,0.02949138327,0.04619595909,0.01317429954
0.173058243,0.7018976476,0.0,0.08105253768,0.0189193862,0.01605667871,0.009015506856
0.1418549598,0.4678479692,0.0,0.3391818194,0.005477127639,0.04142472579,0.004213398093
0.153452854,0.5843194963,0.0,0.2080248977,0.01322163029,0.03935324426,0.00162787739
0.1885952469,0.4444927177,0.0,0.2687865607,0.02758843164,0.05517324294,0.01536380008
0.1054614139,0.5218735717,0.0,0.317268206,0.008178566091,0.03094536987,0.01627287237
0.1877364052,0.6927606791,0.0,0.03463017938,0.01683637923,0.0565566143,0.01147974287
0.1811259449,0.5788176902,0.0,0.1712233462,0.003471141552,0.05256303082,0.01279884632
0.1262699893,0.5604009931,0.0,0.2663699956,0.01120440286,0.01755277826,0.0182018409
0.2388902189,0.6342126822,0.0,0.04274697155,0.03790611076,0.04143435866,0.004809657939
0.1896614019,0.5049416665,0.0,0.2468875675,0.02828159999,0.02670958049,0.003518183648
0.1521737946,0.4922129834,0.0,0.3208283472,0.01381303003,0.006524814872,0.01444702993
0.1623542486,0.6078726999,0.0,0.1958655813,0.005216332383,0.01212724605,0.01656389174
0.1355449772,0.6759668606,0.0,0.1081625533,0.01923364118,0.04850241465,0.01258955297
0.214668125,0.4654103103,0.0,0.2749675776,0.02858283308,0.0144455454,0.001925608611
0.1185567637,0.5348769146,0.0,0.2818395131,0.01136941428,0.0499397789,0.003417615398
0.2001434776,0.7513002685,0.0,0.01673502959,0.003023665483,0.02118255745,0.00761500137
0.1900436216,0.6195090803,0.0,0.1440046434,0.01707526935,0.02470217643,0.004665208926
0.2327256981,0.6617850837,0.0,0.06826516139,0.02228142183,0.001947616976,0.01299501801
0.1697121687,0.4941982558,0.0,0.2704530859,0.01500304489,0.04240680314,0.008226641531
0.1525534891,0.6476747756,0.0,0.1336168853,0.03351434462,0.01853277923,0.01410772614
0.1589374966,0.5544346733,0.0,0.2032861661,0.02009896257,0.05378334184,0.00945935961
0.1122808441,0.4484135693,0.0,0.334237487,0.03593053536,0.05693554936,0.01220201486
0.1446802944,0.6852314032,0.0,0.09411774411,0.02600736558,0.03235886096,0.01760433171
0.2153681589,0.5215122229,0.0,0.222586805,0.003735395807,0.03125693775,0.0055404797
0.1692489324,0.5923411241,0.0,0.1701579734,0.03002558713,0.03567359864,0.002552784317
0.2224739032,0.6696036168,0.0,0.04166710872,0.028112278,0.03719346372,0.000949629519
0.1245727495,0.529736809,0.0,0.2932043402,0.03403499038,0.01323127251,0.005219838405
0.2315269944,0.5996310369,0.0,0.0907012999,0.01351715688,0.04837083906,0.01625267288
0.1320533072,0.5749896057,0.0,0.2199498514,0.03075721971,0.03039992645,0.01185008965
0.1927630317,0.5968488686,0.0,0.1150142619,0.02253160444,0.056960103,0.01588213036
0.1781243868,0.6416577692,0.0,0.07563852647,0.03686781616,0.0530911337,0.0146203677
0.100701573,0.4878034667,0.0,0.3564701048,0.0258553827,0.01923492872,0.00993454401
0.1833609648,0.4482735115,0.0,0.2990857671,0.009374324323,0.04742040503,0.01248502729
0.1361811897,0.5300184188,0.0,0.2564405179,0.03222442196,0.04015123846,0.004984213154
0.1447976068,0.4925389583,0.0,0.296730027,0.02362214479,0.03480492379,0.00750633946
0.1876740011,0.5537293752,0.0,0.1777554033,0.01006119221,0.06069369569,0.01008633241
0.208193601,0.5837676471,0.0,0.1600467372,0.02616015565,0.01597030099,0.005861558112
0.1151614718,0.4724939318,0.0,0.3429678277,0.002961908228,0.04884691472,0.01756794578
0.2110215863,0.7058253103,0.0,0.04878573927,0.01157011543,0.01064165173,0.01215559702
0.18147948,0.6995885147,0.0,0.09275423185,0.008454256145,0.008128843036,0.009594674216
0.129624214,0.5958423655,0.0,0.2082865604,0.01589759745,0.03567279084,0.01467647185
0.1743992107,0.549187589,0.0,0.2352573058,0.01842303063,0.02046493278,0.002267931051
0.1477009711,0.6486683052,0.0,0.1399485824,0.005973230305,0.05014451569,0.00756439534
0.1669648256,0.4510582656,0.0,0.3307982518,0.02254964822,0.0133546634,0.01527434532
0.19715842,0.530682845,0.0,0.2062158695,0.01360927049,0.04294043576,0.009393159138
0.1702439842,0.7491923057,0.0,0.02181650103,0.03579562171,0.01927038898,0.003681198398
0.1577249141,0.4957016256,0.0,0.2600697454,0.02706828299,0.05140572817,0.008029703687
0.1469085812,0.5360100624,0.0,0.2246851509,0.02883552652,0.05697951263,0.006581166378
0.1333159195,0.6520299278,0.0,0.15885916,0.02292551377,0.03096528876,0.001904190146
0.1966691435,0.4329742161,0.0,0.3239682351,0.005839236013,0.02994388132,0.01060528796
0.1740991951,0.669474916,0.0,0.06680556831,0.03839643932,0.03591951878,0.01530436248
0.1861727382,0.624610105,0.0,0.1088524731,0.02147049847,0.04089384255,0.01800034273
0.14792915,0.6061264481,0.0,0.1878247757,0.03257671465,0.01208556839,0.01345734315
0.1567303649,0.4615343266,0.0,0.3220240744,0.01886226721,0.02715618778,0.01369277914
0.1494372809,0.6201690167,0.0,0.1761169312,0.009612636414,0.03529913631,0.009364998459
0.1637922521,0.5556219402,0.0,0.2541199712,0.0148681259,0.007625671023,0.003972039613
0.1389635483,0.5422732886,0.0,0.3022275822,0.00453182757,0.01059088531,0.001412867952
0.1582943972,0.7351354509,0.0,0.04017689583,0.01034001751,0.04971009741,0.006343141167
0.2160781496,0.5295784107,0.0,0.1847755686,0.03848744181,0.01551262461,0.01556780462
0.1183916542,0.5746288419,0.0,0.2230827791,0.01698489336,0.05050484018,0.01640699123
0.180986467,0.6508476,0.0,0.1281066449,0.007081730881,0.02174081802,0.01123673922
0.2117596501,0.6568439854,0.0,0.08216096971,0.0126541646,0.02420543299,0.01237579719
0.2355978648,0.6033613989,0.0,0.1250450582,0.02769210919,0.003129148742,0.005174420127
0.1280159252,0.5451275955,0.0,0.2715598069,0.006335284935,0.0467971054,0.002164282187
0.2028698025,0.6087918529,0.0,0.1525398893,0.01837224005,0.01119794541,0.006228269893
0.2207636664,0.4067531554,0.0,0.2826605405,0.02938136899,0.04621215512,0.0142291136
0.1096359631,0.5210262028,0.0,0.3164931652,0.01251528547,0.03633277866,0.003996604791
0.2097567792,0.5057621962,0.0,0.2497127942,0.0323406189,0.001911626733,0.0005159847857
0.1371572761,0.6509146368,0.0,0.11918922,0.01549998809,0.06303827577,0.0142006032
0.1433623077,0.5716725195,0.0,0.2313930591,0.008758156788,0.02638594485,0.01842801203
0.1329180017,0.464353713,0.0,0.3566639059,0.0100637497,0.02091134306,0.01508928667
0.164298953,0.6958903795,0.0,0.07372372397,0.003792064565,0.05120537365,0.01108950533
0.1873479716,0.5472626993,0.0,0.222913189,0.02501575133,0.01444396208,0.003016426766
0.2116638764,0.5996679455,0.0,0.1278321172,0.01224482756,0.03245997872,0.01613125465
0.1300125351,0.5215367767,0.0,0.277231863,0.03512701956,0.03041416401,0.005677641596
0.2134059335,0.6942502693,0.0,0.008683864048,0.02687378856,0.05516595111,0.001620193543
0.1623618688,0.6102852612,0.0,0.1385357953,0.03124201411,0.05335232176,0.004222738842
0.1281451918,0.5767875024,0.0,0.2463331351,0.02097217029,0.01870183974,0.00906016075
0.1468164154,0.7330772889,0.0,0.05732353334,0.03025479004,0.01403306483,0.01849490753
0.1254014708,0.468384263,0.0,0.3215105366,0.03291331448,0.03912791836,0.01266249671
0.174007665,0.5646682077,0.0,0.1902909326,0.02386853915,0.03608694542,0.01107771019
0.1748491181,0.4666706086,0.0,0.2753406273,0.01828973496,0.05832067866,0.006529232361
0.2396873808,0.6339527357,0.0,0.1028180587,0.008671527483,0.01281259959,0.002057697634
0.1107099639,0.4924024142,0.0,0.3135169174,0.01979836012,0.05145991844,0.01211242597
0.214760508,0.6850270624,0.0,0.02953965206,0.03358302393,0.02149449889,0.01559525469
0.1628562294,0.6018660669,0.0,0.1680286386,0.02584636041,0.0268411293,0.01456157535
0.1059600301,0.5231659022,0.0,0.2628543684,0.03554063171,0.06238851921,0.01009054839
0.2185129355,0.5137613771,0.0,0.2078738537,0.01842426982,0.02896691856,0.01246064533
0.12881883,0.4893384794,0.0,0.3504681901,0.02243749462,0.004167134793,0.004769871105
0.1720751022,0.5692181839,0.0,0.2077254195,0.03472186452,0.009048029916,0.007211399938
0.1589830348,0.6440193484,0.0,0.1218439836,0.02831636334,0.04342467936,0.003412590574
0.2126712191,0.6163404527,0.0,0.07387382903,0.03615082762,0.05540394828,0.005559723221
0.1373099729,0.5762668231,0.0,0.2537413983,0.01250138269,0.002777250886,0.01740317212
0.1812857231,0.6234489938,0.0,0.1406852305,0.002292495352,0.03980960218,0.01247795495
0.1151982731,0.5404509975,0.0,0.3062548991,0.007058451132,0.0165694869,0.01446789223
0.2082471007,0.4369118669,0.0,0.2736441436,0.02418573347,0.04148743563,0.01552371977
0.1502225882,0.7220786905,0.0,0.1000716124,0.004390055702,0.01765178028,0.005585272906
0.1631763528,0.5791163338,0.0,0.1948368799,0.00963581003,0.05221434176,0.001020281768
0.150682428,0.4603478309,0.0,0.3234502261,0.008875344917,0.05405871975,0.002585450393
0.1695681449,0.7286510634,0.0,0.0489769858,0.01523578928,0.03026246871,0.007305547901
0.1892908481,0.4936184374,0.0,0.2365332692,0.03312818688,0.03280607414,0.01462318425
0.168683985,0.422855995,0.0,0.3262418404,0.03554287843,0.04343412118,0.003241179911
0.1515263022,0.6571074204,0.0,0.1552848968,0.01085193852,0.01511383294,0.0101156091
0.1741312911,0.5361503812,0.0,0.228168484,0.004019051635,0.04288566114,0.01464513084
0.1414823815,0.507696225,0.0,0.2807544327,0.01538963403,0.0383024011,0.01637492566
0.1647422319,0.7958103819,0.0,0.01316065558,0.009565333215,0.00416250486,0.01255889249
0.1662401046,0.6498840354,0.0,0.1053239454,0.01295927525,0.05775353855,0.007839100753
0.1993035593,0.6806334484,0.0,0.05654958937,0.006483124538,0.05197838848,0.00505188991
0.189358644,0.5679092527,0.0,0.1546190053,0.03062990385,0.04486519222,0.01261800201
0.2126678945,0.5859323682,0.0,0.185615041,0.005484606764,0.001707247731,0.008592841795
0.1682925402,0.6881678482,0.0,0.0410572835,0.02429948173,0.06382764775,0.01435519867
0.1500089745,0.4997026694,0.0,0.2876711666,0.0282286517,0.02535548715,0.009033050583
0.1425576933,0.5469714703,0.0,0.2473060828,0.02824763358,0.02284744027,0.01206967974
0.1282996232,0.5875428515,0.0,0.1816754407,0.03387453164,0.05120360045,0.01740395256
0.2036731092,0.4612844244,0.0,0.3039364189,0.01398059131,0.0113837081,0.005741748142
0.09706715271,0.4770390422,0.0,0.3433361931,0.03000537038,0.04515923333,0.007393008345
0.1896019196,0.6933914491,0.0,0.0844968542,0.02213254107,0.00799138207,0.00238585398
0.2232993746,0.4440924473,0.0,0.2568417542,0.01130417063,0.05297755576,0.0114846975
0.199662914,0.6323302763,0.0,0.1251578953,0.03707693025,0.005060697254,0.0007112868389
0.1351726181,0.5959399714,0.0,0.2050424932,0.02613064108,0.0320937808,0.00562049545
0.2516580645,0.6913100308,0.0,0.007649807538,0.002683706961,0.02977394181,0.01692444836
0.1775133913,0.4829351769,0.0,0.2706462301,0.0294958826,0.03353119813,0.005878120975
0.1476441172,0.655135247,0.0,0.1345412634,0.01826638001,0.02755772602,0.01685526627
0.1705553712,0.5423078403,0.0,0.2066669086,0.006445422385,0.06231146181,0.01171299573
0.1239143376,0.4566622915,0.0,0.3467335584,0.01269265017,0.0499339138,0.01006324843
0.2204162846,0.4915823335,0.0,0.2172500387,0.02688645387,0.03649489295,0.007369996335
0.1280321715,0.5856849549,0.0,0.2639017075,0.008376531733,0.009102247962,0.004902386356
0.213688847,0.7107703977,0.0,0.03608265685,0.004068054397,0.03214376956,0.003246274448
0.131606707,0.5354621984,0.0,0.3093502704,0.01024140842,0.005683418255,0.007655997497
0.2136211668,0.59249533,0.0,0.08682883419,0.03838413463,0.05479513577,0.01387539855
0.1824299952,0.5419499311,0.0,0.2501628455,0.002979418784,0.02099583515,0.001481974255
0.1642426386,0.6871417711,0.0,0.06577586692,0.02672380589,0.04352526575,0.0125906517
0.1399209813,0.4793523903,0.0,0.3147320277,0.03540813915,0.01404984349,0.0165366181
0.1570570395,0.6181326844,0.0,0.1857796447,0.02177058553,0.003211682509,0.0140483633
0.1416761102,0.6628108914,0.0,0.1147842858,0.03189289861,0.03891028446,0.009925529472
0.1933466297,0.4788266813,0.0,0.28473385,0.01631080559,0.02266728692,0.004114746499
0.1090630477,0.5265713791,0.0,0.2741811527,0.03243655758,0.05665474599,0.001093116957
0.2009608012,0.7174712432,0.0,0.01934939152,0.02984357582,0.02731468746,0.005060300885
0.2222733502,0.3931992961,0.0,0.3109556451,0.01819903187,0.04161162986,0.01376104685
0.1956611947,0.6018650864,0.0,0.1495005237,0.02982234845,0.01639878977,0.006752056956
0.130831042,0.564918722,0.0,0.2266202349,0.0233444126,0.05169404688,0.002591541589
0.1105959493,0.4748949009,0.0,0.3337822168,0.02668844018,0.03914013152,0.01489836131
0.2236417045,0.6790837894,0.0,0.04959615833,0.03597189448,0.002321295226,0.009385158129
0.1871406428,0.6636317051,0.0,0.0986526258,0.02395611182,0.01501107543,0.01160783897
0.1229376201,0.5886337796,0.0,0.1984185888,0.02962081289,0.04342995011,0.01695924853
0.2287508597,0.5434351635,0.0,0.1914598599,0.01138624357,0.01076487759,0.0142029958
0.1561337972,0.7366216021,0.0,0.006913428534,0.03817243313,0.05417718693,0.007981552131
0.1358182042,0.53778636,0.0,0.2826424875,0.02502697505,0.01575382089,0.002972152406
0.148414494,0.6245194004,0.0,0.1451003095,0.02092693384,0.05597506874,0.005063793488
0.1618040634,0.4668848662,0.0,0.3386825704,0.007899776658,0.006696697355,0.01803202603
0.2361511195,0.6753753065,0.0,0.01295036144,0.0345419674,0.0371261382,0.003855106889
0.1445180419,0.5846825963,0.0,0.2237927836,0.01475757473,0.02269215002,0.009556853468
0.1889751903,0.6212458654,0.0,0.1149854846,0.009723019901,0.05111421409,0.01395622561
0.1747693243,0.6630079417,0.0,0.0704980087,0.01057667532,0.06360777023,0.01754027975
0.1053616201,0.4779004512,0.0,0.3712833583,0.004508095597,0.02847922791,0.01246724691
0.199058989,0.4236765802,0.0,0.2940049945,0.02154065243,0.05183854763,0.009880236298
0.1367691334,0.6791894895,0.0,0.1696600312,0.006741868633,0.005213531679,0.002425945621
0.1442953458,0.5351221618,0.0,0.2634942405,0.01667833039,0.03309091007,0.007319011515
0.1521155174,0.4895241323,0.0,0.3074322372,0.002021082335,0.04357405231,0.005332978576
0.1743239554,0.7774824871,0.0,0.02452012976,0.01281493683,0.01000893288,0.0008495579897
0.200489058,0.528114642,0.0,0.1733230459,0.03573919811,0.050550895,0.01178316105
0.130989252,0.5873920921,0.0,0.2089587083,0.004055083022,0.06001760517,0.008587259329
0.2045217017,0.6599020265,0.0,0.08999786602,0.01113031457,0.03088062268,0.003567468562
0.194569205,0.7261482331,0.0,0.04968735467,0.009237426816,0.01863261576,0.001725164638
0.09736584521,0.4843271121,0.0,0.3402619714,0.01462529394,0.05647849059,0.006941286792
0.1895422545,0.4386971124,0.0,0.3107044425,0.03412450837,0.0197987256,0.007132956713
0.1419137656,0.6425064596,0.0,0.1439155964,0.01306822854,0.04245176845,0.01614418134
0.1957728284,0.5521979565,0.0,0.1991148877,0.02276281919,0.02549752203,0.004653986159
0.1976042818,0.5778030104,0.0,0.1456383737,0.01923740108,0.05096601304,0.008750920039
0.1163686282,0.4922977011,0.0,0.3485430614,0.02786400528,0.01085262374,0.004073980231
0.1889984629,0.6564058901,0.0,0.07619110014,0.02435540177,0.04519750408,0.008851641018
0.1617075915,0.6439642478,0.0,0.1196086874,0.03410842249,0.03458225163,0.006028799205
0.1295501504,0.6121343722,0.0,0.2226575179,0.02803266926,0.006295299899,0.00132999035
0.1565287842,0.7483639857,0.0,0.03432561535,0.02254792492,0.02659908499,0.01163460489
0.1317752228,0.4642978078,0.0,0.2993793178,0.03070058299,0.05832984151,0.01551722711
0.1623853741,0.491905709,0.0,0.2554048475,0.02591288832,0.0473321053,0.01705907583
0.1446537749,0.6178576772,0.0,0.1675959697,0.03673399187,0.02031712536,0.01284146096
0.1835613871,0.4725375831,0.0,0.2926798564,0.01132587561,0.0393446516,0.0005506461493
0.1944476815,0.4928300026,0.0,0.2274271891,0.0159953422,0.05405571996,0.01524406465
0.1608250586,0.7031537224,0.0,0.08920242064,0.03302449073,0.007147361288,0.006646946404
0.1514731158,0.4717488411,0.0,0.3224251473,0.0198634305,0.03257102217,0.001918443115
0.154842792,0.5612298557,0.0,0.1988974286,0.03610242208,0.04512906118,0.003798440426
0.1396576602,0.6796647432,0.0,0.1357608559,0.02583815522,0.01071388894,0.008364696581
0.2228261205,0.4546620971,0.0,0.2581883661,0.003594794836,0.04758716155,0.01314145994
0.1123195834,0.5211298769,0.0,0.3031950493,0.02299260961,0.021979916,0.01838296472
0.1771180968,0.6875188232,0.0,0.04258652612,0.03111985201,0.04789055146,0.01376615044
0.1669255406,0.5654217592,0.0,0.1703821864,0.0279382618,0.05900022664,0.01033202533
0.1312392971,0.5419756793,0.0,0.2532618001,0.03420820948,0.02408628564,0.01522872845
0.2242904584,0.6646279191,0.0,0.0528088829,0.01404540111,0.03693614775,0.007291190775
0.1738524068,0.4836562256,0.0,0.2963985054,0.02616545795,0.00799110961,0.01193629473
0.1633143357,0.673542343,0.0,0.1041312372,0.002309476259,0.05507545475,0.001627153123
0.1776481687,0.5979573809,0.0,0.1865166568,0.01274429645,0.01942668513,0.005706812001
0.1291784088,0.5001223321,0.0,0.3243202026,0.006862645866,0.03070884514,0.008807565473
0.1524844392,0.7035288935,0.0,0.06102758014,0.01748582381,0.06095418514,0.004519078219
0.216307997,0.4957145176,0.0,0.2439211114,0.03078504328,0.004694044909,0.008577285826
0.117540505,0.5744641893,0.0,0.246186534,0.009733504819,0.03847323386,0.01360203311
0.1778884343,0.6458113317,0.0,0.1520785032,0.004705120113,0.001611116506,0.01790549415
0.2276522348,0.7147817621,0.0,0.01401442807,0.0155919125,0.01255906316,0.01540059934
0.1213643299,0.5318125511,0.0,0.2837524622,0.008884431657,0.04253054875,0.01165567644
0.2286634825,0.6202269569,0.0,0.1067916551,0.02027758982,0.02142155379,0.002618761944
0.1777767633,0.4125613187,0.1543823986,0.2152991226,0.01364489428,0.02210456279,0.004230939756
0.1473797393,0.6112581337,0.04514253118,0.1044099735,0.0356630842,0.04444331901,0.0117032191
0.2070334905,0.3123199646,0.2310134743,0.1641871324,0.0198868876,0.05687836626,0.00868068433
0.1124620981,0.4454442861,0.1093737692,0.2704215451,0.03117795656,0.01546165533,0.01565868968
0.17535836,0.4415080815,0.01063342092,0.3392813018,0.009237921077,0.02268533848,0.001295576262
0.1630262097,0.4604152441,0.2838732801,0.06294661347,0.002652084994,0.014102292,0.01298427568
0.1261769886,0.4591232265,0.1425848374,0.1902899593,0.03979667629,0.03470097674,0.007327335185
0.2231675644,0.4082492657,0.05598121673,0.2530471748,0.01049078359,0.03224369381,0.01682030105
0.2368058923,0.2394218565,0.1598950689,0.2950518373,0.007626705199,0.04595032629,0.01524831341
0.2402432249,0.4845989535,0.1136364466,0.1253110772,0.01667162783,0.006747990186,0.0127906798
0.1072958699,0.2408605949,0.2063495706,0.3729493352,0.02457236384,0.04258661879,0.005385646932
0.1394593815,0.5978515781,0.132618873,0.06966993618,0.006615253411,0.03318126266,0.02060371518
0.1018763156,0.3374010487,0.1784332959,0.2951582556,0.01763657605,0.05726597122,0.01222853695
0.1594422665,0.4634674499,0.080171812,0.2079717664,0.03922981654,0.0421134309,0.007603457739
0.1467572568,0.4026051365,0.1964673397,0.1281919406,0.03494274002,0.06955399594,0.02148159041
0.1344462387,0.6436126727,0.003453484286,0.188193141,0.01864598554,0.005594774247,0.006053703527
0.1330650231,0.5069463587,0.2434691438,0.0438988626,0.009995283548,0.05842361013,0.004201718077
0.2075820177,0.3574901375,0.09251219604,0.2958938617,0.02136332154,0.01611819294,0.009040272567
0.1579285442,0.2260788577,0.2614304015,0.2662703867,0.04075336361,0.03361644377,0.01392200257
0.1773056214,0.5497118175,0.06514664575,0.1579840766,0.01420467545,0.03498549335,0.0006616699773
0.2349159498,0.5659947936,0.02900764063,0.07644474207,0.02640888616,0.05251253038,0.01471545733
0.1262297577,0.3103009999,0.2877550217,0.2000389752,0.02328533226,0.0503353687,0.002054544604
0.1158188178,0.4644384435,0.07799437957,0.2944439598,0.00811866698,0.02453920106,0.01464653135
0.1643590148,0.4957195151,0.1709194195,0.05981176673,0.02184247552,0.07081898496,0.01652882331
0.1970030207,0.3242853405,0.1881667696,0.2399478874,0.02746120358,0.01700270024,0.00613307791
0.1657868694,0.6338154341,0.01101384559,0.1186842197,0.003082726164,0.05078052982,0.01683637528
0.2219202513,0.5858715806,0.1040912492,0.007488560636,0.03957262212,0.03753175142,0.003523984781
0.1024695878,0.3032667021,0.1458872197,0.3398708659,0.03516203396,0.05993403372,0.01340955682
0.1602153397,0.7225143192,0.05634090496,0.03253005126,0.01818051067,0.009689239174,0.0005296350364
0.2122449288,0.4536950237,0.02261868733,0.2222557248,0.02676256116,0.05305467642,0.009368397757
0.2397222748,0.5037398974,0.1626126792,0.04608122754,0.01252706475,0.02771895245,0.007597903842
0.1074465924,0.4760697806,0.0198456337,0.3054885067,0.03643676089,0.03971276183,0.01499996383
0.1308097447,0.4458176116,0.2268857971,0.1324870517,0.03310160485,0.01493735206,0.01596083791
0.1999848515,0.562048687,0.05209696447,0.1522405319,0.006747712847,0.02188718291,0.004994069311
0.1018040084,0.5021769774,0.1009391759,0.194275865,0.02714861737,0.06444741683,0.009207939156
0.1640749628,0.5325562829,0.03548963887,0.2127549919,0.02119806451,0.03077964228,0.003146416678
0.1844363561,0.426200242,0.06286160316,0.278640283,0.01859321415,0.0111654195,0.01810288207
0.1016918928,0.428576595,0.1123950496,0.3222472973,0.02451540002,0.008841023752,0.001732741627
0.1317645199,0.4202361722,0.2086887529,0.1413342082,0.03592621644,0.05296229159,0.009087838835
0.171996263,0.6711820551,0.04050454813,0.0470193208,0.02994893756,0.03369347994,0.005655395498
0.1882871863,0.4880498699,0.0756184936,0.17143711,0.01043736517,0.05452294921,0.0116470259
0.1272902409,0.3510073313,0.1851387884,0.2724400769,0.01854778069,0.04509013814,0.0004856437406
0.1320549645,0.6222076315,0.02448341347,0.151829397,0.02979830999,0.02664206019,0.01298422329
0.1311913699,0.4459181942,0.09340312301,0.2088587385,0.03541356359,0.06646836117,0.0187466496
0.1389003712,0.6080141942,0.1561690411,0.02966127387,0.03000263975,0.02510669589,0.01214578391
0.1931297866,0.4039850866,0.05330164959,0.3005821986,0.00449795769,0.04206763826,0.002435682688
0.2037164272,0.4437790034,0.1257600341,0.1638356858,0.03850980663,0.008820942561,0.0155781003
0.116475008,0.5070337581,0.05122062437,0.2463523418,0.01349325346,0.05799501181,0.007430002445
0.1308626336,0.4400022625,0.2762979034,0.1080544245,0.003919620429,0.03806138559,0.002801770144
0.1632329498,0.3248783749,0.2053629172,0.2074123457,0.03395562247,0.05298974964,0.01216804034
0.1569148378,0.5555560672,0.118218723,0.1248981708,0.02000012215,0.01986180004,0.004550279049
0.2258112183,0.6732537026,0.02110681371,0.03752214063,0.02163349149,0.004025745849,0.01664688745
0.1150836928,0.444218508,0.163239941,0.2474583393,0.01237618952,0.003800754598,0.01382257482
0.1590359594,0.4837550742,0.006669147634,0.3206199012,0.005478946229,0.01496883937,0.009472131868
0.1668901853,0.4145146907,0.09272117002,0.2584049071,0.03398406186,0.02706961828,0.00641536683
0.1637617869,0.6662661565,0.01481737393,0.07883316798,0.01196378721,0.06034147801,0.004016249512
0.216411569,0.3706408562,0.2765264528,0.03860662034,0.04091292091,0.04057975955,0.01632182122
0.11408383,0.4285823482,0.07162746239,0.3302598464,0.01665989691,0.03026996556,0.00851665063
0.1104148516,0.5275080394,0.1737522229,0.1146196243,0.005458222102,0.06681646302,0.001430576625
0.192569309,0.5181368264,0.04168459783,0.2018668328,0.02266964178,0.009451824083,0.01362096802
0.1459157124,0.4233351074,0.2267490691,0.1399599417,0.02821692685,0.03248258416,0.003340658429
0.160886434,0.5780485379,0.1919972413,0.01238634072,0.01668859551,0.01808915744,0.02190369309
0.2225842138,0.4173904275,0.02450509194,0.2521721348,0.03517667152,0.04250688773,0.005664572685
0.173619977,0.5651424104,0.05993989174,0.1742759298,0.007947817468,0.002985116293,0.01608885732
0.1274125217,0.2602702862,0.2565518635,0.2598005631,0.01000641124,0.0649326788,0.02102567562
0.1328505492,0.5963110936,0.08965691819,0.141905157,0.02230994415,0.0116510303,0.005315307456
0.108432818,0.3776529283,0.136827375,0.3041556193,0.03111475435,0.03694192382,0.004874581191
0.210794086,0.3910372652,0.1702163922,0.187423622,0.004389421328,0.02180575101,0.01433346227
0.1411194277,0.518742949,0.01617453759,0.2525947562,0.02506980286,0.04431926546,0.001979261264
0.1119999894,0.5230824185,0.2263340496,0.08114809903,0.04077154408,0.007564183843,0.009099715436
0.1141664159,0.326630478,0.1180787352,0.3497487144,0.0132124646,0.06220421241,0.0159589795
0.1932742085,0.4908021603,0.1507787854,0.09562863226,0.01709927719,0.04595879412,0.006458142202
0.1825819859,0.2469371004,0.2161484473,0.3271278731,0.01165712118,0.01461369256,0.0009337794293
0.1795621508,0.5709057606,0.09968659019,0.04220401209,0.04048466733,0.05454822629,0.01260859275
0.1532330295,0.6396060768,0.09606372264,0.04364474713,0.02124520794,0.03755247659,0.008654739401
0.14780043,0.4676837552,0.1507777113,0.2114074349,0.008473574062,0.01214606612,0.001711028447
0.1183386038,0.4717904008,0.02644891019,0.3587012331,0.0141127261,0.006912084166,0.003696041824
0.1567848751,0.400485772,0.1269304485,0.2507315101,0.02644721602,0.02078930364,0.01783087469
0.1523609427,0.4354009851,0.1678297599,0.2070511167,0.02492856877,0.002254033197,0.01017459352
0.1051938853,0.4915660379,0.04039342696,0.272829076,0.005479010044,0.06799981132,0.01653875248
0.1488695735,0.6327567866,0.005121024163,0.1658512234,0.02831590309,0.01682226293,0.002263226346
0.1802333573,0.3435680378,0.2837826604,0.1517113663,0.008142272155,0.0116364748,0.02092583136
0.137111563,0.4885282529,0.06396198623,0.2237870595,0.02379971524,0.05752378015,0.005287642931
0.157826464,0.4545411477,0.03631019603,0.2906946582,0.01554833146,0.03424460057,0.0108346021
0.1836455167,0.4987034457,0.2163196435,0.02760927221,0.01550092307,0.05694421403,0.00127698476
0.1275158933,0.4813685745,0.18009753,0.117805769,0.02934846193,0.04466210015,0.01920167116
0.200963088,0.2818841182,0.1171078115,0.3516543538,0.01877271074,0.02349473776,0.006123179957
0.1930874226,0.591916277,0.05183132994,0.07095160171,0.0321068551,0.0419077189,0.01819879475
0.2095688985,0.4990925149,0.07640184802,0.1422468256,0.009347198279,0.06033941959,0.003003295229
0.2085771668,0.5183466804,0.1399077307,0.07020726204,0.005256131497,0.03935465752,0.01835037114
0.1074422575,0.4347644902,0.06015984099,0.3352934427,0.02622924793,0.0306476065,0.005463114154
0.1585439625,0.2651135145,0.224761959,0.3190881126,0.01073155346,0.005626334311,0.01613456376
0.1572526468,0.6067745908,0.125351041,0.02069885421,0.02377271372,0.06477025841,0.001379894964
0.2112526729,0.5633402458,0.02579594196,0.1219274731,0.01797440017,0.0462856627,0.01342360333
0.1343875823,0.6105304119,0.07644683788,0.1147913228,0.03974575561,0.004396103723,0.01970198586
0.1561026531,0.5239675382,0.01213378424,0.2279874128,0.03155314724,0.03586257807,0.01239288634
0.1502621409,0.325409181,0.10054682,0.3559856629,0.007275776718,0.0511055418,0.009414876632
0.195389102,0.403396169,0.2198504904,0.1093563028,0.03857519273,0.02142614454,0.01200659844
0.1102912536,0.4856534751,0.106892465,0.2261720439,0.01685682349,0.04927488366,0.00485905518
0.1679132936,0.5679828996,0.2042004939,0.0381624628,0.007044233237,0.008816826345,0.005879790555
0.1775059531,0.3110922512,0.143782985,0.2568151801,0.04038971016,0.05528053078,0.01513338963
0.1682085993,0.625174034,0.03107699164,0.1445821422,0.01169454215,0.01166445675,0.007599233915
0.2070280008,0.5742431965,0.06511256767,0.07978975234,0.02978123362,0.03094140353,0.01310384554
0.1157874237,0.2968713177,0.1726350798,0.3753851218,0.02169456024,0.01404514176,0.003581355068
0.1436376345,0.7045392519,0.01892572909,0.06003664586,0.008512736112,0.05427620841,0.01007179408
0.1316518767,0.4235116699,0.0851474566,0.3150954351,0.003515419836,0.02386148807,0.01721665376
0.1176692091,0.4932653032,0.1471215347,0.1393405965,0.01521831957,0.07350431595,0.01388072099
0.1816367542,0.4146699451,0.1707611904,0.1427240537,0.02977538002,0.05448779067,0.005944885871
0.1586726986,0.5113324577,0.2360054605,0.01680524447,0.01385822495,0.04950068764,0.01382522609
0.1547817561,0.2468416042,0.2561563507,0.2906674831,0.02508135191,0.02492686086,0.001544593143
0.1296058815,0.5100882369,0.09126051064,0.1995683283,0.00539859848,0.04887013487,0.01520830928
0.2171654146,0.5691574055,0.05548002774,0.05523216968,0.03508105946,0.06028932388,0.00759459913
0.130065049,0.6174525104,0.1155889346,0.09243353278,0.01558866554,0.0212064572,0.007664850465
0.2203111681,0.4665510819,0.0666663207,0.1788884032,0.0205112055,0.0321833702,0.01488845042
0.1952345392,0.4185142234,0.2676507646,0.08745807283,0.02152088469,0.004141516704,0.00547999862
0.1376883581,0.4591404305,0.162564374,0.1708090654,0.02328301047,0.02637648487,0.02013827656
0.130217664,0.2547728034,0.1920320578,0.3596961638,0.01394529038,0.04097048282,0.008365537769
0.1950223643,0.5746936493,0.0997613346,0.1084223825,0.00398196531,0.01612260886,0.001995695208
0.1572871611,0.4154527452,0.1356016724,0.2416597726,0.006758615814,0.03289597998,0.01034405288
0.1290568713,0.6230863482,0.04984114535,0.1327643003,0.02407531839,0.03752184353,0.003654172891
0.1369776621,0.4129633668,0.1176548856,0.288754589,0.02967653729,0.004690113427,0.009282845773
0.1324701962,0.532726491,0.1794584409,0.0578443326,0.04155439382,0.05513305573,0.000813089788
0.1808905401,0.4428314469,0.01493319292,0.3227771471,0.01016774827,0.01690652366,0.01149340107
0.1311201828,0.3192047432,0.2251297301,0.281164215,0.01654813289,0.01783149265,0.00900150328
0.1153109904,0.4724673909,0.1331435393,0.1737874153,0.03408070262,0.05491713105,0.01629283048
0.1397348981,0.5287775495,0.05684565853,0.2007558055,0.03743935607,0.02443972435,0.01200700795
0.1551035534,0.4227039549,0.09374136993,0.3175255204,0.002185874192,0.002756908918,0.005982818189
0.1791972434,0.5262336388,0.2180983817,0.02647705541,0.01110744934,0.01997789458,0.01890833676
0.1132284513,0.5201626339,0.009120171377,0.2807482355,0.02057862689,0.04732611001,0.008835770933
0.118609337,0.4293886602,0.2504978602,0.1596730644,0.03409253791,0.007028486353,0.000710053917
0.2044886738,0.3909446143,0.1002442356,0.2147214493,0.01810685769,0.05930739345,0.01218677584
0.1016811688,0.1270785219,0.2852461908,0.4001232678,0.004956427543,0.06811083126,0.01280359183
0.1902546955,0.6243756749,0.07576431154,0.06878624049,0.02813193426,0.01020026903,0.002486874286
0.2283681092,0.5078175593,0.03869304067,0.1683941241,0.0129512899,0.0271107426,0.01666513431
0.1545583461,0.3112589706,0.1419065598,0.2979919333,0.02584774069,0.06632584018,0.002110609292
0.2352347033,0.4297964081,0.2191333333,0.0591284999,0.02353626232,0.02763005055,0.005540742496
0.09854917095,0.3588854348,0.1031216482,0.3695461765,0.008235946388,0.04273406536,0.01892755776
0.1731780056,0.4904918246,0.005566229224,0.2492351587,0.02945302155,0.04812967413,0.003946086313
0.1355440504,0.3407265962,0.2593471062,0.1661732021,0.04392227874,0.04005477464,0.01423199175
0.1004623863,0.4978542118,0.08285596675,0.2715277868,0.01127006971,0.03503982647,0.0009897521333
0.1952891735,0.6137472662,0.02165824676,0.09150430656,0.01626673407,0.05548146493,0.006052808055
0.2344162772,0.5474953747,0.1078399144,0.02921581161,0.0249762429,0.04634089452,0.009715484671
0.1683232726,0.3941630605,0.2184682365,0.1833639723,0.01279573434,0.00328377577,0.01960194794
0.1003869501,0.4143610568,0.1160311264,0.2583637659,0.03870153646,0.06604373121,0.006111833084
0.1610736836,0.5072431626,0.1697172789,0.10029962,0.03093494539,0.02656983152,0.004161477958
0.157102443,0.6189090967,0.0513857302,0.1089954378,0.0340944905,0.02802719886,0.001485602986
0.2398655267,0.6014710124,0.0764486761,0.04610949427,0.006272089236,0.0151799399,0.01465326139
0.1131325909,0.3215208673,0.1934525654,0.327316536,0.003362221959,0.03321470011,0.00800051829
0.1579518774,0.7307127502,0.006637855661,0.02346816965,0.02616873078,0.03662043783,0.01844017839
0.1252120442,0.430624282,0.0644788793,0.3404536108,0.02041728921,0.00583142294,0.01298247157
0.2296074357,0.4601168058,0.03067266967,0.2378664184,0.01860052907,0.01499814073,0.008138000663
0.2303926152,0.5146551753,0.1563228726,0.006940589964,0.02436453471,0.05562070877,0.0117035034
0.1183751295,0.508644863,0.04287775961,0.3026292418,0.009171036354,0.01394943173,0.004352538078
0.11067555,0.3643131936,0.2986672719,0.1498536098,0.02057928409,0.0493562494,0.006554841205
0.1663577529,0.6005631909,0.1135083851,0.05930452369,0.004724350192,0.04769630293,0.007845494261
0.1871307639,0.5477055688,0.007941163336,0.1511982626,0.0340306441,0.05995093643,0.01204266091
0.1191544706,0.5719567682,0.1016137679,0.1578499013,0.01576230379,0.02247139616,0.01119139209
0.1699049575,0.5288516342,0.02299040183,0.1993958934,0.009869869622,0.05293209287,0.0160551506
0.1286865319,0.528095314,0.2455152571,0.0384233056,0.002448896497,0.04165894329,0.01517175156
0.1433662985,0.348157479,0.1209018166,0.3222957634,0.02952085214,0.03457094315,0.00118684723
0.1404658337,0.3424635347,0.1731821263,0.2327439122,0.02529713046,0.07026539115,0.01558207148
0.1853505698,0.3012393824,0.2374746887,0.2023330589,0.03237983744,0.02863221635,0.01259024647
0.1287334041,0.6202267399,0.1480177271,0.06948528818,0.01188567996,0.01537867245,0.006272488308
0.1454636477,0.3856521927,0.04601036281,0.3208693856,0.03647408427,0.04917778819,0.01635253864
0.1477741189,0.4345555225,0.235102975,0.0969608135,0.03495969935,0.03961657563,0.01103029512
0.1133514051,0.397492931,0.2085561593,0.1902594385,0.009734753251,0.06515330646,0.0154520063
0.1955513266,0.6533223748,0.03305463998,0.0361794466,0.01371896754,0.05810281879,0.01007042576
0.2413299886,0.5188483054,0.06193908647,0.102932451,0.02680967188,0.04214673505,0.005993761613
0.1396601142,0.6171836801,0.07209332003,0.07818023355,0.03763637011,0.05322104352,0.002025238507
0.1107543182,0.3797676781,0.1648631466,0.2791337964,0.02621000948,0.03089758707,0.008373464152
0.2513825033,0.4523242804,0.1843314282,0.02764843816,0.02228581863,0.04356884103,0.01845869034
0.1307163868,0.4878620813,0.01289205945,0.3114921976,0.0299907693,0.02223030328,0.004816202222
0.1727618401,0.4819192546,0.1084998368,0.2138615606,0.007989674558,0.003537829325,0.01143000394
0.1029402289,0.5065858871,0.06155816674,0.2375093559,0.0273147457,0.05125715964,0.01283445608
0.2182203291,0.3502335514,0.07768620201,0.2784451391,0.01186447501,0.05554964362,0.008000659837
0.1877503338,0.2437078643,0.2065519194,0.2899730169,0.005650409019,0.05978268715,0.006583769429
0.1482764458,0.4793154527,0.1283532218,0.1900754284,0.02426127963,0.009085495302,0.02063267643
0.1374397483,0.311601247,0.1356647131,0.3463182114,0.008703100281,0.05170064183,0.008572338108
0.1590003312,0.668171489,0.0495778618,0.06777215403,0.02184836536,0.01840648299,0.01522331564
0.2043927025,0.5260892725,0.01719187036,0.1996132204,0.01393193412,0.03367628921,0.005104710881
0.1257824318,0.3481405786,0.2909033049,0.1323075061,0.01957434013,0.06367438818,0.01961745025
0.1165290586,0.547729848,0.06956014717,0.2050471368,0.03431648246,0.0169877726,0.009829554391
0.1427326764,0.3082475249,0.2376942309,0.2327635617,0.04126026016,0.03522682059,0.00207492534
0.1329038552,0.5809207504,0.1116525075,0.1107338153,0.01115040451,0.03734624618,0.01529242088
0.2059243753,0.4061257339,0.1456211007,0.1437989073,0.0344983997,0.05925712135,0.004774361769
0.1425502594,0.5074282781,0.04597136451,0.2630553973,0.01542607992,0.007460986996,0.01810763384
0.1292924131,0.3870808429,0.07121850731,0.3642492078,0.02401473608,0.01942760062,0.004716692177
0.09499117465,0.4630640322,0.02730601256,0.3443509793,0.004454563126,0.06513884839,0.0006943897782
0.19539632,0.3286770014,0.1117576685,0.2699998422,0.03597520362,0.04270188984,0.01549207442
0.1149859823,0.1689179649,0.2679541243,0.353055385,0.02459669971,0.04813643323,0.0223534105
0.2106732326,0.6450317529,0.09008605166,0.0101179465,0.01053333701,0.02735221411,0.006205465154
0.1031327807,0.4162958827,0.1446664753,0.2557610457,0.01857551495,0.05765814462,0.003910155887
0.2220382966,0.5539720313,0.05656757718,0.1150973178,0.0312768224,0.01198845011,0.009059504654
0.1865547051,0.4454636296,0.2515492214,0.04529168937,0.04196768066,0.0224550608,0.006718013052
0.09784285868,0.3993330688,0.08554087122,0.3354685313,0.0134961929,0.05048612648,0.01783235067
0.1749438784,0.537366162,0.1348778038,0.1274014257,0.004501549145,0.007879150192,0.01303003079
0.1429457032,0.2429357304,0.1579456201,0.3684416626,0.0312121847,0.05476328878,0.001755810311
0.1783763409,0.6722444381,0.01965885883,0.08603762999,0.01895871785,0.01091125152,0.01381276277
0.1773014224,0.4804037718,0.1112737425,0.167251532,0.02253961507,0.03328254117,0.007947374997
0.126955045,0.3668690374,0.1531641007,0.2869309188,0.03094160335,0.01550356341,0.01963573134
0.1521432141,0.4969108903,0.09644834996,0.2253638982,0.006860459131,0.0217262148,0.0005469735453
0.1270544463,0.5413118282,0.205447654,0.01956455625,0.01800251374,0.07790756301,0.0107114385
0.2159426605,0.4768154302,0.004398872854,0.2548859294,0.03231249028,0.00163747384,0.014007143
0.1853928938,0.3820802352,0.1970896334,0.1860907245,0.006008246863,0.0386186407,0.004719625582
0.1204511244,0.5383856732,0.01032161646,0.2687067807,0.02200500034,0.02918240146,0.01094740345
0.1234682104,0.4316673234,0.2532349786,0.06019931937,0.04012021137,0.06994660879,0.0213633481
0.1468492412,0.5371311863,0.07706480118,0.1304755813,0.02867712936,0.0639907816,0.01581127915
0.2349439641,0.6690556447,0.03633485973,0.0,0.01260099071,0.04503892396,0.002025616831
0.132893072,0.6605911379,0.1379270704,0.02698033361,0.03550388838,0.002525571403,0.003578926306
0.1214552814,0.3835998545,0.05352393892,0.360027913,0.03543497501,0.03757390343,0.008384133821
0.1782637002,0.4191100928,0.08867990555,0.2486217303,0.002920883001,0.05031815526,0.01208553286
0.2021415664,0.4785726991,0.1859457909,0.08432093567,0.03687473308,0.01056993308,0.001574341825
0.1216564552,0.3875719223,0.2491722249,0.1805097652,0.007335857807,0.03596546698,0.01778830766
0.1047163473,0.162875887,0.2637840987,0.3659925247,0.04100114395,0.05531423646,0.006315761937
0.1687533774,0.6709580857,0.07446719751,0.03758330131,0.01168247491,0.01813629862,0.01841926454
0.2389233974,0.6052714999,0.02954963776,0.08810195984,0.02909480157,0.005479555165,0.00357914845
0.1146880588,0.3292541549,0.2175528564,0.2723003865,0.02344716567,0.02772516476,0.01503221304
0.143279396,0.497581688,0.0500675045,0.2830112647,0.003986260449,0.01527437741,0.006799508999
0.1727702764,0.3511937479,0.07817647651,0.3263311554,0.03487723992,0.02681779761,0.009833306199
0.1516743133,0.3333689933,0.2751978231,0.1569284161,0.003124183417,0.07049664973,0.009209621119
0.1182239442,0.5049366471,0.09277253972,0.2349949426,0.0258958835,0.006927419242,0.0162486236
0.1714868943,0.5599088531,0.1431654702,0.02015327956,0.0402563494,0.05030769782,0.01472145556
0.173491762,0.3270789515,0.1706027852,0.2811525724,0.008230731007,0.03453040157,0.004912796355
0.1596614455,0.5720967689,0.02889968219,0.1747527981,0.02001710565,0.03401124863,0.01056095099
0.1866104306,0.5395329161,0.1228167528,0.06870904687,0.02074668481,0.05647880549,0.005105363383
0.1364157967,0.6509103311,0.04513896466,0.09228041039,0.04000723414,0.02609217042,0.009155092582
0.1177467012,0.3632134144,0.103619937,0.3114617406,0.03371705872,0.06671245347,0.00352869458
0.1188623193,0.4842669689,0.2107782534,0.1279363651,0.02519667801,0.02573742904,0.007221986141
0.2195971127,0.525630681,0.01327507707,0.1786821982,0.005119229467,0.04019148478,0.01750421676
0.1124851128,0.3410449081,0.1925525515,0.2550387382,0.04185943641,0.03804199374,0.01897725933
0.1096230276,0.42421347,0.03550932007,0.3475731802,0.02197985826,0.04627580162,0.01482534226
0.1647811703,0.442769823,0.05947938985,0.2588998193,0.01595921936,0.05653232402,0.001578254073
0.1473435508,0.4383951835,0.1710984698,0.1659130255,0.01493591577,0.05050637809,0.01180747642
0.1221880375,0.5567559252,0.02090491654,0.2417516818,0.03468707113,0.02134181054,0.002370557294
0.1282272614,0.4532382033,0.2221918078,0.08376712796,0.02891129397,0.07528751806,0.008376787489
0.2288575784,0.2659635402,0.2367970323,0.2160828297,0.02123508308,0.01389478994,0.01716914637
0.165862011,0.5587337216,0.0789607154,0.1024940209,0.03214654748,0.052665218,0.009137765655
0.1887421229,0.3936525888,0.1359523287,0.2408913571,0.03137568932,0.004279149847,0.005106763359
0.1243389725,0.545083897,0.05979206454,0.1706279214,0.01765872362,0.06409128167,0.01840713921
0.2168504508,0.384332563,0.1995090336,0.1207273617,0.03852584813,0.03778745946,0.002267283253
0.1261699228,0.4663131637,0.1323726612,0.2129142894,0.01325393367,0.03415927214,0.0148167571
0.1140259317,0.5366014425,0.2081317033,0.04743874314,0.005251342285,0.06973767631,0.01881316069
0.1707450639,0.4718791453,0.02278994292,0.2936677604,0.02605579348,0.008013237002,0.00684905699
0.1668432927,0.4308351828,0.2969806915,0.01829514976,0.02974574938,0.03407639433,0.02322353952
0.1285740388,0.5004349954,0.1716184616,0.1610212987,0.01646886868,0.01820951317,0.003672823602
0.1532301508,0.1946285788,0.1898516748,0.3526210079,0.03051730042,0.06649809643,0.01265319083
0.1942905354,0.4398591517,0.1039254867,0.1830558105,0.03922343055,0.02344633541,0.0161992497
0.1374032796,0.5812015888,0.06799780202,0.1765100218,0.004311615764,0.02851768901,0.004058002976
0.2540617488,0.4100563351,0.1734095037,0.119568947,0.02435053335,0.003680655324,0.0148722767
0.1413497211,0.5538026734,0.003821469891,0.2232115708,0.008829130848,0.06132169187,0.007663742105
0.1139344494,0.5608444051,0.2615324287,0.01068982254,0.02170503618,0.02928668562,0.002007172488
0.1447487356,0.3774436483,0.09423981295,0.296370988,0.03095244388,0.04219660116,0.01404777012
0.1939262804,0.5438272381,0.1252952811,0.0320458726,0.0409930815,0.06121302357,0.002699222711
0.1015073426,0.4798354971,0.05596527214,0.3355138893,0.01091716624,0.005160372659,0.01110045995
0.1673737243,0.186841824,0.1947264513,0.375727915,0.03505115426,0.03091681986,0.009362111169
0.1642457511,0.5607845431,0.1168889898,0.08317047591,0.01740244178,0.04027835917,0.01722943915
0.1307606302,0.2787393101,0.1829224806,0.3450592399,0.01846650782,0.02472874169,0.01932308971
0.1583916834,0.6870578065,0.02511102139,0.04471490959,0.03505146724,0.04439074348,0.005282368395
0.1836260492,0.3568369449,0.2615604975,0.1074104389,0.01430856933,0.06099744384,0.01526005625
0.1093935869,0.3855822838,0.09065883896,0.3606438347,0.03875653087,0.01263317401,0.002331750783
0.1062033225,0.4783007322,0.1547192985,0.1773171073,0.02949691396,0.04574333693,0.008219288558
0.1399839344,0.3681528717,0.246751697,0.2145104712,0.009107726214,0.01376021467,0.007733084868
0.1284609104,0.4898549868,0.2141565882,0.08167169653,0.03642771941,0.03759440968,0.01183368901
0.1928357259,0.5835844471,0.03804978711,0.1295232385,0.02584987249,0.01863792164,0.01151900727
0.2529169434,0.6242080483,0.07108739686,0.02066332056,0.01567867396,0.007256901285,0.008188715557
0.1964963998,0.4746451453,0.1551757418,0.1109828314,0.02101581178,0.02657691344,0.01510715652
0.1361677564,0.560395807,0.0318786784,0.2005634957,0.0305148602,0.03927516382,0.001204238452
0.1514356592,0.4704703367,0.2893398962,0.03503130894,0.02533533309,0.01799329245,0.01039417352
0.1401423114,0.2421952787,0.2261145166,0.282552176,0.01544927297,0.07402898205,0.01951746224
0.1437416157,0.5466794905,0.1039631336,0.1601119226,0.03805973786,0.001699757494,0.0057443423
0.2394054055,0.6553699343,0.002772849342,0.06864451941,0.003773962777,0.01950913455,0.01052419408
0.1342164262,0.6193700447,0.08912775735,0.05526862265,0.02457755045,0.06334676256,0.01409283613
0.1050895419,0.3792351354,0.1411953982,0.2999885165,0.03541944253,0.02194815588,0.01712380962
0.143121929,0.4725763234,0.01709140776,0.2911917643,0.02725304761,0.03100689842,0.0177586295
0.1946768558,0.4351201823,0.1147616554,0.2291545786,0.0122763287,0.0111657568,0.002844642374
0.2041259769,0.4137933254,0.217682081,0.06704483676,0.03381581544,0.0469431184,0.01659484604
0.1169122878,0.4053375521,0.1859283595,0.2070959028,0.01127674203,0.07115940535,0.002289750281
0.1853296228,0.3408717172,0.1323414635,0.2904316806,0.02551294916,0.01451181388,0.01100075284
0.1860109709,0.6750629096,0.06254396907,0.01226408605,0.007612829832,0.05178158118,0.004723653382
0.1791509937,0.5041066674,0.08734661883,0.1387936803,0.03418722681,0.03868191264,0.01773290031
0.1378278123,0.3478549441,0.1962501463,0.2072639396,0.03782198161,0.06348671092,0.009494465245
0.1392249029,0.6884001292,0.01296090809,0.1193465221,0.01312444551,0.009964291383,0.01697880075
0.2181232895,0.2915800344,0.262183964,0.1714569923,0.03443209616,0.01856250239,0.003661121252
0.1481237054,0.4640346465,0.07333650262,0.2384522819,0.01781733987,0.04838603817,0.00984948555
0.1325977101,0.5507853686,0.1748943278,0.101436941,0.01123571642,0.006534218958,0.02251571714
0.1644029759,0.3805379746,0.04069193719,0.3309722507,0.0210635702,0.05664024201,0.005691049374
